dataset,seed,model,severity,n_test,n_errors,accuracy,confidence_all,confidence_correct,confidence_error,margin_all,margin_correct,margin_error,high_confidence_error_rate,vote_agreement,vote_agreement_error,vote_entropy,vote_entropy_error,disagreement_confidence_correlation
Breast Cancer,0,Logistic Regression,0.0,114,6,0.9473684210526315,0.9610434954103311,0.9783161509886438,0.6501356950007058,7.579714025166788,7.961310134339668,0.7109840600549422,0.0,,,,,
Breast Cancer,0,Logistic Regression,0.25,114,6,0.9473684210526315,0.9560738707279108,0.967846558507093,0.7441654907026288,7.451642364356228,7.8004883591028555,1.1724144589169303,0.0,,,,,
Breast Cancer,0,Logistic Regression,0.5,114,6,0.9473684210526315,0.956249990712193,0.9671187212516347,0.7606128410022452,7.641013210328398,7.975590176731287,1.6186278150764004,0.3333333333333333,,,,,
Breast Cancer,0,Logistic Regression,1.0,114,10,0.9122807017543859,0.95525043680914,0.9693636725788,0.8084727848046785,8.049259614830529,8.619879571001071,2.114812070656891,0.4,,,,,
Breast Cancer,0,Logistic Regression,1.5,114,18,0.8421052631578947,0.9272803493244054,0.9529298255168609,0.7904831429646422,8.193321804680217,9.266570201549875,2.4693303547087053,0.3888888888888889,,,,,
Breast Cancer,0,Logistic Regression,2.0,114,19,0.8333333333333334,0.955293126208673,0.9626640935838762,0.9184382893326581,9.014612861637449,9.73097615324159,5.432796403616732,0.8421052631578947,,,,,
Breast Cancer,0,Random Forest,0.0,114,5,0.956140350877193,0.9364357978279032,0.9495013543031892,0.6516066666666667,0.8728715956558063,0.8990027086063784,0.30321333333333345,0.2,0.9352631578947369,0.6752,0.2203168129578697,0.8444195467842824,-0.9916912529314718
Breast Cancer,0,Random Forest,0.25,114,9,0.9210526315789473,0.9015835004177111,0.9276679365079366,0.5972650793650793,0.8031670008354219,0.8553358730158731,0.19453015873015878,0.0,0.8995789473684211,0.6177777777777778,0.3422361145475201,0.9515522375764921,-0.9864296197497021
Breast Cancer,0,Random Forest,0.5,114,10,0.9122807017543859,0.8489643692564746,0.8704921245421245,0.6250757142857144,0.6979287385129491,0.7409842490842491,0.2501514285714285,0.0,0.8430175438596492,0.6492,0.508916704039934,0.9025408640307411,-0.9796304924109226
Breast Cancer,0,Random Forest,1.0,114,17,0.8508771929824561,0.7586566833751044,0.7872417771232204,0.5955535014005602,0.5173133667502089,0.5744835542464408,0.19110700280112045,0.0,0.7590175438596491,0.6409411764705881,0.726647071507033,0.9173670557183963,-0.9411069753307557
Breast Cancer,0,Random Forest,1.5,114,19,0.8333333333333334,0.6847874686716793,0.7046464160401003,0.585492731829574,0.3695749373433584,0.40929283208020045,0.17098546365914788,0.0,0.688561403508772,0.6296842105263158,0.8301163722587994,0.9354469711992279,-0.9349637588242671
Breast Cancer,0,Random Forest,2.0,114,33,0.7105263157894737,0.6694323308270674,0.7033155202821868,0.5862645021645022,0.3388646616541354,0.40663104056437394,0.17252900432900434,0.0,0.6756140350877193,0.6214545454545455,0.8612856083507229,0.9347878888968976,-0.89086762675575
Breast Cancer,0,Gradient Boosting,0.0,114,5,0.956140350877193,0.9726826939861888,0.9836461669263762,0.7336789838900977,6.043037606818547,6.2659403579731645,1.1837576316479257,0.2,,,,,
Breast Cancer,0,Gradient Boosting,0.25,114,7,0.9385964912280702,0.9638531998616414,0.9779644438757643,0.7481527556457633,5.478963371102785,5.757840390601994,1.216128930186311,0.14285714285714285,,,,,
Breast Cancer,0,Gradient Boosting,0.5,114,9,0.9210526315789473,0.9375663488093722,0.9512465356666251,0.7779641688080883,4.676407641655654,4.921291788938891,1.819425923351216,0.3333333333333333,,,,,
Breast Cancer,0,Gradient Boosting,1.0,114,13,0.8859649122807017,0.9182528813202697,0.933894419023614,0.7967301653173633,3.7260032428031544,3.960511363457547,1.9040555361805704,0.38461538461538464,,,,,
Breast Cancer,0,Gradient Boosting,1.5,114,33,0.7105263157894737,0.8801133781096494,0.921917786414713,0.7775025577244931,2.9743085862635854,3.5419170499728163,1.5810878117045635,0.2727272727272727,,,,,
Breast Cancer,0,Gradient Boosting,2.0,114,35,0.6929824561403509,0.8518767771192003,0.8940277366791979,0.7567360398266338,2.6331485000808765,3.125063487562229,1.5228260997658245,0.2571428571428571,,,,,
Breast Cancer,1,Logistic Regression,0.0,114,4,0.9649122807017544,0.9652161855218171,0.9725949148772292,0.7623011282479892,7.511147035865061,7.7246637035453105,1.6394386746582146,0.5,,,,,
Breast Cancer,1,Logistic Regression,0.25,114,4,0.9649122807017544,0.9701116993130137,0.9759202949473993,0.8103753193674081,7.576239982471936,7.786824310363481,1.785170965454451,0.5,,,,,
Breast Cancer,1,Logistic Regression,0.5,114,7,0.9385964912280702,0.9719510762448824,0.9853533303177782,0.7670880497020451,7.787674985404603,8.19791587213345,1.5168500025493807,0.2857142857142857,,,,,
Breast Cancer,1,Logistic Regression,1.0,114,5,0.956140350877193,0.9478972594042903,0.9535766489325485,0.8240865676882603,7.558827819379305,7.805532557139288,2.180664536211679,0.4,,,,,
Breast Cancer,1,Logistic Regression,1.5,114,16,0.8596491228070176,0.9620559763819512,0.9656555961776269,0.940008305133438,8.60763903252515,9.33310047185873,4.164187716606971,0.75,,,,,
Breast Cancer,1,Logistic Regression,2.0,114,24,0.7894736842105263,0.9631204843504365,0.9663101478124694,0.9511592463678135,9.100049566349444,9.9596694589226,5.876474969200125,0.875,,,,,
Breast Cancer,1,Random Forest,0.0,114,4,0.9649122807017544,0.9338913951545531,0.9405226839826841,0.7515309523809524,0.8677827903091061,0.8810453679653679,0.5030619047619047,0.25,0.9325964912280702,0.7669999999999999,0.24265996875661264,0.6789189057827404,-0.9896543277018792
Breast Cancer,1,Random Forest,0.25,114,6,0.9473684210526315,0.9137949874686717,0.9272997354497353,0.6707095238095239,0.8275899749373434,0.854599470899471,0.34141904761904773,0.0,0.9134035087719297,0.7046666666666667,0.32939982593257733,0.8406477436314123,-0.9853611268187835
Breast Cancer,1,Random Forest,0.5,114,9,0.9210526315789473,0.8420224171539963,0.8587193046107333,0.6472253968253968,0.6840448343079921,0.7174386092214664,0.29445079365079363,0.0,0.8359298245614037,0.664,0.5525700019823806,0.8839416309724457,-0.9758710826962984
Breast Cancer,1,Random Forest,1.0,114,11,0.9035087719298246,0.7327152882205514,0.747619325011558,0.5931593073593073,0.46543057644110275,0.4952386500231161,0.1863186147186147,0.0,0.7243157894736841,0.6156363636363635,0.7701996576341074,0.9415253925757948,-0.9580522993203073
Breast Cancer,1,Random Forest,1.5,114,26,0.7719298245614035,0.6711452520189363,0.6899867965367966,0.6073738705738706,0.3422905040378725,0.37997359307359313,0.21474774114774114,0.0,0.6764210526315789,0.6480000000000001,0.8589668362667365,0.9095910413174397,-0.9169022762125955
Breast Cancer,1,Random Forest,2.0,114,39,0.6578947368421053,0.6519307156780842,0.6801578835978837,0.5976477004477004,0.30386143135616817,0.3603157671957672,0.19529540089540087,0.0,0.6696842105263159,0.6461538461538461,0.8792248446747427,0.9242329251858373,-0.8862795822325756
Breast Cancer,1,Gradient Boosting,0.0,114,3,0.9736842105263158,0.9734447351058839,0.9777351847316532,0.8146980989524132,5.855506042348428,5.949901173755281,2.362886180294893,0.3333333333333333,,,,,
Breast Cancer,1,Gradient Boosting,0.25,114,3,0.9736842105263158,0.9690056963064305,0.9758592454876562,0.7154243766010868,5.445270759487406,5.561642064185609,1.1395324856538775,0.3333333333333333,,,,,
Breast Cancer,1,Gradient Boosting,0.5,114,7,0.9385964912280702,0.9583850293293373,0.9674618880082724,0.8196387609513307,4.6278277229351135,4.798975778243057,2.011707448942254,0.5714285714285714,,,,,
Breast Cancer,1,Gradient Boosting,1.0,114,16,0.8596491228070176,0.8981881210115635,0.934805947250049,0.6739039353008407,3.372325311648952,3.7816890885018766,0.8649721784247879,0.125,,,,,
Breast Cancer,1,Gradient Boosting,1.5,114,23,0.7982456140350878,0.8433205586977761,0.8671667433719316,0.7489726106391611,2.3776847092925166,2.6489281185937923,1.3045042637961641,0.21739130434782608,,,,,
Breast Cancer,1,Gradient Boosting,2.0,114,37,0.6754385964912281,0.8321240143084875,0.8675370715775161,0.7584265708026716,2.0887807176774422,2.44215859274162,1.3533727074087487,0.24324324324324326,,,,,
Breast Cancer,2,Logistic Regression,0.0,114,4,0.9649122807017544,0.97778810627655,0.9839070421974687,0.8095173684512805,8.391331949833422,8.631003124749173,1.8003746396502338,0.5,,,,,
Breast Cancer,2,Logistic Regression,0.25,114,5,0.956140350877193,0.9750040016797445,0.9847712249983098,0.7620785333350204,8.40718737164331,8.729360086267533,1.3838221928352656,0.2,,,,,
Breast Cancer,2,Logistic Regression,0.5,114,5,0.956140350877193,0.9667830864251001,0.9742244329696249,0.8045617317544626,8.723441091378609,9.043464300068381,1.7469351419415724,0.2,,,,,
Breast Cancer,2,Logistic Regression,1.0,114,6,0.9473684210526315,0.9695492589165423,0.9738523633612668,0.8920933789115012,8.246745536170016,8.499479463623326,3.697534842010414,0.5,,,,,
Breast Cancer,2,Logistic Regression,1.5,114,13,0.8859649122807017,0.9371816026045244,0.9633779699059776,0.733655979724005,8.456970494964096,9.395570790071384,1.1647682022074815,0.07692307692307693,,,,,
Breast Cancer,2,Logistic Regression,2.0,114,22,0.8070175438596491,0.9811966357818523,0.9812172605183079,0.9811103868839474,10.840314652189926,12.069235386499885,5.7011915814391765,0.9545454545454546,,,,,
Breast Cancer,2,Random Forest,0.0,114,3,0.9736842105263158,0.9388131161236423,0.9451169026169024,0.7055730158730159,0.877626232247285,0.8902338052338051,0.4111460317460318,0.0,0.9366666666666665,0.6826666666666666,0.23318038324737522,0.8300139395010913,-0.9898761491543311
Breast Cancer,2,Random Forest,0.25,114,6,0.9473684210526315,0.9052852548036758,0.9222650352733686,0.5996492063492064,0.8105705096073514,0.844530070546737,0.19929841269841267,0.0,0.9014035087719299,0.588,0.3432616547261014,0.9543030898884853,-0.9847525995440051
Breast Cancer,2,Random Forest,0.5,114,4,0.9649122807017544,0.8486248120300752,0.8557300865800866,0.653229761904762,0.6972496240601505,0.7114601731601733,0.3064595238095238,0.0,0.8410877192982457,0.609,0.5161681571205233,0.9198165130933601,-0.9826084803625427
Breast Cancer,2,Random Forest,1.0,114,10,0.9122807017543859,0.7480190476190477,0.7608429487179488,0.6146504761904762,0.4960380952380952,0.5216858974358975,0.22930095238095233,0.0,0.739263157894737,0.6176,0.7500259017663187,0.9382935644725248,-0.9667310646520204
Breast Cancer,2,Random Forest,1.5,114,20,0.8245614035087719,0.673613575605681,0.6945151975683891,0.5753759523809523,0.3472271512113617,0.3890303951367782,0.15075190476190475,0.0,0.6784912280701753,0.6164,0.8447077068444739,0.9464890332435651,-0.9467116144570769
Breast Cancer,2,Random Forest,2.0,114,32,0.7192982456140351,0.663154887218045,0.6889681765389083,0.5970083333333334,0.3263097744360903,0.3779363530778165,0.19401666666666664,0.0,0.6704912280701755,0.627875,0.8638195047516636,0.930788313993904,-0.9361381417704259
Breast Cancer,2,Gradient Boosting,0.0,114,4,0.9649122807017544,0.9805447003751042,0.9851179185416933,0.8547812007939077,6.214423104466948,6.347530418183322,2.5539719772666833,0.5,,,,,
Breast Cancer,2,Gradient Boosting,0.25,114,7,0.9385964912280702,0.9738331672563325,0.9849546355523868,0.8038335804452175,5.782214611239708,6.043625545158495,1.7863617641954175,0.2857142857142857,,,,,
Breast Cancer,2,Gradient Boosting,0.5,114,7,0.9385964912280702,0.958722572235533,0.9702609587223331,0.7823500930801622,5.030209394760753,5.224126139855678,2.066053434024032,0.42857142857142855,,,,,
Breast Cancer,2,Gradient Boosting,1.0,114,15,0.868421052631579,0.9066185124178764,0.9220719382771125,0.8046259017469181,3.543531370452508,3.7921768917607386,1.9024709298181786,0.3333333333333333,,,,,
Breast Cancer,2,Gradient Boosting,1.5,114,25,0.7807017543859649,0.8744914918193663,0.8991759261512067,0.7866149055980144,2.9078146471552158,3.283670566030856,1.5697675759579348,0.32,,,,,
Breast Cancer,2,Gradient Boosting,2.0,114,27,0.7631578947368421,0.8512429177475487,0.877898846482201,0.7653515918247803,2.6588438418419718,2.9395311846931276,1.7544068482104678,0.3333333333333333,,,,,
Breast Cancer,3,Logistic Regression,0.0,114,2,0.9824561403508771,0.9708425767066908,0.9753027752103263,0.721071460503103,7.755136041991178,7.8719893820900495,1.2113489964542952,0.5,,,,,
Breast Cancer,3,Logistic Regression,0.25,114,3,0.9736842105263158,0.9681156294049095,0.9736634337366803,0.7628468691293877,7.762830144398165,7.933789445468751,1.4373360047865311,0.3333333333333333,,,,,
Breast Cancer,3,Logistic Regression,0.5,114,4,0.9649122807017544,0.9684827056758214,0.9733767617568438,0.8338961634476998,7.733387608153009,7.95186778068552,1.7251828635089403,0.25,,,,,
Breast Cancer,3,Logistic Regression,1.0,114,7,0.9385964912280702,0.9715111517496029,0.9765380735556367,0.8946710612859439,8.61490141993803,8.98582285133997,2.945102397079824,0.7142857142857143,,,,,
Breast Cancer,3,Logistic Regression,1.5,114,13,0.8859649122807017,0.9618167714768361,0.9828700818526391,0.7982487447109812,8.669821142417284,9.404991571281615,2.958112425855954,0.38461538461538464,,,,,
Breast Cancer,3,Logistic Regression,2.0,114,23,0.7982456140350878,0.9591112670863118,0.9726479549195544,0.9055530673982656,9.27207266524584,10.674563269546391,3.7230881004045244,0.782608695652174,,,,,
Breast Cancer,3,Random Forest,0.0,114,4,0.9649122807017544,0.9436765246449457,0.9495956709956709,0.7808999999999999,0.8873530492898914,0.899191341991342,0.5618,0.25,0.9411578947368421,0.772,0.22456269059848494,0.7123715723348891,-0.9872727410578137
Breast Cancer,3,Random Forest,0.25,114,4,0.9649122807017544,0.91810291005291,0.9226874314574316,0.7920285714285715,0.83620582010582,0.8453748629148629,0.5840571428571429,0.25,0.9126315789473683,0.784,0.32786497298573464,0.6839528138311268,-0.9855616027920994
Breast Cancer,3,Random Forest,0.5,114,7,0.9385964912280702,0.8535040239487607,0.8692029817534492,0.6135342403628119,0.7070080478975215,0.7384059635068981,0.22706848072562355,0.0,0.8470526315789474,0.6325714285714286,0.5146605664781861,0.927012239971521,-0.9786499806627139
Breast Cancer,3,Random Forest,1.0,114,12,0.8947368421052632,0.7470362851573379,0.7626732181761594,0.6141223544973545,0.49407257031467555,0.5253464363523187,0.22824470899470903,0.0,0.7458596491228069,0.6639999999999999,0.7208170124027977,0.8963057206934759,-0.9620904755248249
Breast Cancer,3,Random Forest,1.5,114,25,0.7807017543859649,0.6943159844054582,0.7192126627429999,0.6056838095238095,0.38863196881091616,0.43842532548599966,0.211367619047619,0.0,0.6984912280701754,0.6454400000000001,0.8160586563098979,0.9235340250223382,-0.9452299667002786
Breast Cancer,3,Random Forest,2.0,114,36,0.6842105263157895,0.6556909635199109,0.6800121693121692,0.6029950176366844,0.3113819270398218,0.3600243386243386,0.20599003527336865,0.0,0.6716140350877193,0.6461111111111111,0.8567822884217563,0.9172405120045214,-0.9319625188803454
Breast Cancer,3,Gradient Boosting,0.0,114,4,0.9649122807017544,0.9861459200986907,0.9876340644651179,0.9452219500219474,6.141776583945381,6.251603840578121,3.1215270265450443,1.0,,,,,
Breast Cancer,3,Gradient Boosting,0.25,114,3,0.9736842105263158,0.9799787872899791,0.9801750139040719,0.9727184025685491,5.757705275244055,5.81541678413236,3.6223794463767707,1.0,,,,,
Breast Cancer,3,Gradient Boosting,0.5,114,7,0.9385964912280702,0.9500122524415261,0.9627606693563353,0.755143593886588,4.857886903294163,5.086998722730453,1.355749091910868,0.2857142857142857,,,,,
Breast Cancer,3,Gradient Boosting,1.0,114,15,0.868421052631579,0.9086118093906291,0.9232844900185636,0.8117721172462623,3.7816707411352533,4.092550775720669,1.7298625128715066,0.26666666666666666,,,,,
Breast Cancer,3,Gradient Boosting,1.5,114,31,0.7280701754385965,0.876886730097348,0.9050661738630497,0.8014385419504694,3.0234970035016153,3.467159958711533,1.8356252201976428,0.3548387096774194,,,,,
Breast Cancer,3,Gradient Boosting,2.0,114,42,0.631578947368421,0.8683866685881833,0.899146990607464,0.8156546879837023,2.7472408899304703,3.17878377307224,2.0074530902588656,0.4523809523809524,,,,,
Breast Cancer,4,Logistic Regression,0.0,114,3,0.9736842105263158,0.9816401188186931,0.9849421290873631,0.8594657388779051,9.016710635714848,9.200658970265183,2.210622257352486,0.6666666666666666,,,,,
Breast Cancer,4,Logistic Regression,0.25,114,3,0.9736842105263158,0.9810795078684847,0.9857564830899532,0.8080314246741489,9.128363248390068,9.327745274739733,1.7512282734524147,0.3333333333333333,,,,,
Breast Cancer,4,Logistic Regression,0.5,114,4,0.9649122807017544,0.9742289988899271,0.9812916196472596,0.7800069280632812,9.064319609812351,9.317528287839894,2.101080964054909,0.5,,,,,
Breast Cancer,4,Logistic Regression,1.0,114,7,0.9385964912280702,0.9665948952214681,0.9783327480383146,0.7871734307353898,9.265651691356455,9.744134695868377,1.9516971938170364,0.42857142857142855,,,,,
Breast Cancer,4,Logistic Regression,1.5,114,15,0.868421052631579,0.9569329941002953,0.9685589677165325,0.8802015682331296,9.808494291860951,10.809200392216937,3.2038340295114502,0.6666666666666666,,,,,
Breast Cancer,4,Logistic Regression,2.0,114,20,0.8245614035087719,0.961575464951162,0.9728225148826519,0.9087143302731592,10.635125339186871,11.70429637726704,5.610021460210082,0.75,,,,,
Breast Cancer,4,Random Forest,0.0,114,10,0.9122807017543859,0.9341781954887218,0.9625977106227105,0.6386152380952381,0.8683563909774437,0.9251954212454212,0.27723047619047625,0.1,0.9319649122807018,0.6336,0.22820320819995113,0.8839050238358659,-0.9866229729401214
Breast Cancer,4,Random Forest,0.25,114,6,0.9473684210526315,0.8995798384851018,0.9165216196355085,0.5946277777777776,0.7991596769702033,0.8330432392710171,0.18925555555555543,0.0,0.8958245614035089,0.5846666666666668,0.3435031076544225,0.9698701102845781,-0.9861580303722927
Breast Cancer,4,Random Forest,0.5,114,6,0.9473684210526315,0.8545606655527709,0.8692176366843034,0.5907351851851853,0.7091213311055415,0.7384352733686067,0.18147037037037042,0.0,0.8459999999999999,0.5873333333333334,0.4988060494187401,0.9419685708226423,-0.9808371762955165
Breast Cancer,4,Random Forest,1.0,114,14,0.8771929824561403,0.7316667641325537,0.7523653174603174,0.5838199546485262,0.4633335282651072,0.5047306349206349,0.1676399092970522,0.0,0.7215087719298245,0.5951428571428572,0.7752709696873368,0.9490174019475276,-0.9490910596587039
Breast Cancer,4,Random Forest,1.5,114,20,0.8245614035087719,0.7032146616541354,0.7276572441742652,0.5883345238095238,0.40642932330827064,0.45531448834853094,0.17666904761904761,0.0,0.6997894736842105,0.6244,0.828066091508367,0.9382776424755817,-0.9163323143976407
Breast Cancer,4,Random Forest,2.0,114,21,0.8157894736842105,0.6570508493455862,0.6717116060761221,0.5921246409674983,0.3141016986911724,0.3434232121522444,0.18424928193499623,0.0,0.6609473684210526,0.6371428571428571,0.8788161788402007,0.9217374804779843,-0.903310543892035
Breast Cancer,4,Gradient Boosting,0.0,114,5,0.956140350877193,0.9699423928491248,0.977873497923724,0.7970443022228613,6.205445700420997,6.396314749303917,2.0445004347733535,0.4,,,,,
Breast Cancer,4,Gradient Boosting,0.25,114,6,0.9473684210526315,0.9553225485833168,0.9703469506374149,0.6848833116095464,5.617440892428949,5.871266184363798,1.048585637601651,0.16666666666666666,,,,,
Breast Cancer,4,Gradient Boosting,0.5,114,5,0.956140350877193,0.9512544238219527,0.9576255267341922,0.812364380335134,4.931069613678205,5.058591538326481,2.151091656345831,0.4,,,,,
Breast Cancer,4,Gradient Boosting,1.0,114,14,0.8771929824561403,0.9081698088902973,0.924814090268462,0.7892820847605504,3.4556333594979503,3.7033853578884215,1.6859762281374462,0.2857142857142857,,,,,
Breast Cancer,4,Gradient Boosting,1.5,114,20,0.8245614035087719,0.8956833531845536,0.9256711032928072,0.7547409276757613,3.213281316772309,3.500361278305947,1.8640054975642137,0.3,,,,,
Breast Cancer,4,Gradient Boosting,2.0,114,29,0.7456140350877193,0.8520693553457037,0.870426708650511,0.7982633197971307,2.5519951149145945,2.8022287802758377,1.8185516129937063,0.2413793103448276,,,,,
Breast Cancer,5,Logistic Regression,0.0,114,2,0.9824561403508771,0.9578550945757143,0.9639644462906276,0.6157313985405684,7.169296049562806,7.288874906461069,0.47288006326012294,0.0,,,,,
Breast Cancer,5,Logistic Regression,0.25,114,1,0.9912280701754386,0.9594456856071572,0.9616572165724008,0.7095426865346327,7.2691226687854735,7.3255470814725685,0.8931640351436879,0.0,,,,,
Breast Cancer,5,Logistic Regression,0.5,114,3,0.9736842105263158,0.9573227117485591,0.9656672363330977,0.6485753021206376,7.157411010410288,7.333823433348608,0.6301513616924755,0.0,,,,,
Breast Cancer,5,Logistic Regression,1.0,114,12,0.8947368421052632,0.9466919325791107,0.9574226450311036,0.8554808767371701,7.1594879767132245,7.6925729595334005,2.628265622741728,0.4166666666666667,,,,,
Breast Cancer,5,Logistic Regression,1.5,114,14,0.8771929824561403,0.9559515389730412,0.968870112630038,0.8636760128516346,8.22911839760153,9.02542466404821,2.5412164944109485,0.5,,,,,
Breast Cancer,5,Logistic Regression,2.0,114,24,0.7894736842105263,0.9612903711335367,0.9804859898071814,0.8893068011073687,9.121487633447362,10.534425289336346,3.8229714238636703,0.5416666666666666,,,,,
Breast Cancer,5,Random Forest,0.0,114,4,0.9649122807017544,0.9243133667502088,0.9347753246753245,0.6366095238095237,0.8486267335004176,0.8695506493506493,0.2732190476190476,0.0,0.9226666666666666,0.648,0.27933912363500785,0.8955803959076231,-0.9880171889927715
Breast Cancer,5,Random Forest,0.25,114,6,0.9473684210526315,0.9055093149540517,0.9218011904761906,0.6122555555555556,0.8110186299081036,0.8436023809523809,0.2245111111111111,0.0,0.9014736842105263,0.6213333333333334,0.3621550177127033,0.935170511667493,-0.9830132322111806
Breast Cancer,5,Random Forest,0.5,114,7,0.9385964912280702,0.8499857978279031,0.8642369826435247,0.6321462585034013,0.6999715956558062,0.7284739652870494,0.2642925170068028,0.0,0.8401403508771931,0.637142857142857,0.5323003599698408,0.9119428079432039,-0.9795805967864094
Breast Cancer,5,Random Forest,1.0,114,17,0.8508771929824561,0.732166081871345,0.756925380461463,0.5908924369747899,0.46433216374269004,0.5138507609229259,0.1817848739495798,0.0,0.7306666666666667,0.6343529411764707,0.7606142092949081,0.9234397242703243,-0.9568209688860412
Breast Cancer,5,Random Forest,1.5,114,15,0.868421052631579,0.6859813700918965,0.7004488696488699,0.5904958730158729,0.3719627401837928,0.4008977392977393,0.18099174603174595,0.0,0.683719298245614,0.6314666666666667,0.8368746090330557,0.9338465730525228,-0.9368251210991486
Breast Cancer,5,Random Forest,2.0,114,28,0.7543859649122807,0.6659980785296574,0.6838184939091917,0.6112639455782312,0.33199615705931496,0.3676369878183832,0.22252789115646246,0.0,0.6729473684210526,0.652142857142857,0.8594370862094575,0.915837072997438,-0.9192090327317605
Breast Cancer,5,Gradient Boosting,0.0,114,3,0.9736842105263158,0.9822203986154614,0.9866952284610675,0.8166516943280299,5.808143429247699,5.919595392077434,1.6844208045474798,0.3333333333333333,,,,,
Breast Cancer,5,Gradient Boosting,0.25,114,3,0.9736842105263158,0.9790017219416538,0.9841860582874765,0.7871812771462167,5.526861084661353,5.63783018255514,1.4210044625912357,0.0,,,,,
Breast Cancer,5,Gradient Boosting,0.5,114,8,0.9298245614035088,0.9598474948177114,0.9741744619233681,0.7700151806677604,4.74398546038373,4.999522729310894,1.3581166470988077,0.125,,,,,
Breast Cancer,5,Gradient Boosting,1.0,114,16,0.8596491228070176,0.9003139033882498,0.9145719208947086,0.8129835461611887,3.322947615258291,3.551289854568247,1.92435139948481,0.375,,,,,
Breast Cancer,5,Gradient Boosting,1.5,114,23,0.7982456140350878,0.8674673298761997,0.8997433983399502,0.7397663633457087,2.775671314426053,3.125364870579565,1.3921011574708535,0.21739130434782608,,,,,
Breast Cancer,5,Gradient Boosting,2.0,114,35,0.6929824561403509,0.8598745916879781,0.8924295112515643,0.7863934875301689,2.7883923083160336,3.2268654476667233,1.79869579378162,0.37142857142857144,,,,,
Breast Cancer,6,Logistic Regression,0.0,114,4,0.9649122807017544,0.9748024133589618,0.9807000671074402,0.8126169352758036,8.322405133055483,8.563683290028727,1.6872558162912323,0.25,,,,,
Breast Cancer,6,Logistic Regression,0.25,114,4,0.9649122807017544,0.978339303149601,0.9843182931838069,0.8139170772089381,8.441663530692953,8.689500000974183,1.6261605979590879,0.25,,,,,
Breast Cancer,6,Logistic Regression,0.5,114,8,0.9298245614035088,0.9665323347945676,0.9803804406585578,0.7830449320966976,8.393959749785756,8.903227549207724,1.6461614074446553,0.25,,,,,
Breast Cancer,6,Logistic Regression,1.0,114,6,0.9473684210526315,0.9565682957096117,0.9676090211775656,0.7578352372864409,8.758888472046973,9.1451620357887,1.8059643246959023,0.3333333333333333,,,,,
Breast Cancer,6,Logistic Regression,1.5,114,14,0.8771929824561403,0.953498250184025,0.9620365121647336,0.8925106646075349,8.879525600849695,9.550039236470774,4.0901424892705585,0.7142857142857143,,,,,
Breast Cancer,6,Logistic Regression,2.0,114,16,0.8596491228070176,0.9633351097728532,0.9727018996744446,0.9059635216256059,9.49604930587949,10.438862639734495,3.721317636017591,0.625,,,,,
Breast Cancer,6,Random Forest,0.0,114,6,0.9473684210526315,0.9485185045948205,0.9555838183421517,0.8213428571428572,0.8970370091896408,0.9111676366843033,0.6426857142857143,0.3333333333333333,0.9485964912280702,0.8073333333333332,0.19280828216244036,0.5442128702849708,-0.9885170675569933
Breast Cancer,6,Random Forest,0.25,114,5,0.956140350877193,0.9182307852965749,0.924805635648755,0.7748990476190476,0.8364615705931495,0.8496112712975098,0.5497980952380953,0.4,0.9172631578947367,0.7672,0.29952462237341704,0.6246457993333847,-0.9876964996311284
Breast Cancer,6,Random Forest,0.5,114,11,0.9035087719298246,0.8546345029239766,0.8775493296347664,0.6400683982683982,0.7092690058479533,0.755098659269533,0.28013679653679663,0.0,0.8522105263157895,0.6570909090909091,0.48906037212305603,0.9090539680141824,-0.9822843730752139
Breast Cancer,6,Random Forest,1.0,114,12,0.8947368421052632,0.7504771929824562,0.7680302987861813,0.6012757936507936,0.5009543859649123,0.5360605975723624,0.20255158730158726,0.0,0.742701754385965,0.6123333333333333,0.7239032901346918,0.941729335443653,-0.9731572222974685
Breast Cancer,6,Random Forest,1.5,114,21,0.8157894736842105,0.6819148705096074,0.7034051203277009,0.5867437641723355,0.36382974101921467,0.406810240655402,0.17348752834467118,0.0,0.682561403508772,0.6144761904761906,0.8275987630414938,0.9335007777675002,-0.957892097564376
Breast Cancer,6,Random Forest,2.0,114,33,0.7105263157894737,0.6681516290726817,0.705481951793063,0.5765226551226552,0.33630325814536344,0.4109639035861258,0.15304531024531023,0.0,0.679122807017544,0.6184242424242423,0.8498809616341663,0.9464622452205265,-0.9259748328975375
Breast Cancer,6,Gradient Boosting,0.0,114,5,0.956140350877193,0.9838450665051794,0.9850563648810344,0.9574387619115411,6.443855356016299,6.530402287610611,4.557132247260253,0.8,,,,,
Breast Cancer,6,Gradient Boosting,0.25,114,6,0.9473684210526315,0.9744102043769243,0.9807035678139605,0.8611296625102728,6.009879823220927,6.1595854432530865,3.315178662642085,0.6666666666666666,,,,,
Breast Cancer,6,Gradient Boosting,0.5,114,12,0.8947368421052632,0.9435349662676703,0.9610170862885121,0.7949369460905148,4.982669461456237,5.345491605809731,1.8986812344515398,0.4166666666666667,,,,,
Breast Cancer,6,Gradient Boosting,1.0,114,22,0.8070175438596491,0.894764265404589,0.9271115762923302,0.7594936926013073,3.659923614085003,4.197048962771246,1.4137630650334432,0.2727272727272727,,,,,
Breast Cancer,6,Gradient Boosting,1.5,114,28,0.7543859649122807,0.8716176964122844,0.894356358435751,0.8017775201973514,2.944850105827323,3.3166275169674213,1.8029623430398796,0.25,,,,,
Breast Cancer,6,Gradient Boosting,2.0,114,33,0.7105263157894737,0.8747135109652414,0.9036601989579227,0.8036625495286598,2.763848089549552,3.1539906757775262,1.806225377899071,0.3333333333333333,,,,,
Breast Cancer,7,Logistic Regression,0.0,114,3,0.9736842105263158,0.9593824379278842,0.9671880462106553,0.6705749314653483,6.909679754076427,7.077141839448618,0.7135825953053573,0.0,,,,,
Breast Cancer,7,Logistic Regression,0.25,114,4,0.9649122807017544,0.9575944103346863,0.9653880066154598,0.7432705126134163,6.890672320115064,7.099141258675331,1.1577765097077448,0.0,,,,,
Breast Cancer,7,Logistic Regression,0.5,114,2,0.9824561403508771,0.9545722974932452,0.9555457261179929,0.9000602945073771,6.864076449350378,6.94508240532975,2.3277429145054906,0.5,,,,,
Breast Cancer,7,Logistic Regression,1.0,114,7,0.9385964912280702,0.9558685363271083,0.9638415996075792,0.8339945690399089,7.2129292630759,7.558960545554578,1.923593945187519,0.2857142857142857,,,,,
Breast Cancer,7,Logistic Regression,1.5,114,17,0.8508771929824561,0.945447573573911,0.9592576740842518,0.8666487647796143,7.744186925880121,8.436883204986787,3.791743450977387,0.5294117647058824,,,,,
Breast Cancer,7,Logistic Regression,2.0,114,25,0.7807017543859649,0.9363576863395909,0.9492365385720264,0.8905089723921203,7.771957371603523,8.872018845832828,3.855738523347193,0.6,,,,,
Breast Cancer,7,Random Forest,0.0,114,4,0.9649122807017544,0.9221983709273183,0.9328928571428573,0.6281,0.8443967418546366,0.8657857142857143,0.2562,0.0,0.9201754385964913,0.6729999999999999,0.2775130958168843,0.8604606429745623,-0.985758949801647
Breast Cancer,7,Random Forest,0.25,114,7,0.9385964912280702,0.8882941938178781,0.9084808633733867,0.5797265306122449,0.7765883876357561,0.8169617267467735,0.15945306122448982,0.0,0.8836140350877193,0.6074285714285715,0.40301551164763016,0.9441572714519448,-0.9798669743289002
Breast Cancer,7,Random Forest,0.5,114,3,0.9736842105263158,0.8354692982456141,0.840318018018018,0.6560666666666667,0.670938596491228,0.680636036036036,0.3121333333333334,0.0,0.8278947368421053,0.6973333333333334,0.5512414877330266,0.8547784174160405,-0.9750061557613063
Breast Cancer,7,Random Forest,1.0,114,10,0.9122807017543859,0.737386006683375,0.7527274725274726,0.5778347619047619,0.47477201336675023,0.505454945054945,0.15566952380952387,0.0,0.7327368421052631,0.628,0.7534635756255763,0.9391900594713706,-0.9524424141164606
Breast Cancer,7,Random Forest,1.5,114,27,0.7631578947368421,0.6720665831244779,0.7003545703338807,0.5809164021164022,0.34413316624895574,0.40070914066776137,0.16183280423280427,0.0,0.6793684210526316,0.6331851851851852,0.8496933628132229,0.9337581238541249,-0.9124884239985072
Breast Cancer,7,Random Forest,2.0,114,23,0.7982456140350878,0.6374927318295739,0.6518878074306647,0.5805383022774325,0.2749854636591479,0.30377561486132915,0.1610766045548654,0.0,0.6477543859649123,0.6219130434782609,0.8843787161830184,0.9384951140664607,-0.9148756669984887
Breast Cancer,7,Gradient Boosting,0.0,114,6,0.9473684210526315,0.9723839647715382,0.9863024195522289,0.7218517787191088,5.73304731788338,5.991268650373281,1.0850633330651644,0.16666666666666666,,,,,
Breast Cancer,7,Gradient Boosting,0.25,114,5,0.956140350877193,0.9564243082734152,0.9657618492508301,0.7528659149657702,5.005034269410455,5.179797270418191,1.1952008474417888,0.0,,,,,
Breast Cancer,7,Gradient Boosting,0.5,114,6,0.9473684210526315,0.9323240073115602,0.9406637444904649,0.7822087380912759,4.2219761515338,4.377472041617662,1.4230501300242768,0.16666666666666666,,,,,
Breast Cancer,7,Gradient Boosting,1.0,114,13,0.8859649122807017,0.8872605777889357,0.9024967762332328,0.7688870360293968,3.2380740797803487,3.4691406718956115,1.442864402577157,0.3076923076923077,,,,,
Breast Cancer,7,Gradient Boosting,1.5,114,26,0.7719298245614035,0.8626957951820959,0.8847516426521497,0.7880452345142218,2.7224424915986405,3.0343897445804804,1.6666210199677964,0.3076923076923077,,,,,
Breast Cancer,7,Gradient Boosting,2.0,114,31,0.7280701754385965,0.8392294601168276,0.8565477707162463,0.7928610801248354,2.248608417065327,2.474487122606784,1.6438363990027165,0.22580645161290322,,,,,
Breast Cancer,8,Logistic Regression,0.0,114,5,0.956140350877193,0.9530664719513883,0.9674680014992645,0.6391131278076865,7.40269318480839,7.706689998435242,0.7755626477430487,0.2,,,,,
Breast Cancer,8,Logistic Regression,0.25,114,7,0.9385964912280702,0.9591228008522434,0.9731347431077544,0.7449402549465781,7.478815535142406,7.873651574411226,1.4434646491761487,0.14285714285714285,,,,,
Breast Cancer,8,Logistic Regression,0.5,114,6,0.9473684210526315,0.9501295592454522,0.9645191786721682,0.6911164095645642,7.570856336778936,7.933850838515421,1.0369553055221898,0.16666666666666666,,,,,
Breast Cancer,8,Logistic Regression,1.0,114,12,0.8947368421052632,0.9486468965803007,0.9570777186484039,0.876984909001425,7.654148850984099,8.105389762135864,3.8186011061940746,0.5833333333333334,,,,,
Breast Cancer,8,Logistic Regression,1.5,114,12,0.8947368421052632,0.9670383767950999,0.9751277117021289,0.8982790300853515,8.419983591058605,9.003655499947271,3.458772365504944,0.75,,,,,
Breast Cancer,8,Logistic Regression,2.0,114,19,0.8333333333333334,0.9351154956911397,0.9467631655444435,0.8768771464246212,8.345023273279182,9.282431882924206,3.6579802250540574,0.6842105263157895,,,,,
Breast Cancer,8,Random Forest,0.0,114,6,0.9473684210526315,0.9313629490392648,0.9435152998236332,0.7126206349206349,0.8627258980785296,0.8870305996472662,0.4252412698412698,0.16666666666666666,0.9253684210526316,0.6886666666666666,0.24381526079913587,0.8016916124358758,-0.9905514133253921
Breast Cancer,8,Random Forest,0.25,114,10,0.9122807017543859,0.8984041771094402,0.921098717948718,0.6623809523809523,0.7968083542188805,0.8421974358974359,0.32476190476190475,0.0,0.8897543859649123,0.6572,0.372139744721703,0.8731197680269916,-0.9873004092494364
Breast Cancer,8,Random Forest,0.5,114,8,0.9298245614035088,0.833990643274854,0.8517081311769992,0.5992339285714285,0.6679812865497076,0.7034162623539981,0.19846785714285708,0.0,0.8216140350877194,0.6034999999999999,0.5543208579603759,0.9519186500789459,-0.9830521450779978
Breast Cancer,8,Random Forest,1.0,114,24,0.7894736842105263,0.7202506683375104,0.7532139682539682,0.5966382936507937,0.4405013366750209,0.5064279365079366,0.19327658730158728,0.0,0.7181052631578947,0.6336666666666667,0.7734646118193895,0.9281443363719967,-0.9587045883969331
Breast Cancer,8,Random Forest,1.5,114,21,0.8157894736842105,0.6711765664160401,0.6903879160266257,0.5860977324263038,0.34235313283208024,0.38077583205325144,0.1721954648526077,0.0,0.6730526315789473,0.6245714285714286,0.8620839440040509,0.9448515096275898,-0.9361050334205412
Breast Cancer,8,Random Forest,2.0,114,34,0.7017543859649122,0.6565519632414369,0.6818870238095238,0.596940056022409,0.31310392648287383,0.36377404761904764,0.19388011204481798,0.0,0.6628070175438595,0.6324705882352941,0.8729878746726584,0.930876929551036,-0.9260269976637096
Breast Cancer,8,Gradient Boosting,0.0,114,4,0.9649122807017544,0.9620464209590684,0.9673969519290987,0.8149068192832347,5.7373023217396755,5.863425601779253,2.268912120651219,0.25,,,,,
Breast Cancer,8,Gradient Boosting,0.25,114,7,0.9385964912280702,0.9557293181591869,0.9659403647377872,0.7996461776005813,5.3380908661360635,5.548857030634718,2.116379494513782,0.42857142857142855,,,,,
Breast Cancer,8,Gradient Boosting,0.5,114,8,0.9298245614035088,0.9301564756951654,0.9395873115782161,0.805197900244744,4.5027170479654375,4.708244748645714,1.7794750139517648,0.125,,,,,
Breast Cancer,8,Gradient Boosting,1.0,114,23,0.7982456140350878,0.8808281172349096,0.8972401635235596,0.815893499310251,3.2398559150583544,3.530969244884518,2.088059697050489,0.391304347826087,,,,,
Breast Cancer,8,Gradient Boosting,1.5,114,31,0.7280701754385965,0.8577213688637844,0.8957080395600412,0.7560151215157418,2.611965331487641,3.047534536776662,1.4457639108751013,0.22580645161290322,,,,,
Breast Cancer,8,Gradient Boosting,2.0,114,39,0.6578947368421053,0.8402648594650909,0.8601796750388305,0.8019671372078995,2.3572058771306046,2.668518979742814,1.7585268336455862,0.3076923076923077,,,,,
Breast Cancer,9,Logistic Regression,0.0,114,0,1.0,0.9778493059308716,0.9778493059308716,,8.34614324714513,8.34614324714513,,,,,,,
Breast Cancer,9,Logistic Regression,0.25,114,1,0.9912280701754386,0.9751495895922621,0.9784285451919434,0.6046276068282525,8.200762465753076,8.269576428686156,0.42478465431493784,0.0,,,,,
Breast Cancer,9,Logistic Regression,0.5,114,2,0.9824561403508771,0.9694778986293531,0.9734809853142546,0.745305044274869,8.48779865635397,8.620152088287236,1.076006468091076,0.0,,,,,
Breast Cancer,9,Logistic Regression,1.0,114,8,0.9298245614035088,0.9645414390101154,0.9726179451573443,0.8575277325593342,9.79544014875768,10.366892341521535,2.2236985946365913,0.5,,,,,
Breast Cancer,9,Logistic Regression,1.5,114,11,0.9035087719298246,0.9573411142419684,0.9690411598263933,0.8477861419514429,10.048435687104838,10.728714891696079,3.6785485895687047,0.45454545454545453,,,,,
Breast Cancer,9,Logistic Regression,2.0,114,19,0.8333333333333334,0.9501967638118036,0.9728111913358783,0.8371246261914306,10.13266425083836,11.434177249890444,3.625099255577935,0.47368421052631576,,,,,
Breast Cancer,9,Random Forest,0.0,114,5,0.956140350877193,0.9318055137844612,0.9460324159021405,0.6216590476190476,0.8636110275689222,0.8920648318042813,0.24331809523809528,0.0,0.9265964912280702,0.6264000000000001,0.25478997547347465,0.9398390036267831,-0.9881459604939304
Breast Cancer,9,Random Forest,0.25,114,4,0.9649122807017544,0.8984096073517127,0.9065346753246754,0.6749702380952382,0.7968192147034252,0.8130693506493507,0.34994047619047625,0.0,0.8911929824561402,0.7,0.3660886838448418,0.8778162232259583,-0.9857000564118051
Breast Cancer,9,Random Forest,0.5,114,8,0.9298245614035088,0.8455482038429405,0.8645747529200357,0.5934464285714287,0.6910964076858814,0.7291495058400719,0.18689285714285722,0.0,0.8364210526315791,0.6225,0.5226436947842736,0.916501846725891,-0.9764057636227537
Breast Cancer,9,Random Forest,1.0,114,9,0.9210526315789473,0.7900097326649957,0.807478276643991,0.586210052910053,0.5800194653299916,0.6149565532879818,0.17242010582010586,0.0,0.7809122807017544,0.6404444444444445,0.65447687609683,0.9273323755170654,-0.9676565041492129
Breast Cancer,9,Random Forest,1.5,114,23,0.7982456140350878,0.7113925647451963,0.7459612244897956,0.574620910973085,0.4227851294903927,0.49192244897959175,0.14924182194616983,0.0,0.7134736842105263,0.6208695652173913,0.7817668771123985,0.9410872665689615,-0.9475653101965532
Breast Cancer,9,Random Forest,2.0,114,29,0.7456140350877193,0.6745611111111111,0.7028218487394957,0.5917279146141216,0.3491222222222222,0.4056436974789916,0.18345582922824305,0.0,0.6868771929824561,0.6406896551724138,0.8199111543698152,0.9235309307460284,-0.9464474251156657
Breast Cancer,9,Gradient Boosting,0.0,114,2,0.9824561403508771,0.9763890108717276,0.9812844232726041,0.70224591642264,5.888889882345957,5.975084664589432,1.0619820767112722,0.0,,,,,
Breast Cancer,9,Gradient Boosting,0.25,114,3,0.9736842105263158,0.9778863772222413,0.9805928127158273,0.8777482639595636,5.556206971811379,5.644269077893198,2.297909046784127,0.3333333333333333,,,,,
Breast Cancer,9,Gradient Boosting,0.5,114,9,0.9210526315789473,0.9441589469363846,0.9628835375276485,0.7257053900383035,4.736748601590078,5.0212592895521055,1.417457242033083,0.2222222222222222,,,,,
Breast Cancer,9,Gradient Boosting,1.0,114,16,0.8596491228070176,0.9328913381442001,0.9544913005793273,0.8005915682290463,4.209114168991956,4.575220370538592,1.966713684518814,0.375,,,,,
Breast Cancer,9,Gradient Boosting,1.5,114,31,0.7280701754385965,0.8763615889990286,0.9180642843001604,0.7647059854508366,3.1478762938379865,3.7646141068500087,1.4966105364187001,0.16129032258064516,,,,,
Breast Cancer,9,Gradient Boosting,2.0,114,35,0.6929824561403509,0.8405984665466897,0.8706602019015636,0.772744835317117,2.678326412630675,3.0730129055235835,1.787462614386682,0.3142857142857143,,,,,
Breast Cancer,10,Logistic Regression,0.0,114,3,0.9736842105263158,0.9677916778191268,0.9740151482315552,0.7375232725592714,8.231345015255322,8.422659054806667,1.152725551855611,0.0,,,,,
Breast Cancer,10,Logistic Regression,0.25,114,5,0.956140350877193,0.9675084987978692,0.979749191925804,0.700661388608891,8.181112657469628,8.513222363203678,0.9411210724673961,0.0,,,,,
Breast Cancer,10,Logistic Regression,0.5,114,5,0.956140350877193,0.9502702562079839,0.9603265000304392,0.731044140878461,7.970460204113032,8.2825925159382,1.165975806324398,0.0,,,,,
Breast Cancer,10,Logistic Regression,1.0,114,5,0.956140350877193,0.9681218362242663,0.9729249941802336,0.8634129927841793,9.088469023142624,9.403333370852335,2.224426243070879,0.8,,,,,
Breast Cancer,10,Logistic Regression,1.5,114,16,0.8596491228070176,0.9559203784152481,0.9660823888668253,0.8936780643993387,8.817455590407823,9.589945759425076,4.085953305177149,0.625,,,,,
Breast Cancer,10,Logistic Regression,2.0,114,18,0.8421052631578947,0.9529440571603573,0.9668962497879899,0.8785323631463162,9.118220730765952,10.044360791358717,4.178807074271195,0.6111111111111112,,,,,
Breast Cancer,10,Random Forest,0.0,114,9,0.9210526315789473,0.9463035923141186,0.9639132879818594,0.7408571428571429,0.8926071846282373,0.9278265759637189,0.4817142857142858,0.1111111111111111,0.9493684210526315,0.7533333333333333,0.18512107394047897,0.7299817877624305,-0.9861577526071923
Breast Cancer,10,Random Forest,0.25,114,10,0.9122807017543859,0.9129658312447787,0.9356029304029305,0.67754,0.8259316624895572,0.8712058608058608,0.35508000000000006,0.1,0.9150877192982455,0.6864,0.2994954053834991,0.8196559492654115,-0.9883103575917354
Breast Cancer,10,Random Forest,0.5,114,9,0.9210526315789473,0.8499881370091896,0.8677715192743765,0.6425153439153438,0.6999762740183794,0.7355430385487528,0.2850306878306877,0.0,0.8502105263157895,0.6626666666666667,0.4933368153632133,0.8803932980921269,-0.9799086300144794
Breast Cancer,10,Random Forest,1.0,114,10,0.9122807017543859,0.7657125730994151,0.7841209249084249,0.5742657142857143,0.5314251461988304,0.5682418498168498,0.14853142857142848,0.0,0.765298245614035,0.6127999999999999,0.6770583829914396,0.9528785101210524,-0.9747392638540515
Breast Cancer,10,Random Forest,1.5,114,22,0.8070175438596491,0.7087498746867168,0.733993374741201,0.6031861471861473,0.4174997493734337,0.4679867494824016,0.20637229437229437,0.0,0.7157543859649124,0.6392727272727273,0.7770311834510237,0.8993860215413453,-0.9577197648942779
Breast Cancer,10,Random Forest,2.0,114,28,0.7543859649122807,0.6701630325814538,0.6862460132890366,0.6207653061224488,0.34032606516290737,0.3724920265780731,0.24153061224489797,0.0,0.6809122807017542,0.6641428571428571,0.8537128984857357,0.894694550442877,-0.9065680393055766
Breast Cancer,10,Gradient Boosting,0.0,114,3,0.9736842105263158,0.9625855799809697,0.9699151879896949,0.6913900836581308,6.341112429256487,6.4595081306597715,1.960471477334963,0.3333333333333333,,,,,
Breast Cancer,10,Gradient Boosting,0.25,114,10,0.9122807017543859,0.9684546005883332,0.9891966888571819,0.752736882592305,5.954543097125434,6.393437272010916,1.390043678316425,0.1,,,,,
Breast Cancer,10,Gradient Boosting,0.5,114,7,0.9385964912280702,0.9485318821047638,0.9584566265617138,0.7968250739771018,5.136618164521961,5.328526245971758,2.2031660623607694,0.2857142857142857,,,,,
Breast Cancer,10,Gradient Boosting,1.0,114,9,0.9210526315789473,0.9174779979426295,0.9347659692144068,0.7157849997718961,4.156228127304304,4.421560794560125,1.060680342653056,0.1111111111111111,,,,,
Breast Cancer,10,Gradient Boosting,1.5,114,27,0.7631578947368421,0.8752677055897287,0.9138504809505843,0.7509454294269722,3.308127926952189,3.9041071987924667,1.387750273244627,0.2222222222222222,,,,,
Breast Cancer,10,Gradient Boosting,2.0,114,31,0.7280701754385965,0.8596314696998572,0.8852658891133137,0.7909973790122157,2.667475017491158,3.0237990019029595,1.7134462850337544,0.3225806451612903,,,,,
Breast Cancer,11,Logistic Regression,0.0,114,1,0.9912280701754386,0.9727206984233157,0.9756959800448546,0.6365138751894256,8.75621376282779,8.828744282040445,0.5602650917977403,0.0,,,,,
Breast Cancer,11,Logistic Regression,0.25,114,0,1.0,0.973870551785603,0.973870551785603,,8.761458132121092,8.761458132121092,,,,,,,
Breast Cancer,11,Logistic Regression,0.5,114,4,0.9649122807017544,0.9702894501060702,0.9806978566136589,0.6840582711473776,8.69992179553274,8.984554377583072,0.872525789148652,0.0,,,,,
Breast Cancer,11,Logistic Regression,1.0,114,8,0.9298245614035088,0.9570549754952424,0.9664216172945069,0.8329469716549884,8.726093152992751,9.252724267618065,1.7482308842073397,0.25,,,,,
Breast Cancer,11,Logistic Regression,1.5,114,12,0.8947368421052632,0.9575469595725313,0.9727423301325926,0.828386309812014,9.629833015265975,10.464486514796981,2.5352782692524305,0.5,,,,,
Breast Cancer,11,Logistic Regression,2.0,114,20,0.8245614035087719,0.9686545516846479,0.9862870346726376,0.8857818816410973,10.630262022841858,11.895506569227429,4.683612654829681,0.65,,,,,
Breast Cancer,11,Random Forest,0.0,114,4,0.9649122807017544,0.9377860902255639,0.9489277056277057,0.6313916666666667,0.8755721804511278,0.8978554112554111,0.26278333333333326,0.0,0.9350877192982455,0.61,0.22562198094447486,0.9429479621944924,-0.989135993303215
Breast Cancer,11,Random Forest,0.25,114,2,0.9824561403508771,0.9179286549707603,0.9214993622448979,0.7179690476190477,0.8358573099415204,0.8429987244897958,0.43593809523809524,0.0,0.9127368421052632,0.6799999999999999,0.3169210860479574,0.8829954369195956,-0.9840017786420174
Breast Cancer,11,Random Forest,0.5,114,4,0.9649122807017544,0.8651734335839598,0.875847012987013,0.57165,0.7303468671679197,0.7516940259740258,0.14329999999999993,0.0,0.860701754385965,0.5680000000000001,0.4686395735492778,0.9778898542093868,-0.981388098459172
Breast Cancer,11,Random Forest,1.0,114,10,0.9122807017543859,0.7580925229741019,0.7772591575091575,0.5587595238095237,0.5161850459482039,0.5545183150183151,0.11751904761904759,0.0,0.7514035087719297,0.5788,0.7202616252174383,0.9665383232394182,-0.9614950084285482
Breast Cancer,11,Random Forest,1.5,114,12,0.8947368421052632,0.7091620718462823,0.7271299719887955,0.5564349206349205,0.4183241436925647,0.45425994397759095,0.1128698412698413,0.0,0.7013333333333335,0.5583333333333332,0.8177037394452344,0.9857018103334276,-0.9420555170821461
Breast Cancer,11,Random Forest,2.0,114,18,0.8421052631578947,0.6946410192147033,0.709253621031746,0.6167071428571429,0.38928203842940684,0.41850724206349205,0.23341428571428574,0.0,0.6914736842105262,0.6355555555555555,0.8402160039222202,0.9104160326251063,-0.9070539876998432
Breast Cancer,11,Gradient Boosting,0.0,114,4,0.9649122807017544,0.9710354693463367,0.983099421764166,0.6392767778560331,6.15422303374639,6.351892234810933,0.7183200044714422,0.25,,,,,
Breast Cancer,11,Gradient Boosting,0.25,114,5,0.956140350877193,0.9709400412777762,0.9838845562877497,0.6887496140603516,5.845201502678395,6.073498765107457,0.8683211817248564,0.0,,,,,
Breast Cancer,11,Gradient Boosting,0.5,114,5,0.956140350877193,0.9510636939404277,0.9608514754784525,0.7376900564114901,5.089773305090238,5.266362932939166,1.2401194179836086,0.2,,,,,
Breast Cancer,11,Gradient Boosting,1.0,114,16,0.8596491228070176,0.9136082087292619,0.9301517160166742,0.8122792265938606,3.745573519290115,4.084090752227423,1.6721554675491046,0.3125,,,,,
Breast Cancer,11,Gradient Boosting,1.5,114,17,0.8508771929824561,0.8930884730240742,0.9124678448516235,0.7825120573021757,3.2506799777581588,3.566641375077072,1.447841416585536,0.23529411764705882,,,,,
Breast Cancer,11,Gradient Boosting,2.0,114,26,0.7719298245614035,0.8756487446913672,0.9111887751552115,0.7553594108137405,2.822359713237721,3.212930249355155,1.5004286679171774,0.23076923076923078,,,,,
Breast Cancer,12,Logistic Regression,0.0,114,3,0.9736842105263158,0.96709692789522,0.973551002502465,0.728296167427155,7.342204524949364,7.511051897281614,1.0948517486561606,0.0,,,,,
Breast Cancer,12,Logistic Regression,0.25,114,5,0.956140350877193,0.9614794842248517,0.9774978496080199,0.6122791188717872,7.347701888027617,7.662550274498737,0.484007062957152,0.0,,,,,
Breast Cancer,12,Logistic Regression,0.5,114,5,0.956140350877193,0.9636813493824292,0.9772390994914392,0.6681223970060068,7.526397431918515,7.826744216351202,0.9788375312859017,0.2,,,,,
Breast Cancer,12,Logistic Regression,1.0,114,8,0.9298245614035088,0.9484723981827242,0.9566283543282622,0.8404059792543468,7.706627398641081,8.111875560632093,2.337089252260162,0.5,,,,,
Breast Cancer,12,Logistic Regression,1.5,114,13,0.8859649122807017,0.9453886668848639,0.9649868132585382,0.7931261450586263,7.6302551342107385,8.362893914966076,1.9382153760346488,0.38461538461538464,,,,,
Breast Cancer,12,Logistic Regression,2.0,114,13,0.8859649122807017,0.9569078557052699,0.9613469218793129,0.9224197261992422,9.410400911903642,9.94045934149873,5.292254651203338,0.8461538461538461,,,,,
Breast Cancer,12,Random Forest,0.0,114,5,0.956140350877193,0.9418002784739625,0.9517607980195135,0.7246609523809524,0.8836005569479254,0.9035215960390273,0.4493219047619049,0.2,0.9405964912280702,0.7368,0.2106346084157045,0.7148986169581442,-0.9901752979417826
Breast Cancer,12,Random Forest,0.25,114,3,0.9736842105263158,0.9151067947646896,0.9191589303589305,0.7651777777777777,0.830213589529379,0.8383178607178607,0.5303555555555556,0.3333333333333333,0.9105263157894736,0.7786666666666666,0.3232034433519695,0.7148830335053865,-0.9865428865806292
Breast Cancer,12,Random Forest,0.5,114,5,0.956140350877193,0.8392118629908105,0.8492599097131209,0.6201644444444444,0.6784237259816207,0.6985198194262413,0.24032888888888887,0.0,0.8332280701754385,0.6359999999999999,0.5364704944491249,0.9113148428001562,-0.9789169959282077
Breast Cancer,12,Random Forest,1.0,114,17,0.8508771929824561,0.7484087440824283,0.7716767468499428,0.6156442577030813,0.4968174881648566,0.5433534936998855,0.23128851540616252,0.0,0.746140350877193,0.6529411764705882,0.7378152322562894,0.9036405366088458,-0.9584382131833643
Breast Cancer,12,Random Forest,1.5,114,19,0.8333333333333334,0.6855528543581174,0.6957907769423559,0.6343632414369257,0.371105708716235,0.39158155388471166,0.26872648287385137,0.0,0.6892631578947368,0.6692631578947369,0.8332556776422776,0.8943822842194205,-0.9394046973940012
Breast Cancer,12,Random Forest,2.0,114,28,0.7543859649122807,0.6552446950710109,0.6759333333333333,0.5917010204081633,0.3104893901420217,0.3518666666666666,0.1834020408163266,0.0,0.665859649122807,0.6364285714285716,0.8692475481911484,0.9252900746184229,-0.9182033390915506
Breast Cancer,12,Gradient Boosting,0.0,114,2,0.9824561403508771,0.9813582746613064,0.9817085066351469,0.961745284126238,6.192400116861545,6.238350894838517,3.6191565501511556,1.0,,,,,
Breast Cancer,12,Gradient Boosting,0.25,114,4,0.9649122807017544,0.9709947248787557,0.9824558718588711,0.6558131829255858,5.756238568677071,5.928160626668218,1.0283819739205906,0.25,,,,,
Breast Cancer,12,Gradient Boosting,0.5,114,7,0.9385964912280702,0.9394370737167279,0.9533289360625175,0.7270900350025169,4.5792112718899975,4.805882027218806,1.11438686900678,0.14285714285714285,,,,,
Breast Cancer,12,Gradient Boosting,1.0,114,20,0.8245614035087719,0.913255990560777,0.9317271793220154,0.8264414033829566,3.597172147285157,3.9392363065815585,1.9894705985920667,0.35,,,,,
Breast Cancer,12,Gradient Boosting,1.5,114,24,0.7894736842105263,0.8564975066652332,0.8773456282988251,0.7783170505392637,2.7264992199927254,3.026671184010059,1.6008543549277234,0.25,,,,,
Breast Cancer,12,Gradient Boosting,2.0,114,28,0.7543859649122807,0.8627473365348497,0.8952874045305262,0.7628028419767008,2.677534073523338,2.9744433045336076,1.7655985782775112,0.32142857142857145,,,,,
Breast Cancer,13,Logistic Regression,0.0,114,3,0.9736842105263158,0.9665333203062553,0.9700355831496187,0.8369495951018093,7.634958928834455,7.7480508931523495,3.450556249072354,0.6666666666666666,,,,,
Breast Cancer,13,Logistic Regression,0.25,114,4,0.9649122807017544,0.9619300171429722,0.9675286367323719,0.8079679784344805,7.648142206437592,7.83179462115167,2.597700801800427,0.25,,,,,
Breast Cancer,13,Logistic Regression,0.5,114,6,0.9473684210526315,0.9724773514076624,0.9788716910054583,0.8573792386473368,8.000675433016433,8.2685619787283,3.178717610202831,0.6666666666666666,,,,,
Breast Cancer,13,Logistic Regression,1.0,114,11,0.9035087719298246,0.943618500659043,0.962302347764856,0.7686697504864305,7.875056648442975,8.496253484450888,2.058395365823424,0.2727272727272727,,,,,
Breast Cancer,13,Logistic Regression,1.5,114,21,0.8157894736842105,0.9558655499661863,0.9651752900834051,0.9146367008756464,9.013109326461864,10.026733605124674,4.524201806669431,0.7142857142857143,,,,,
Breast Cancer,13,Logistic Regression,2.0,114,24,0.7894736842105263,0.9554290667106757,0.9796759814454488,0.8645031364552763,9.71809400044943,11.31958727917411,3.712494205231876,0.5416666666666666,,,,,
Breast Cancer,13,Random Forest,0.0,114,10,0.9122807017543859,0.9206115288220552,0.9394375457875459,0.7248209523809523,0.8412230576441102,0.8788750915750916,0.4496419047619048,0.2,0.9189122807017545,0.7284,0.2782650331606031,0.7515216464192976,-0.9893091652371849
Breast Cancer,13,Random Forest,0.25,114,11,0.9035087719298246,0.8996533834586466,0.9224022191400836,0.6866415584415585,0.7993067669172932,0.8448044382801664,0.3732831168831169,0.0,0.8965964912280702,0.6836363636363637,0.36191812739343115,0.858023366989439,-0.9868874154364325
Breast Cancer,13,Random Forest,0.5,114,10,0.9122807017543859,0.8551182957393484,0.8737227106227107,0.661632380952381,0.7102365914786968,0.7474454212454211,0.32326476190476194,0.1,0.8523508771929825,0.688,0.48667245856816604,0.8317859041101201,-0.9831562175665336
Breast Cancer,13,Random Forest,1.0,114,20,0.8245614035087719,0.7300101921470343,0.7548898682877407,0.6130757142857143,0.4600203842940685,0.5097797365754814,0.2261514285714285,0.0,0.727438596491228,0.6348,0.7644796261956289,0.924582636981976,-0.9606253098742937
Breast Cancer,13,Random Forest,1.5,114,23,0.7982456140350878,0.6760646616541353,0.7018903192046049,0.5738848861283643,0.3521293233082706,0.40378063840920986,0.14776977225672866,0.0,0.6876491228070174,0.6260869565217391,0.836865333339521,0.9424330052558486,-0.9392938775467596
Breast Cancer,13,Random Forest,2.0,114,37,0.6754385964912281,0.6689386800334167,0.7079721706864566,0.587706821106821,0.3378773600668338,0.41594434137291286,0.17541364221364217,0.0,0.6831929824561404,0.629945945945946,0.8484552606774053,0.9300554133609691,-0.933472318484832
Breast Cancer,13,Gradient Boosting,0.0,114,10,0.9122807017543859,0.9688894085237152,0.9876881276052404,0.7733827300758526,5.837724342365016,6.203585503085507,2.0327682708719053,0.4,,,,,
Breast Cancer,13,Gradient Boosting,0.25,114,7,0.9385964912280702,0.979124260778768,0.9832533336435438,0.9160084327029102,5.662645495501032,5.856059209758513,2.7061787204223786,0.5714285714285714,,,,,
Breast Cancer,13,Gradient Boosting,0.5,114,11,0.9035087719298246,0.9636208393903167,0.9759052671759036,0.8485939246707285,5.271076580142954,5.566711995771739,2.5028540519825175,0.5454545454545454,,,,,
Breast Cancer,13,Gradient Boosting,1.0,114,27,0.7631578947368421,0.916843753121762,0.9380032871331656,0.8486630324183503,3.781689820677175,4.235169667312178,2.320476981519942,0.4074074074074074,,,,,
Breast Cancer,13,Gradient Boosting,1.5,114,38,0.6666666666666666,0.8923490023346383,0.9303226459939936,0.816401715015928,3.122610482228629,3.6215196444322744,2.124792157821339,0.34210526315789475,,,,,
Breast Cancer,13,Gradient Boosting,2.0,114,34,0.7017543859649122,0.8870409371992045,0.9051074261430623,0.8445315514489511,3.1237501978274502,3.548250226801821,2.124926600240698,0.4411764705882353,,,,,
Breast Cancer,14,Logistic Regression,0.0,114,4,0.9649122807017544,0.9641970346145775,0.973567235343524,0.706516514568552,7.670280836967625,7.909438258175384,1.0934517537542843,0.25,,,,,
Breast Cancer,14,Logistic Regression,0.25,114,3,0.9736842105263158,0.9672825529441595,0.9719329321695241,0.7952185216056732,7.79946988115688,7.962969409129078,1.7499873461855273,0.6666666666666666,,,,,
Breast Cancer,14,Logistic Regression,0.5,114,5,0.956140350877193,0.9666328465008159,0.9791037985057531,0.6947660927931849,7.761477777356724,8.07235802196168,0.984288444968727,0.2,,,,,
Breast Cancer,14,Logistic Regression,1.0,114,10,0.9122807017543859,0.9571803815412201,0.967853085229915,0.8461842631787941,8.133194304595674,8.664012099550815,2.612689237062227,0.5,,,,,
Breast Cancer,14,Logistic Regression,1.5,114,18,0.8421052631578947,0.9617753894117054,0.968705425492406,0.9248151969813032,8.919176932486973,9.711006385704444,4.696086515327126,0.7222222222222222,,,,,
Breast Cancer,14,Logistic Regression,2.0,114,24,0.7894736842105263,0.9523606519418479,0.9686606820770376,0.8912355389348864,9.559482645004675,10.706596012907056,5.25780751537073,0.7083333333333334,,,,,
Breast Cancer,14,Random Forest,0.0,114,5,0.956140350877193,0.945637134502924,0.9572225425950196,0.6930752380952381,0.8912742690058478,0.9144450851900392,0.38615047619047627,0.2,0.9427368421052631,0.6936000000000001,0.21950164933774957,0.7670943860331854,-0.9865092743177184
Breast Cancer,14,Random Forest,0.25,114,4,0.9649122807017544,0.9240468810916179,0.9329711255411256,0.6786301587301589,0.8480937621832357,0.865942251082251,0.3572603174603175,0.25,0.9187368421052632,0.693,0.3115477792269505,0.8129255354762382,-0.9817529276579247
Breast Cancer,14,Random Forest,0.5,114,2,0.9824561403508771,0.8513217348927875,0.8536149801587303,0.7229,0.702643469785575,0.7072299603174602,0.4458,0.0,0.8394035087719298,0.692,0.5384034174367889,0.8899845844055359,-0.976713952893891
Breast Cancer,14,Random Forest,1.0,114,14,0.8771929824561403,0.7437010025062657,0.7659713809523813,0.5846268707482994,0.4874020050125313,0.531942761904762,0.1692537414965987,0.0,0.7380350877192984,0.621142857142857,0.7533212704460693,0.9514677115459659,-0.9494301965412985
Breast Cancer,14,Random Forest,1.5,114,13,0.8859649122807017,0.6883421052631578,0.7008837498035518,0.5909031746031747,0.37668421052631573,0.40176749960710345,0.18180634920634922,0.0,0.6798245614035088,0.6129230769230769,0.8350703090706973,0.9506853956361583,-0.9409820201788253
Breast Cancer,14,Random Forest,2.0,114,21,0.8157894736842105,0.6749657337788918,0.688230943847073,0.6162198034769462,0.3499314675577833,0.37646188769414585,0.23243960695389268,0.0,0.6741754385964913,0.6481904761904762,0.8608170637404222,0.896442952654918,-0.9017452191102983
Breast Cancer,14,Gradient Boosting,0.0,114,4,0.9649122807017544,0.9744563357533091,0.9811955799336576,0.7891271207937272,5.898999601510539,6.021497368053019,2.5303110215923024,0.5,,,,,
Breast Cancer,14,Gradient Boosting,0.25,114,4,0.9649122807017544,0.9787690819245427,0.9826500098048397,0.8720435652163746,5.640682962896124,5.757249905140318,2.4350920511807743,0.5,,,,,
Breast Cancer,14,Gradient Boosting,0.5,114,4,0.9649122807017544,0.9557676387011638,0.9605847026539152,0.8232983800004967,4.70957164773117,4.814297530038755,1.8296098842725885,0.5,,,,,
Breast Cancer,14,Gradient Boosting,1.0,114,17,0.8508771929824561,0.8863246253881071,0.9099085658155476,0.751757435890358,3.323634399465566,3.622638816484148,1.6175503729477787,0.29411764705882354,,,,,
Breast Cancer,14,Gradient Boosting,1.5,114,26,0.7719298245614035,0.865016220281171,0.8909092979340305,0.7773781113022615,2.78543653781942,3.0944017485932975,1.739708132123218,0.3076923076923077,,,,,
Breast Cancer,14,Gradient Boosting,2.0,114,28,0.7543859649122807,0.8742463910889425,0.9025234048201979,0.7873955632000863,2.822198648703867,3.132399144841149,1.8694399819965029,0.2857142857142857,,,,,
Breast Cancer,15,Logistic Regression,0.0,114,0,1.0,0.9640498961240612,0.9640498961240612,,7.410765204208612,7.410765204208612,,,,,,,
Breast Cancer,15,Logistic Regression,0.25,114,1,0.9912280701754386,0.9601025326832279,0.964028453790811,0.5164734475263356,7.4791250330573575,7.544728638233356,0.06591764816945178,0.0,,,,,
Breast Cancer,15,Logistic Regression,0.5,114,8,0.9298245614035088,0.958378598378986,0.9796274619866201,0.6768311555778304,7.397593685081319,7.897230124305768,0.7774108653573604,0.0,,,,,
Breast Cancer,15,Logistic Regression,1.0,114,7,0.9385964912280702,0.9518116310781146,0.9650546952636041,0.7493819356713504,7.949976392856089,8.364844957951751,1.608414040679539,0.2857142857142857,,,,,
Breast Cancer,15,Logistic Regression,1.5,114,15,0.868421052631579,0.9486167948919274,0.9736798218177325,0.7832008171816136,8.564791495603805,9.473699582728365,2.5659981205817086,0.4,,,,,
Breast Cancer,15,Logistic Regression,2.0,114,20,0.8245614035087719,0.949986982951785,0.9584911184932758,0.9100175459067783,8.724116201663918,9.62913983684159,4.470505116328861,0.7,,,,,
Breast Cancer,15,Random Forest,0.0,114,2,0.9824561403508771,0.9281785575048732,0.9320216553287982,0.7129650793650795,0.8563571150097465,0.8640433106575963,0.4259301587301588,0.0,0.9264561403508772,0.692,0.2659892899845475,0.8304177033025031,-0.9859680050683086
Breast Cancer,15,Random Forest,0.25,114,2,0.9824561403508771,0.8887303118908382,0.8918850198412697,0.7120666666666666,0.7774606237816764,0.7837700396825397,0.42413333333333325,0.0,0.8855438596491226,0.726,0.3846631653797227,0.8248485742700846,-0.9855011008299486
Breast Cancer,15,Random Forest,0.5,114,5,0.956140350877193,0.8396303675856306,0.8483268239405855,0.650047619047619,0.6792607351712616,0.6966536478811709,0.3000952380952381,0.0,0.8350175438596491,0.6768,0.5427091333353792,0.9001155110712797,-0.9723595482231099
Breast Cancer,15,Random Forest,1.0,114,8,0.9298245614035088,0.7311331662489556,0.7412131775980833,0.5975730158730159,0.46226633249791144,0.4824263551961665,0.19514603174603176,0.0,0.7216140350877194,0.614,0.7860576701200159,0.9421901814863138,-0.9456730517585479
Breast Cancer,15,Random Forest,1.5,114,17,0.8508771929824561,0.6891723475355055,0.7079942889870725,0.5817765639589171,0.3783446950710109,0.41598857797414496,0.16355312791783383,0.0,0.6857543859649123,0.6174117647058823,0.8450478539564715,0.9458489243678363,-0.925606820398362
Breast Cancer,15,Random Forest,2.0,114,18,0.8421052631578947,0.64657798663325,0.6633205687830688,0.5572842151675486,0.2931559732664996,0.3266411375661376,0.11456843033509702,0.0,0.6494035087719299,0.6013333333333333,0.8922934136660143,0.9637304911130798,-0.8845359131404442
Breast Cancer,15,Gradient Boosting,0.0,114,2,0.9824561403508771,0.96644617189497,0.9700825744563772,0.7628076284561575,5.577511458239037,5.6471912085333065,1.6754454417600055,0.5,,,,,
Breast Cancer,15,Gradient Boosting,0.25,114,3,0.9736842105263158,0.9638793121610937,0.9702394828257107,0.7285529975702714,5.2326054922241445,5.346589388362379,1.0152013351094384,0.0,,,,,
Breast Cancer,15,Gradient Boosting,0.5,114,7,0.9385964912280702,0.9394294737597536,0.9503750221862179,0.772118947812369,4.449088893341389,4.647511337281171,1.4160601074047219,0.2857142857142857,,,,,
Breast Cancer,15,Gradient Boosting,1.0,114,12,0.8947368421052632,0.9115402323955053,0.9375019819377093,0.6908653612867718,3.4490642539150453,3.7300871459365528,1.0603696717322315,0.08333333333333333,,,,,
Breast Cancer,15,Gradient Boosting,1.5,114,25,0.7807017543859649,0.8667388638342479,0.8990320038011507,0.7517752855520736,2.831237463317958,3.197777903800871,1.526353495198791,0.24,,,,,
Breast Cancer,15,Gradient Boosting,2.0,114,26,0.7719298245614035,0.8364145287507264,0.8574338052260967,0.7652723622187039,2.3556492522965127,2.614676390155138,1.4789420164673184,0.19230769230769232,,,,,
Breast Cancer,16,Logistic Regression,0.0,114,2,0.9824561403508771,0.9710050189741068,0.9788279451463472,0.5329211533286464,8.010090447945569,8.150772817738927,0.1318777395175312,0.0,,,,,
Breast Cancer,16,Logistic Regression,0.25,114,3,0.9736842105263158,0.9671396876934799,0.9753526113510087,0.6632615123649143,7.96926817231871,8.164545728710072,0.7439985858382817,0.0,,,,,
Breast Cancer,16,Logistic Regression,0.5,114,6,0.9473684210526315,0.959921586862744,0.9776218982636266,0.6413159816468583,7.994864077434901,8.395650042610997,0.7807167042651696,0.16666666666666666,,,,,
Breast Cancer,16,Logistic Regression,1.0,114,14,0.8771929824561403,0.9225092835036341,0.9500107999331989,0.7260698804353144,7.820687552952802,8.744660512867917,1.2208806964162693,0.21428571428571427,,,,,
Breast Cancer,16,Logistic Regression,1.5,114,20,0.8245614035087719,0.9418656947295418,0.9579043272861073,0.8664841217136828,7.838959356422002,8.882315392064069,2.9351859889042844,0.5,,,,,
Breast Cancer,16,Logistic Regression,2.0,114,29,0.7456140350877193,0.9507292271605339,0.9707357742831222,0.8920893476632928,9.608190248134306,11.302480993238872,4.6421656504140225,0.6206896551724138,,,,,
Breast Cancer,16,Random Forest,0.0,114,5,0.956140350877193,0.9398664578111946,0.9558109654871121,0.5922761904761904,0.8797329156223892,0.9116219309742244,0.18455238095238088,0.0,0.9383157894736841,0.5680000000000001,0.21686179021049873,0.9765335120916898,-0.9883037001575103
Breast Cancer,16,Random Forest,0.25,114,6,0.9473684210526315,0.9185301726538568,0.9332287624926514,0.6539555555555555,0.8370603453077138,0.8664575249853028,0.3079111111111111,0.0,0.9176140350877193,0.6573333333333333,0.31398672699773966,0.9190619937363723,-0.9798173788783721
Breast Cancer,16,Random Forest,0.5,114,5,0.956140350877193,0.8461488721804511,0.8583167321974662,0.5808895238095239,0.6922977443609023,0.7166334643949321,0.16177904761904763,0.0,0.8412982456140351,0.5936,0.5174916350711344,0.9684502187793592,-0.9749545008408097
Breast Cancer,16,Random Forest,1.0,114,14,0.8771929824561403,0.7413923558897242,0.7691717936507935,0.5429678004535148,0.48278471177944854,0.5383435873015873,0.08593560090702948,0.0,0.7358596491228071,0.5774285714285714,0.7370824159608984,0.9778972022970264,-0.9576422392848217
Breast Cancer,16,Random Forest,1.5,114,18,0.8421052631578947,0.6668115566694512,0.6845462136243387,0.5722267195767196,0.3336231133389029,0.36909242724867725,0.14445343915343917,0.0,0.6687368421052631,0.6164444444444445,0.8573648447190864,0.949465360917933,-0.915916659608755
Breast Cancer,16,Random Forest,2.0,114,30,0.7368421052631579,0.6700213589529379,0.6971890400604687,0.593951851851852,0.3400427179058758,0.3943780801209374,0.18790370370370374,0.0,0.6731228070175439,0.6272000000000001,0.8582652381076523,0.9344476358507291,-0.9090235364709492
Breast Cancer,16,Gradient Boosting,0.0,114,4,0.9649122807017544,0.9814500584772394,0.9889409558746796,0.7754503800476399,6.091065470403136,6.2564409645907855,1.5432393802427589,0.25,,,,,
Breast Cancer,16,Gradient Boosting,0.25,114,3,0.9736842105263158,0.9652183304641837,0.9674292543072405,0.883414148271088,5.660657482720523,5.753648209864775,2.220000578383221,0.3333333333333333,,,,,
Breast Cancer,16,Gradient Boosting,0.5,114,4,0.9649122807017544,0.940931786693521,0.9538588288040578,0.585438128653751,4.664971216239534,4.821214425871083,0.36828295137195177,0.0,,,,,
Breast Cancer,16,Gradient Boosting,1.0,114,16,0.8596491228070176,0.9007850602095876,0.932186006119518,0.7084542665112645,3.607742268325044,4.0172883981469365,1.0992722231659493,0.125,,,,,
Breast Cancer,16,Gradient Boosting,1.5,114,25,0.7807017543859649,0.8632721793179821,0.9048645060748502,0.7152034960635316,2.6376413833788908,3.079902415338088,1.0631921096041483,0.12,,,,,
Breast Cancer,16,Gradient Boosting,2.0,114,31,0.7280701754385965,0.860891111713329,0.8921623759911833,0.7771648234855256,2.806632457855984,3.2086343629645926,1.7303047764361608,0.3548387096774194,,,,,
Breast Cancer,17,Logistic Regression,0.0,114,2,0.9824561403508771,0.967682172203984,0.9683229385220422,0.9317992583927253,7.242559297589921,7.308282693879696,3.5620491053625383,0.5,,,,,
Breast Cancer,17,Logistic Regression,0.25,114,4,0.9649122807017544,0.9624752238660119,0.9693923954227956,0.7722530060544617,7.198009218035459,7.400636067911536,1.625770846443295,0.25,,,,,
Breast Cancer,17,Logistic Regression,0.5,114,7,0.9385964912280702,0.9554073228288632,0.9687608031491607,0.7512898379328891,7.231640183495924,7.616287740837581,1.3520275212734227,0.14285714285714285,,,,,
Breast Cancer,17,Logistic Regression,1.0,114,12,0.8947368421052632,0.9643912431943003,0.9798453187824423,0.8330316006950916,7.601379800359891,8.238034835800748,2.189811999112606,0.5833333333333334,,,,,
Breast Cancer,17,Logistic Regression,1.5,114,14,0.8771929824561403,0.9545721646030187,0.9668725667211565,0.8667121494734639,8.257722018764865,8.899447983951568,3.6739651245741194,0.6428571428571429,,,,,
Breast Cancer,17,Logistic Regression,2.0,114,15,0.868421052631579,0.9594663192759851,0.9633940704346775,0.9335431616286155,9.356800101624959,10.073877653331373,4.624088260362616,0.7333333333333333,,,,,
Breast Cancer,17,Random Forest,0.0,114,4,0.9649122807017544,0.9260599832915621,0.935657316017316,0.6621333333333334,0.8521199665831245,0.871314632034632,0.3242666666666668,0.25,0.9248070175438596,0.651,0.2631743746055138,0.8763405099915332,-0.9880007720477831
Breast Cancer,17,Random Forest,0.25,114,6,0.9473684210526315,0.8983998607630186,0.9118460611405056,0.656368253968254,0.7967997215260374,0.8236921222810112,0.3127365079365079,0.0,0.8939298245614036,0.6526666666666667,0.3734971612630258,0.9012382755296757,-0.98578946435569
Breast Cancer,17,Random Forest,0.5,114,6,0.9473684210526315,0.8337029100529102,0.843083935920047,0.6648444444444445,0.6674058201058201,0.686167871840094,0.3296888888888889,0.16666666666666666,0.8245263157894738,0.668,0.5567560509641531,0.8863791847233885,-0.9752570127718795
Breast Cancer,17,Random Forest,1.0,114,15,0.868421052631579,0.7357465329991646,0.7586753727753728,0.5844161904761904,0.47149306599832913,0.5173507455507456,0.1688323809523809,0.0,0.7225263157894737,0.5933333333333333,0.7709756424353993,0.9659032406552372,-0.9532900898314949
Breast Cancer,17,Random Forest,1.5,114,24,0.7894736842105263,0.6862820245057089,0.7116897001763669,0.5910032407407407,0.37256404901141743,0.4233794003527337,0.18200648148148146,0.0,0.6875789473684211,0.6313333333333333,0.844152352920264,0.9398061011016831,-0.9087585417058816
Breast Cancer,17,Random Forest,2.0,114,13,0.8859649122807017,0.6500392926761347,0.662360977526324,0.5543092796092797,0.3000785853522696,0.32472195505264817,0.10861855921855927,0.0,0.6433333333333333,0.5726153846153846,0.8945745503255004,0.9792202873946898,-0.8988021718010865
Breast Cancer,17,Gradient Boosting,0.0,114,4,0.9649122807017544,0.9710253887137736,0.9808190127084263,0.7017007288608246,6.208297048730574,6.352117718383591,2.25322863327266,0.25,,,,,
Breast Cancer,17,Gradient Boosting,0.25,114,5,0.956140350877193,0.9660371316205206,0.9776358911887655,0.7131841730327807,5.8597767693174765,6.045539282274927,1.8101539868450771,0.2,,,,,
Breast Cancer,17,Gradient Boosting,0.5,114,8,0.9298245614035088,0.9495395649766528,0.9614822748144982,0.7912986596251997,4.932878424733794,5.111168638756596,2.570533088931663,0.375,,,,,
Breast Cancer,17,Gradient Boosting,1.0,114,17,0.8508771929824561,0.899169539606613,0.9178631055003714,0.7925062518598758,3.535527914895286,3.859671223737911,1.6860043291461881,0.17647058823529413,,,,,
Breast Cancer,17,Gradient Boosting,1.5,114,23,0.7982456140350878,0.895077779351152,0.9173922956804045,0.8067899103962838,3.0809760309546013,3.3726399408280345,1.9270014310205854,0.34782608695652173,,,,,
Breast Cancer,17,Gradient Boosting,2.0,114,21,0.8157894736842105,0.8712933377391419,0.8925594223110235,0.7771149632065226,2.7374487681129267,3.025195598406466,1.4631413768129697,0.14285714285714285,,,,,
Breast Cancer,18,Logistic Regression,0.0,114,4,0.9649122807017544,0.9724131927311329,0.9770440740974816,0.8450639551565482,8.158225617648336,8.351840680051415,2.83381140156368,0.5,,,,,
Breast Cancer,18,Logistic Regression,0.25,114,4,0.9649122807017544,0.9697176152686857,0.9746169065897516,0.834987103939373,8.256544569700953,8.470743117513843,2.3660845048465418,0.25,,,,,
Breast Cancer,18,Logistic Regression,0.5,114,8,0.9298245614035088,0.958830042427357,0.9760691601993818,0.7304117319480283,8.310546145588908,8.815893153846329,1.614698286178115,0.25,,,,,
Breast Cancer,18,Logistic Regression,1.0,114,12,0.8947368421052632,0.9559961702660437,0.9666172098339257,0.8657173339390449,8.432716371275859,9.121624002729055,2.5770015039236767,0.3333333333333333,,,,,
Breast Cancer,18,Logistic Regression,1.5,114,16,0.8596491228070176,0.934619471545325,0.9535813240486872,0.8184781249622313,8.634871116702188,9.681384575576068,2.2249761810996693,0.375,,,,,
Breast Cancer,18,Logistic Regression,2.0,114,28,0.7543859649122807,0.9395885286822353,0.9669622644449843,0.8555120545537911,9.473619383913094,11.02206337872809,4.717684256981319,0.5714285714285714,,,,,
Breast Cancer,18,Random Forest,0.0,114,8,0.9298245614035088,0.9381776246170982,0.9507730757711889,0.7712878968253969,0.8763552492341965,0.9015461515423779,0.5425757936507937,0.25,0.9359649122807018,0.765,0.23149458084874733,0.7033808109816204,-0.9865251996821242
Breast Cancer,18,Random Forest,0.25,114,9,0.9210526315789473,0.9132481063770538,0.9307153136810279,0.7094640211640212,0.8264962127541075,0.861430627362056,0.41892804232804237,0.2222222222222222,0.9111228070175439,0.7155555555555556,0.3198249654906462,0.7953596340739524,-0.9881739207705663
Breast Cancer,18,Random Forest,0.5,114,6,0.9473684210526315,0.8679705653021442,0.8761092739564963,0.7214738095238097,0.7359411306042885,0.7522185479129923,0.4429476190476191,0.16666666666666666,0.8595087719298246,0.7120000000000001,0.4721455228832886,0.8007610502597835,-0.9804828746232948
Breast Cancer,18,Random Forest,1.0,114,12,0.8947368421052632,0.7545059454191034,0.7667845471521944,0.6501378306878308,0.5090118908382066,0.5335690943043885,0.30027566137566136,0.0,0.7453333333333333,0.6633333333333332,0.7321389683757371,0.8875979131573578,-0.9683134564136728
Breast Cancer,18,Random Forest,1.5,114,13,0.8859649122807017,0.6852038150932886,0.6988262769134057,0.5793677655677656,0.3704076301865776,0.3976525538268113,0.15873553113553107,0.0,0.6783859649122806,0.5981538461538461,0.846673794999963,0.9628474437592591,-0.9402360561714341
Breast Cancer,18,Random Forest,2.0,114,34,0.7017543859649122,0.6708518796992482,0.6950626984126984,0.6138852474323061,0.34170375939849623,0.3901253968253969,0.22777049486461254,0.0,0.675298245614035,0.6421176470588236,0.8612035654940331,0.9269608140359233,-0.9181195375916246
Breast Cancer,18,Gradient Boosting,0.0,114,5,0.956140350877193,0.976328153729678,0.97922473005409,0.9131827898574978,6.2438314626064795,6.342232408335949,4.098690845703992,0.6,,,,,
Breast Cancer,18,Gradient Boosting,0.25,114,7,0.9385964912280702,0.9631033204481814,0.9718736693541157,0.8290422728860429,5.895920683996961,6.091522655180517,2.906004838762596,0.5714285714285714,,,,,
Breast Cancer,18,Gradient Boosting,0.5,114,7,0.9385964912280702,0.9641087875307988,0.9700485716837214,0.8733149440504102,5.2207831158472935,5.3784371995184586,2.8109278368737636,0.7142857142857143,,,,,
Breast Cancer,18,Gradient Boosting,1.0,114,16,0.8596491228070176,0.904461291754283,0.925817460729105,0.7736547567834979,3.693160607040164,4.03254921638786,1.6144053747855243,0.3125,,,,,
Breast Cancer,18,Gradient Boosting,1.5,114,18,0.8421052631578947,0.8706765499291691,0.9006706491358035,0.710708020827119,2.872528908528701,3.209683539638784,1.0743708759415946,0.16666666666666666,,,,,
Breast Cancer,18,Gradient Boosting,2.0,114,32,0.7192982456140351,0.8408513022401555,0.8690410001499421,0.7686152013463273,2.6075627436721653,2.974273692071269,1.6678659383994616,0.25,,,,,
Breast Cancer,19,Logistic Regression,0.0,114,3,0.9736842105263158,0.964199223168718,0.9713302311361595,0.7003519283733738,7.271511546978416,7.437561927483778,1.1276474682800162,0.3333333333333333,,,,,
Breast Cancer,19,Logistic Regression,0.25,114,4,0.9649122807017544,0.9608785961265892,0.9678211144388857,0.7699593425384325,7.319585520018057,7.536531060367824,1.3535831603994755,0.25,,,,,
Breast Cancer,19,Logistic Regression,0.5,114,4,0.9649122807017544,0.9686675068766459,0.9748599676898696,0.7983748345129945,7.311663035317531,7.5116344665057,1.8124486776428885,0.5,,,,,
Breast Cancer,19,Logistic Regression,1.0,114,9,0.9210526315789473,0.9585842314680696,0.9762705530888742,0.7522438125586824,7.589613121755725,8.130420289813033,1.280196161087118,0.2222222222222222,,,,,
Breast Cancer,19,Logistic Regression,1.5,114,14,0.8771929824561403,0.9533444494418243,0.9684328703317516,0.845570014513772,8.111105871810059,8.853538190101807,2.8080178840118566,0.5,,,,,
Breast Cancer,19,Logistic Regression,2.0,114,20,0.8245614035087719,0.949968426780551,0.964829992172495,0.880119069438415,8.906397673928877,10.063819165635914,3.466516662905808,0.65,,,,,
Breast Cancer,19,Random Forest,0.0,114,5,0.956140350877193,0.930069507101086,0.9425644823066842,0.6576790476190475,0.8601390142021722,0.8851289646133683,0.31535809523809516,0.0,0.9281403508771929,0.6624000000000001,0.26615697752349887,0.8866687782171011,-0.987948090015956
Breast Cancer,19,Random Forest,0.25,114,4,0.9649122807017544,0.9014819966583125,0.9141215151515152,0.5538952380952381,0.8029639933166249,0.8282430303030303,0.10779047619047614,0.0,0.8962456140350877,0.531,0.35538300130013,0.9958706985804151,-0.9893965359956508
Breast Cancer,19,Random Forest,0.5,114,5,0.956140350877193,0.8293705931495405,0.8435909276248728,0.5193673015873015,0.658741186299081,0.6871818552497451,0.03873460317460322,0.0,0.8225614035087718,0.548,0.5596547055168287,0.9926897188520595,-0.9810410300309435
Breast Cancer,19,Random Forest,1.0,114,14,0.8771929824561403,0.7229358117516012,0.7464721269841269,0.5548192743764172,0.4458716235032025,0.492944253968254,0.1096385487528345,0.0,0.7201403508771929,0.5951428571428571,0.7816617221079861,0.9677722542332641,-0.9527000872752254
Breast Cancer,19,Random Forest,1.5,114,21,0.8157894736842105,0.6717405736563631,0.6925499573306025,0.579584731670446,0.3434811473127262,0.38509991466120497,0.159169463340892,0.0,0.6764561403508771,0.6302857142857142,0.8511109131910125,0.9345200032954436,-0.9318346396761755
Breast Cancer,19,Random Forest,2.0,114,17,0.8508771929824561,0.653493038150933,0.6670898543609883,0.5759112044817927,0.3069860763018658,0.3341797087219767,0.15182240896358548,0.0,0.6548070175438595,0.6230588235294117,0.8764514744398819,0.9455720497007455,-0.9174643716556217
Breast Cancer,19,Gradient Boosting,0.0,114,5,0.956140350877193,0.9740692513103989,0.980403372490666,0.8359854095805732,5.839707767992944,6.008753318217929,2.1545147730883043,0.4,,,,,
Breast Cancer,19,Gradient Boosting,0.25,114,6,0.9473684210526315,0.967777855807345,0.9793166515433573,0.7600795325591235,5.3560970254759654,5.572249554704945,1.465351499354308,0.3333333333333333,,,,,
Breast Cancer,19,Gradient Boosting,0.5,114,6,0.9473684210526315,0.9530021567083204,0.9610435363902136,0.8082573224342476,4.550149985437511,4.700869602888609,1.8371968713177456,0.3333333333333333,,,,,
Breast Cancer,19,Gradient Boosting,1.0,114,13,0.8859649122807017,0.879739580827385,0.9080301057851567,0.6599439638477744,3.0826141024922724,3.383609822556514,0.7441088927623969,0.07692307692307693,,,,,
Breast Cancer,19,Gradient Boosting,1.5,114,22,0.8070175438596491,0.8279686309733726,0.8678268473532801,0.6612888170210329,2.3850176034877406,2.765344240826656,0.7945607564340972,0.09090909090909091,,,,,
Breast Cancer,19,Gradient Boosting,2.0,114,17,0.8508771929824561,0.8339130241617378,0.8485756877110756,0.7502495909684564,2.318968804321769,2.5006003874351035,1.2826003594986304,0.11764705882352941,,,,,
Wine,0,Logistic Regression,0.0,36,1,0.9722222222222222,0.9170752735153154,0.9278565036623841,0.5397322183679085,4.29242840571801,4.410484809376681,0.16045427766456966,0.0,,,,,
Wine,0,Logistic Regression,0.25,36,1,0.9722222222222222,0.9282177153574376,0.9372941330211149,0.6105430971287353,4.42257222095229,4.535196776314113,0.48071278328850475,0.0,,,,,
Wine,0,Logistic Regression,0.5,36,2,0.9444444444444444,0.903819076273022,0.9216724053464218,0.6003124820252254,4.283267752426614,4.510417175782783,0.42172755537173134,0.0,,,,,
Wine,0,Logistic Regression,1.0,36,7,0.8055555555555556,0.883565791409753,0.9215031087948328,0.7263969051001365,4.17193352310651,4.77442719212497,1.6758883228871742,0.2857142857142857,,,,,
Wine,0,Logistic Regression,1.5,36,8,0.7777777777777778,0.8878111578402654,0.9160451928881406,0.7889920351727031,4.076266956455026,4.611391925219037,2.2033295657809924,0.375,,,,,
Wine,0,Logistic Regression,2.0,36,9,0.75,0.9263069672806608,0.9523205236322096,0.8482662982260147,6.868882845033786,7.624409360793794,4.602303297753764,0.5555555555555556,,,,,
Wine,0,Random Forest,0.0,36,1,0.9722222222222222,0.8265899470899472,0.831450612244898,0.6564666666666665,0.683569312169312,0.6939417687074828,0.3205333333333332,0.0,0.8235555555555556,0.684,0.4137246113645365,0.587349966810912,-0.9852267310493441
Wine,0,Random Forest,0.25,36,3,0.9166666666666666,0.786615343915344,0.8052562770562771,0.5815650793650794,0.614451058201058,0.6506600288600289,0.21615238095238096,0.0,0.7873333333333332,0.6,0.4723580053465432,0.7074906159597166,-0.985602426605846
Wine,0,Random Forest,0.5,36,4,0.8888888888888888,0.7468269841269843,0.773777380952381,0.5312238095238095,0.5447992063492064,0.5900264880952382,0.1829809523809524,0.0,0.7500000000000001,0.5630000000000001,0.5312402687517681,0.7941752936897342,-0.9877857063531622
Wine,0,Random Forest,1.0,36,8,0.7777777777777778,0.6282150793650795,0.6444418367346941,0.5714214285714286,0.3445751322751323,0.3770897959183674,0.23077380952380958,0.125,0.6336666666666666,0.591,0.6982059459488459,0.6860637693385142,-0.9787258991115432
Wine,0,Random Forest,1.5,36,11,0.6944444444444444,0.6052174603174604,0.6171177142857143,0.5781714285714284,0.3322899470899471,0.3593036190476191,0.27089523809523813,0.0,0.6085555555555555,0.5901818181818181,0.7718840146713399,0.7695776996004419,-0.9772310351490614
Wine,0,Random Forest,2.0,36,9,0.75,0.6452793650793651,0.6680239858906526,0.5770455026455027,0.39803042328042326,0.4395929453262787,0.27334285714285717,0.1111111111111111,0.6477777777777778,0.5862222222222223,0.7115566016073663,0.766943043815567,-0.9863081862417838
Wine,0,Gradient Boosting,0.0,36,1,0.9722222222222222,0.9566198606169701,0.9593762385981535,0.8601466312755617,5.06842421077409,5.161275243537806,1.818638064044035,0.0,,,,,
Wine,0,Gradient Boosting,0.25,36,1,0.9722222222222222,0.9245008729388621,0.9226326107201731,0.9898900505929742,4.679495036136381,4.679162384689981,4.691137836760382,1.0,,,,,
Wine,0,Gradient Boosting,0.5,36,6,0.8333333333333334,0.9186075605142118,0.9552907682958304,0.7351915216061192,4.375499743538437,4.9105836552814175,1.7000801848235305,0.16666666666666666,,,,,
Wine,0,Gradient Boosting,1.0,36,11,0.6944444444444444,0.8342385740862984,0.8510203238161271,0.7960982337912335,3.134119313456719,3.5175213798494536,2.262750980745958,0.36363636363636365,,,,,
Wine,0,Gradient Boosting,1.5,36,18,0.5,0.8691746931828733,0.9461173836765919,0.7922320026891545,3.280708143878425,4.299901883044111,2.2615144047127376,0.3888888888888889,,,,,
Wine,0,Gradient Boosting,2.0,36,8,0.7777777777777778,0.8498430321915182,0.8768385467481906,0.7553587312431651,3.3747232212325007,3.644581973180034,2.430217589416136,0.375,,,,,
Wine,1,Logistic Regression,0.0,36,0,1.0,0.9422081557988695,0.9422081557988695,,4.589265426120488,4.589265426120488,,,,,,,
Wine,1,Logistic Regression,0.25,36,1,0.9722222222222222,0.9404937977972398,0.9509029273508777,0.5761742634199117,4.514112145114512,4.625596054471385,0.6121753176239215,0.0,,,,,
Wine,1,Logistic Regression,0.5,36,4,0.8888888888888888,0.9192158606969549,0.959451906951607,0.5973274906597388,4.794456976671902,5.333670479276385,0.48074895583604255,0.0,,,,,
Wine,1,Logistic Regression,1.0,36,10,0.7222222222222222,0.8985316136253599,0.929717087930842,0.8174493804311067,4.19919051758601,4.9789868891097955,2.1717199516241683,0.4,,,,,
Wine,1,Logistic Regression,1.5,36,11,0.6944444444444444,0.9159710202324882,0.9653330435843914,0.8037846035236176,5.261999156558095,6.628800913253767,2.1556315277042923,0.45454545454545453,,,,,
Wine,1,Logistic Regression,2.0,36,12,0.6666666666666666,0.9118485738452404,0.9414556370409102,0.852634447453901,5.244593217773343,6.48158975676608,2.770600139787874,0.4166666666666667,,,,,
Wine,1,Random Forest,0.0,36,0,1.0,0.8662403439153438,0.8662403439153438,,0.7567899470899471,0.7567899470899471,,,0.8653333333333334,,0.3418737774434626,,-0.9859924464153553
Wine,1,Random Forest,0.25,36,1,0.9722222222222222,0.8464088624338626,0.8580472108843539,0.4390666666666666,0.7174325396825397,0.7373420408163266,0.020599999999999896,0.0,0.8445555555555556,0.436,0.37559405035093296,0.8983982604059855,-0.9878062355503532
Wine,1,Random Forest,0.5,36,2,0.9444444444444444,0.7901206349206349,0.7990943977591035,0.6375666666666666,0.6171042328042328,0.6339829131652661,0.3301666666666667,0.0,0.7897777777777779,0.6499999999999999,0.4728978222334715,0.6912694085394342,-0.9850817776307503
Wine,1,Random Forest,1.0,36,9,0.75,0.6340445767195768,0.6567296296296298,0.5659894179894179,0.3525129629629629,0.39381481481481484,0.2286074074074074,0.0,0.6315555555555554,0.56,0.70079800815181,0.7907547438859303,-0.9828909603711858
Wine,1,Random Forest,1.5,36,13,0.6388888888888888,0.6637908730158729,0.7211935817805383,0.5622322344322345,0.41837314814814813,0.5237432712215322,0.2319490842490843,0.0,0.666111111111111,0.5652307692307691,0.688210621712977,0.8121315131236765,-0.984494692724693
Wine,1,Random Forest,2.0,36,12,0.6666666666666666,0.594283597883598,0.6300146825396825,0.5228214285714285,0.29827671957671964,0.3584130952380953,0.17800396825396828,0.0,0.6002222222222222,0.5286666666666666,0.766898272471615,0.8352884721879456,-0.9710855630273735
Wine,1,Gradient Boosting,0.0,36,0,1.0,0.9677564615982597,0.9677564615982597,,5.660506502178196,5.660506502178196,,,,,,,
Wine,1,Gradient Boosting,0.25,36,1,0.9722222222222222,0.9573673910910361,0.9694193409036063,0.5355491476510797,5.526056894436031,5.664592924064498,0.6772958574396704,0.0,,,,,
Wine,1,Gradient Boosting,0.5,36,5,0.8611111111111112,0.9377327452835537,0.9607667139959138,0.7949221392669197,4.830262818815136,5.30478676522106,1.8882143510984026,0.2,,,,,
Wine,1,Gradient Boosting,1.0,36,14,0.6111111111111112,0.8712029358190327,0.9210076384780997,0.7929384030690702,3.4281269724967443,4.140612186976253,2.30850734974323,0.42857142857142855,,,,,
Wine,1,Gradient Boosting,1.5,36,11,0.6944444444444444,0.9059663720093644,0.9212825723504807,0.8711568257795546,3.994646950898656,4.340144503961914,3.209425239391247,0.5454545454545454,,,,,
Wine,1,Gradient Boosting,2.0,36,14,0.6111111111111112,0.850515722323351,0.873112221533015,0.8150069378510217,3.0616644973411695,3.4858047920705544,2.3951583199092803,0.42857142857142855,,,,,
Wine,2,Logistic Regression,0.0,36,1,0.9722222222222222,0.9411905434611243,0.9563169243391112,0.4117672127315838,4.323866123379982,4.442157382066801,0.1836720693413294,0.0,,,,,
Wine,2,Logistic Regression,0.25,36,1,0.9722222222222222,0.9336891356246192,0.9404343239198412,0.69760754529185,4.259867680480345,4.357567885733199,0.8403604966304612,0.0,,,,,
Wine,2,Logistic Regression,0.5,36,0,1.0,0.9315788289303382,0.9315788289303382,,4.4979497941765185,4.4979497941765185,,,,,,,
Wine,2,Logistic Regression,1.0,36,8,0.7777777777777778,0.9022989984381338,0.941344309728539,0.7656404089217153,4.501067240159516,5.354848503999506,1.5128328167195544,0.25,,,,,
Wine,2,Logistic Regression,1.5,36,11,0.6944444444444444,0.8764716700030285,0.9148817066954199,0.7891761320657754,4.3807193383476815,5.138720864924428,2.6579885961278027,0.45454545454545453,,,,,
Wine,2,Logistic Regression,2.0,36,12,0.6666666666666666,0.9257934538864707,0.9525556244459445,0.8722691127675227,4.682327198875555,5.608769867624576,2.8294418613775156,0.6666666666666666,,,,,
Wine,2,Random Forest,0.0,36,0,1.0,0.8095068783068782,0.8095068783068782,,0.6672777777777777,0.6672777777777777,,,0.8145555555555555,,0.4491049428656128,,-0.9848217435080155
Wine,2,Random Forest,0.25,36,3,0.9166666666666666,0.7947997354497355,0.8132297258297259,0.5920698412698413,0.6396285714285714,0.6756152958152958,0.24377460317460323,0.0,0.7946666666666666,0.5773333333333334,0.47566011278084575,0.7205919726374321,-0.9871176327156387
Wine,2,Random Forest,0.5,36,4,0.8888888888888888,0.7593152116402117,0.7814605654761904,0.582152380952381,0.5696923280423281,0.6145958333333332,0.21046428571428577,0.0,0.7543333333333334,0.56,0.5402724236472604,0.7080490513747686,-0.9843732885119828
Wine,2,Random Forest,1.0,36,5,0.8611111111111112,0.6818558201058201,0.6920688172043011,0.618535238095238,0.4468753968253969,0.4673072196620584,0.3201980952380952,0.0,0.6782222222222222,0.62,0.6653721135830262,0.704560673216923,-0.9848677770012767
Wine,2,Random Forest,1.5,36,11,0.6944444444444444,0.6071357142857142,0.6504344761904762,0.5087294372294373,0.33687010582010585,0.4066270476190475,0.1783316017316017,0.0,0.6118888888888888,0.5152727272727272,0.7631667104592845,0.8834618254324222,-0.9828340877563068
Wine,2,Random Forest,2.0,36,18,0.5,0.5583080687830688,0.6007539682539682,0.5158621693121694,0.2586160052910053,0.3207693121693122,0.19646269841269845,0.0,0.5539999999999999,0.5055555555555556,0.8318314213989237,0.8950194367560298,-0.980267230665521
Wine,2,Gradient Boosting,0.0,36,2,0.9444444444444444,0.9322760556058957,0.94995417662865,0.6317479982190709,5.157527697030112,5.401363954017759,1.0123113282401128,0.0,,,,,
Wine,2,Gradient Boosting,0.25,36,4,0.8888888888888888,0.9534648068388039,0.9792840819091142,0.7469106062763191,5.432339239134016,5.906357652902111,1.6401919289892624,0.25,,,,,
Wine,2,Gradient Boosting,0.5,36,5,0.8611111111111112,0.9289383927449096,0.952627986761152,0.7820629098442061,4.753141349351134,5.160223567698197,2.2292315955993436,0.2,,,,,
Wine,2,Gradient Boosting,1.0,36,5,0.8611111111111112,0.9118506992222319,0.9271859678451485,0.8167720337601485,4.204471526495648,4.477204755913286,2.513525504106287,0.4,,,,,
Wine,2,Gradient Boosting,1.5,36,14,0.6111111111111112,0.8825600017060506,0.9054641857492154,0.8465677124953636,3.6149867586852604,4.123128679779442,2.816478025537259,0.5,,,,,
Wine,2,Gradient Boosting,2.0,36,20,0.4444444444444444,0.8247837187595853,0.8858536554347103,0.7759277694194855,2.877333247505712,3.7716168701803703,2.1619063493659847,0.35,,,,,
Wine,3,Logistic Regression,0.0,36,0,1.0,0.9583607341548045,0.9583607341548045,,4.865669704630615,4.865669704630615,,,,,,,
Wine,3,Logistic Regression,0.25,36,0,1.0,0.958210927932842,0.958210927932842,,4.792167003318742,4.792167003318742,,,,,,,
Wine,3,Logistic Regression,0.5,36,2,0.9444444444444444,0.9341330177268655,0.9440989794439193,0.7647116685369504,4.745756433133858,4.944001064329372,1.3755977028101083,0.0,,,,,
Wine,3,Logistic Regression,1.0,36,3,0.9166666666666666,0.9226880117006184,0.940629435551981,0.7253323493356288,4.834096471582669,5.161562790849999,1.2319669596420466,0.3333333333333333,,,,,
Wine,3,Logistic Regression,1.5,36,4,0.8888888888888888,0.9020397860912426,0.9160852352220161,0.7896761930450535,5.104900243509209,5.528734772336406,1.7142240128916197,0.5,,,,,
Wine,3,Logistic Regression,2.0,36,12,0.6666666666666666,0.889443070765227,0.894524525936126,0.8792801604234287,4.389044518367806,4.581353594795604,4.004426365512209,0.5833333333333334,,,,,
Wine,3,Random Forest,0.0,36,1,0.9722222222222222,0.8797229276895943,0.8900573242630385,0.5180190476190476,0.7770781305114638,0.7981364172335601,0.04003809523809515,0.0,0.8768888888888889,0.512,0.3077427262927157,0.6517848071176099,-0.9910953766524664
Wine,3,Random Forest,0.25,36,1,0.9722222222222222,0.8513639329805996,0.8598203174603175,0.5553904761904763,0.7278056437389769,0.7451206349206347,0.12178095238095249,0.0,0.8463333333333334,0.544,0.3726095692553704,0.6482699796006111,-0.989791466106656
Wine,3,Random Forest,0.5,36,5,0.8611111111111112,0.7855552028218695,0.8284091141833078,0.5198609523809524,0.6178019400352733,0.6907398873527907,0.1655866666666667,0.0,0.7803333333333333,0.5112,0.4701389182469203,0.8122384325590595,-0.9910725480463211
Wine,3,Random Forest,1.0,36,4,0.8888888888888888,0.6620544091710757,0.6727409722222222,0.5765619047619047,0.4036969135802469,0.4262429563492064,0.22332857142857138,0.0,0.6658888888888889,0.6000000000000001,0.6872440584079043,0.7337634848387263,-0.9705160062213178
Wine,3,Random Forest,1.5,36,8,0.7777777777777778,0.634708201058201,0.659894784580499,0.5465551587301587,0.37338192239858903,0.4149837868480725,0.22777539682539683,0.0,0.6357777777777778,0.5445,0.7196665293464363,0.7966638248649808,-0.9882960971029926
Wine,3,Random Forest,2.0,36,16,0.5555555555555556,0.5464674603174603,0.5848033333333335,0.498547619047619,0.22892989417989418,0.29122857142857145,0.15105654761904763,0.0,0.5617777777777778,0.51525,0.8079053227990479,0.8587818007026898,-0.9783971425366292
Wine,3,Gradient Boosting,0.0,36,0,1.0,0.9761817858841442,0.9761817858841442,,5.9676609624069545,5.9676609624069545,,,,,,,
Wine,3,Gradient Boosting,0.25,36,1,0.9722222222222222,0.9706215055194407,0.9703866258800592,0.9788422928977952,5.483348698071044,5.530305932411445,3.8398454961570034,1.0,,,,,
Wine,3,Gradient Boosting,0.5,36,6,0.8333333333333334,0.9660383156748029,0.9741972843958114,0.9252434720697601,5.3850922838104305,5.832944920566175,3.145829100031719,0.6666666666666666,,,,,
Wine,3,Gradient Boosting,1.0,36,5,0.8611111111111112,0.8929589376215028,0.892007213293485,0.8988596284552139,3.3117413557791675,3.4408886455366203,2.511028159282955,0.6,,,,,
Wine,3,Gradient Boosting,1.5,36,13,0.6388888888888888,0.8634743664626545,0.9342091579776641,0.738328196859176,3.6369310978998266,4.805741375032845,1.5690359922029442,0.23076923076923078,,,,,
Wine,3,Gradient Boosting,2.0,36,21,0.4166666666666667,0.808692537546265,0.8107724107908988,0.807206913800098,2.9661353009984004,2.976312211676255,2.958866079085647,0.5238095238095238,,,,,
Wine,4,Logistic Regression,0.0,36,3,0.9166666666666666,0.9216873569354124,0.958606217915251,0.515579886157188,4.882284384900816,5.299772636313755,0.28991361935849436,0.0,,,,,
Wine,4,Logistic Regression,0.25,36,3,0.9166666666666666,0.9236596742882236,0.9469037126475159,0.6679752523360087,4.826681075339466,5.183496556717734,0.9017107801785152,0.0,,,,,
Wine,4,Logistic Regression,0.5,36,2,0.9444444444444444,0.9305594946537428,0.9528532253710182,0.5515660724600591,5.0394088827677415,5.312082364404011,0.4039596949511826,0.0,,,,,
Wine,4,Logistic Regression,1.0,36,5,0.8611111111111112,0.9123778898703241,0.9342761155940107,0.7766088903834681,5.018236655510976,5.578088935612275,1.5471525188829296,0.2,,,,,
Wine,4,Logistic Regression,1.5,36,6,0.8333333333333334,0.8939738634434656,0.9039262278008803,0.8442120416563942,4.760234872016432,5.190387918833816,2.6094696379295117,0.5,,,,,
Wine,4,Logistic Regression,2.0,36,13,0.6388888888888888,0.9186463918073456,0.9233085228954557,0.9103980060360739,4.884837499313502,5.30596576726726,4.139764409856852,0.6923076923076923,,,,,
Wine,4,Random Forest,0.0,36,1,0.9722222222222222,0.8474306878306879,0.8554658503401361,0.5662,0.729039417989418,0.7457510204081633,0.14413333333333345,0.0,0.8488888888888888,0.6,0.37089497055081333,0.6616606620725338,-0.9900759776518749
Wine,4,Random Forest,0.25,36,1,0.9722222222222222,0.8131328042328043,0.8211717006802722,0.5317714285714286,0.6657576719576719,0.6826666666666666,0.07394285714285714,0.0,0.8162222222222222,0.572,0.4142815654897522,0.6712685043244938,-0.987453456838398
Wine,4,Random Forest,0.5,36,2,0.9444444444444444,0.7803698412698412,0.8001210084033613,0.44459999999999994,0.6110235449735449,0.6425885154061625,0.0744190476190475,0.0,0.7791111111111111,0.454,0.49666811070600125,0.9256828319956643,-0.9847495458588592
Wine,4,Random Forest,1.0,36,8,0.7777777777777778,0.6746074074074074,0.7034870748299321,0.5735285714285714,0.4383502645502645,0.4951945578231292,0.23939523809523816,0.0,0.676888888888889,0.581,0.6636964363744399,0.7776692518645013,-0.9811037049875565
Wine,4,Random Forest,1.5,36,8,0.7777777777777778,0.6439735449735449,0.6471061224489795,0.6330095238095238,0.38724788359788354,0.398652380952381,0.3473321428571428,0.125,0.6475555555555554,0.635,0.7125859959264231,0.7028128535856522,-0.9808990769773044
Wine,4,Random Forest,2.0,36,14,0.6111111111111112,0.5763978835978835,0.5933536796536797,0.5497530612244897,0.27486455026455026,0.3012138528138528,0.23345850340136054,0.0,0.5814444444444444,0.5557142857142858,0.7921434836991313,0.8271989410171704,-0.970110355909104
Wine,4,Gradient Boosting,0.0,36,2,0.9444444444444444,0.9495069329677494,0.9700699769550234,0.5999351851840932,5.443609922235317,5.735890344154658,0.4748427496065236,0.0,,,,,
Wine,4,Gradient Boosting,0.25,36,2,0.9444444444444444,0.9038346803142263,0.9223438260496959,0.5891792028112441,4.56434968691761,4.806577295578799,0.44648033967740675,0.0,,,,,
Wine,4,Gradient Boosting,0.5,36,3,0.9166666666666666,0.9080853433571195,0.9337262211332104,0.6260356878201233,4.47298518975536,4.79184477967996,0.9655297005847719,0.3333333333333333,,,,,
Wine,4,Gradient Boosting,1.0,36,11,0.6944444444444444,0.8616983048943395,0.9237237973226585,0.7207312766481601,3.412745017085509,4.100668253167359,1.8492831168994863,0.36363636363636365,,,,,
Wine,4,Gradient Boosting,1.5,36,13,0.6388888888888888,0.8351670866382032,0.8883446088745761,0.741083778066159,3.2780481970463127,4.005003591784847,1.9918963448165976,0.38461538461538464,,,,,
Wine,4,Gradient Boosting,2.0,36,19,0.4722222222222222,0.82738437856513,0.8477841730889858,0.809131930833259,2.6862342671812285,3.2382764113597338,2.192301822389934,0.3157894736842105,,,,,
Wine,5,Logistic Regression,0.0,36,1,0.9722222222222222,0.9531058362925161,0.9590485683422711,0.7451102145510907,5.15481515540527,5.269545818258696,1.1392419555353834,0.0,,,,,
Wine,5,Logistic Regression,0.25,36,1,0.9722222222222222,0.9585959793019525,0.9603996029607607,0.8954691512436627,5.113929318196044,5.185281006042957,2.616620243554076,0.0,,,,,
Wine,5,Logistic Regression,0.5,36,2,0.9444444444444444,0.935885516424543,0.9471279732343395,0.7447637506580023,4.830145788014894,5.038970410758068,1.2801272013809286,0.0,,,,,
Wine,5,Logistic Regression,1.0,36,5,0.8611111111111112,0.9158339209041382,0.9435027947717044,0.7442869029252277,5.022204075453635,5.582287687228029,1.5496856824523872,0.4,,,,,
Wine,5,Logistic Regression,1.5,36,7,0.8055555555555556,0.9275463810585518,0.9415430820146721,0.8695600485260522,5.762957490336292,6.0972342108577955,4.378096791032918,0.7142857142857143,,,,,
Wine,5,Logistic Regression,2.0,36,8,0.7777777777777778,0.9372419801725607,0.94161233200623,0.9219457487547181,6.233061944721654,6.528077500380128,5.200507499916995,0.75,,,,,
Wine,5,Random Forest,0.0,36,2,0.9444444444444444,0.8523582010582013,0.8697812324929973,0.5561666666666667,0.7375785714285713,0.7691282913165265,0.20123333333333332,0.0,0.8512222222222222,0.562,0.36537494776175794,0.8192934220705075,-0.9893304634163879
Wine,5,Random Forest,0.25,36,2,0.9444444444444444,0.8304478835978837,0.8459683473389357,0.5666,0.7024571428571429,0.7295271708683474,0.24226666666666666,0.0,0.8330000000000002,0.5660000000000001,0.41462564612012737,0.8366316004431593,-0.9864347276869119
Wine,5,Random Forest,0.5,36,1,0.9722222222222222,0.757025925925926,0.7634685714285715,0.5315333333333334,0.5693214285714286,0.5816239455782313,0.13873333333333326,0.0,0.7621111111111111,0.58,0.5223417853473739,0.7623797703297792,-0.9868164218826532
Wine,5,Random Forest,1.0,36,4,0.8888888888888888,0.6638444444444445,0.6735428571428572,0.5862571428571428,0.42295661375661375,0.44364107142857145,0.2574809523809523,0.0,0.6663333333333332,0.5740000000000001,0.6832907667864146,0.7859202904774202,-0.9843079602550647
Wine,5,Random Forest,1.5,36,7,0.8055555555555556,0.6586589947089946,0.6805090311986862,0.5681374149659864,0.41365608465608467,0.4446952380952382,0.28506530612244896,0.0,0.6657777777777778,0.566857142857143,0.6780465469338876,0.838169625828853,-0.9877944542641721
Wine,5,Random Forest,2.0,36,11,0.6944444444444444,0.6316849206349207,0.6532220952380954,0.5827367965367966,0.3779428571428572,0.42055733333333345,0.28109177489177495,0.0,0.6321111111111112,0.5781818181818181,0.7514658019409667,0.7975142187384395,-0.9755172149660379
Wine,5,Gradient Boosting,0.0,36,2,0.9444444444444444,0.9521461625702646,0.9598841418191894,0.8206005153385465,5.441628783131061,5.652751654012896,1.8525399781398728,0.0,,,,,
Wine,5,Gradient Boosting,0.25,36,2,0.9444444444444444,0.9482289031411254,0.9561093638748048,0.8142610706685747,5.255013033314793,5.458974329868838,1.7876709918960314,0.0,,,,,
Wine,5,Gradient Boosting,0.5,36,2,0.9444444444444444,0.9147194290607632,0.9252622445400317,0.7354915659131982,4.271334062497717,4.449804172106721,1.2373421991446485,0.0,,,,,
Wine,5,Gradient Boosting,1.0,36,8,0.7777777777777778,0.8433451808321902,0.8665797088271142,0.7620243328499557,3.3136552743665977,3.8177361703175055,1.549372138538418,0.375,,,,,
Wine,5,Gradient Boosting,1.5,36,10,0.7222222222222222,0.8908993237775014,0.9146461293276746,0.8291576293470511,3.5799949266717763,3.9788877381431202,2.5428736168462804,0.4,,,,,
Wine,5,Gradient Boosting,2.0,36,13,0.6388888888888888,0.8486789246730098,0.9180120053164483,0.7260127050730799,3.1592435732008,3.8307584588441843,1.9711787755240446,0.3076923076923077,,,,,
Wine,6,Logistic Regression,0.0,36,1,0.9722222222222222,0.9298734594669581,0.9406415272635876,0.5529910865849276,4.415981929558041,4.535312304120187,0.23941881988296188,0.0,,,,,
Wine,6,Logistic Regression,0.25,36,1,0.9722222222222222,0.931325263459934,0.9359364155766906,0.7699349393734627,4.375273786280565,4.463911490153308,1.2729541507345727,0.0,,,,,
Wine,6,Logistic Regression,0.5,36,0,1.0,0.9360674530127058,0.9360674530127058,,4.3096013930044315,4.3096013930044315,,,,,,,
Wine,6,Logistic Regression,1.0,36,2,0.9444444444444444,0.8774377101902324,0.892377591402993,0.6234597295732993,4.373606212237831,4.573038242317508,0.9832617008833087,0.0,,,,,
Wine,6,Logistic Regression,1.5,36,9,0.75,0.9079516114820296,0.9059505830403367,0.913954696807109,4.455474364293386,4.972041079575932,2.9057742184457513,0.5555555555555556,,,,,
Wine,6,Logistic Regression,2.0,36,14,0.6111111111111112,0.9172670699627063,0.9229797859685551,0.9082899448106584,4.9628881604296335,5.771991856041126,3.6914394958972885,0.7142857142857143,,,,,
Wine,6,Random Forest,0.0,36,1,0.9722222222222222,0.8720449735449736,0.8779186394557824,0.6664666666666665,0.765679365079365,0.7769578231292515,0.37093333333333317,0.0,0.8745555555555556,0.648,0.3262309292105469,0.7111690254664799,-0.9873597775130992
Wine,6,Random Forest,0.25,36,1,0.9722222222222222,0.8464952380952382,0.8499722448979593,0.7248,0.7231380952380952,0.7296487074829934,0.49526666666666663,0.0,0.8482222222222222,0.696,0.39506940474836144,0.6856933239692196,-0.9801529982449934
Wine,6,Random Forest,0.5,36,2,0.9444444444444444,0.8073891534391535,0.8206042016806724,0.5827333333333333,0.6510902116402115,0.6753700280112045,0.23833333333333337,0.0,0.8121111111111111,0.618,0.4504784199088989,0.715931079919813,-0.9841831389577894
Wine,6,Random Forest,1.0,36,6,0.8333333333333334,0.699274074074074,0.7273898412698413,0.5586952380952381,0.476936507936508,0.5331266666666666,0.19598571428571432,0.0,0.6994444444444444,0.5486666666666666,0.6445431437284515,0.7637422329894404,-0.9868666737580707
Wine,6,Random Forest,1.5,36,12,0.6666666666666666,0.6002195767195767,0.6446515873015873,0.5113555555555557,0.3281534391534392,0.40137261904761906,0.18171507936507936,0.0,0.5997777777777776,0.512,0.7691717178868925,0.8636541345947278,-0.980696017351315
Wine,6,Random Forest,2.0,36,15,0.5833333333333334,0.5876391534391536,0.6241478458049886,0.5365269841269841,0.30883809523809524,0.36309977324263043,0.23287174603174607,0.0,0.5887777777777777,0.5416000000000001,0.8068167685374398,0.8618647925644521,-0.9839851658558539
Wine,6,Gradient Boosting,0.0,36,1,0.9722222222222222,0.9771078141670103,0.9795240669272361,0.8925389675591002,5.865738211210026,5.965295526284219,2.3812321836132426,0.0,,,,,
Wine,6,Gradient Boosting,0.25,36,1,0.9722222222222222,0.9787144452272837,0.9799283293031684,0.9362285025713128,5.607229923411392,5.68462602475437,2.898366376407166,1.0,,,,,
Wine,6,Gradient Boosting,0.5,36,3,0.9166666666666666,0.9518800892314362,0.9705679005923261,0.7463141642616482,5.201349095857886,5.514679439669239,1.7547153139330007,0.3333333333333333,,,,,
Wine,6,Gradient Boosting,1.0,36,6,0.8333333333333334,0.9113836728077267,0.9449844574141787,0.7433797497754657,4.0495609039331235,4.503180299906621,1.7814639240656305,0.3333333333333333,,,,,
Wine,6,Gradient Boosting,1.5,36,12,0.6666666666666666,0.8708402758872746,0.8848560400755217,0.8428087475107805,3.0535001462520435,3.468960148595585,2.222580141564959,0.5833333333333334,,,,,
Wine,6,Gradient Boosting,2.0,36,14,0.6111111111111112,0.8611000817170116,0.8756626175551774,0.8382160968284654,2.9362539785405737,3.0654597384572253,2.733216355814407,0.5714285714285714,,,,,
Wine,7,Logistic Regression,0.0,36,1,0.9722222222222222,0.9356827139128031,0.9481344944421206,0.4998703953866906,4.757620277831455,4.892947906747403,0.021153265773296237,0.0,,,,,
Wine,7,Logistic Regression,0.25,36,2,0.9444444444444444,0.9345874735128586,0.9594292903769511,0.5122765868232867,4.617086660388584,4.866794580175471,0.37205202401151616,0.0,,,,,
Wine,7,Logistic Regression,0.5,36,3,0.9166666666666666,0.9158325267591151,0.9350491024202067,0.7044501944871083,4.63227238137062,4.926442504859252,1.3964010229956731,0.3333333333333333,,,,,
Wine,7,Logistic Regression,1.0,36,4,0.8888888888888888,0.9398127596834982,0.9630949018413771,0.7535556224204659,5.206429001009199,5.633524279763291,1.789666770976467,0.5,,,,,
Wine,7,Logistic Regression,1.5,36,7,0.8055555555555556,0.9108893328471288,0.9386800831367224,0.7957562245045265,5.405962259262628,6.2467843373577026,1.9225565071544655,0.42857142857142855,,,,,
Wine,7,Logistic Regression,2.0,36,16,0.5555555555555556,0.8857744703128092,0.9388854557717412,0.8193857384891443,5.034740890520568,6.3369580489327735,3.4069694425053134,0.5,,,,,
Wine,7,Random Forest,0.0,36,1,0.9722222222222222,0.8548223544973546,0.8648265306122449,0.5046761904761905,0.7410407407407407,0.7608508843537415,0.047685714285714276,0.0,0.8537777777777777,0.508,0.370235487132555,0.7739827399888651,-0.9875326794611134
Wine,7,Random Forest,0.25,36,2,0.9444444444444444,0.8175998677248675,0.8361558823529411,0.5021476190476191,0.6715976190476192,0.7090016806722689,0.0357285714285715,0.0,0.8155555555555555,0.498,0.4278896636891749,0.7006053930567885,-0.989584161090873
Wine,7,Random Forest,0.5,36,6,0.8333333333333334,0.7435832010582011,0.7835080952380953,0.5439587301587302,0.5404687830687832,0.6162057142857144,0.16178412698412697,0.0,0.7404444444444445,0.5346666666666667,0.5542473188259202,0.7898147826846404,-0.9875191917823433
Wine,7,Random Forest,1.0,36,3,0.9166666666666666,0.6972055555555556,0.7165177489177491,0.4847714285714286,0.47875661375661377,0.512563924963925,0.1068761904761905,0.0,0.6997777777777778,0.484,0.6525178697890465,0.889149665643748,-0.977830856892125
Wine,7,Random Forest,1.5,36,12,0.6666666666666666,0.6171308201058202,0.6330696428571428,0.5852531746031746,0.34338134920634916,0.38818710317460314,0.2537698412698413,0.0,0.6204444444444444,0.5916666666666667,0.7495808099823335,0.7229153696202149,-0.9798304373520145
Wine,7,Random Forest,2.0,36,16,0.5555555555555556,0.5842534391534391,0.5980547619047619,0.5670017857142857,0.28727698412698416,0.3070433333333334,0.26256904761904765,0.0,0.5833333333333335,0.5599999999999999,0.7833503595919171,0.8159113711780899,-0.9750961195748674
Wine,7,Gradient Boosting,0.0,36,1,0.9722222222222222,0.9616872791609783,0.9727337423188018,0.5750610686371579,5.580601548502141,5.7309294196465705,0.3191260584471074,0.0,,,,,
Wine,7,Gradient Boosting,0.25,36,0,1.0,0.9593066604259898,0.9593066604259898,,5.077167044812106,5.077167044812106,,,,,,,
Wine,7,Gradient Boosting,0.5,36,6,0.8333333333333334,0.9184705880622707,0.9551100681190156,0.7352731877785454,4.346600764781115,4.9082889467869775,1.5381598547518076,0.5,,,,,
Wine,7,Gradient Boosting,1.0,36,2,0.9444444444444444,0.9181590981026626,0.9230887202406768,0.834355521756424,3.921081308588276,4.041135254866636,1.8801642218561785,0.5,,,,,
Wine,7,Gradient Boosting,1.5,36,16,0.5555555555555556,0.8262855894167159,0.8702816607938123,0.7712905001953454,2.5429971864166987,3.135418130148705,1.802471006751691,0.3125,,,,,
Wine,7,Gradient Boosting,2.0,36,21,0.4166666666666667,0.8266830570544728,0.8143984623861964,0.835457767531813,2.739134964550125,2.852181174929029,2.658387671422337,0.5238095238095238,,,,,
Wine,8,Logistic Regression,0.0,36,1,0.9722222222222222,0.9700047625943531,0.9830749184466452,0.5125493077641244,5.724554378724197,5.886080406831226,0.07114339497816369,0.0,,,,,
Wine,8,Logistic Regression,0.25,36,0,1.0,0.9701228188298769,0.9701228188298769,,5.718619638882789,5.718619638882789,,,,,,,
Wine,8,Logistic Regression,0.5,36,1,0.9722222222222222,0.9592016900103513,0.9638160877158114,0.7976977703192475,5.425342148546583,5.54018065037713,1.4059945844773982,0.0,,,,,
Wine,8,Logistic Regression,1.0,36,1,0.9722222222222222,0.9449593697539785,0.9486286398133011,0.8165349176776808,5.8030634210209096,5.925792079777186,1.507560364551214,0.0,,,,,
Wine,8,Logistic Regression,1.5,36,6,0.8333333333333334,0.9317360870373883,0.9542492375474959,0.8191703344868504,5.543351231388759,6.19599514383489,2.2801316691581106,0.3333333333333333,,,,,
Wine,8,Logistic Regression,2.0,36,13,0.6388888888888888,0.9277599832424692,0.9322254786785897,0.9198594913170257,5.5443852625634396,6.244056947432582,4.30650458933342,0.6923076923076923,,,,,
Wine,8,Random Forest,0.0,36,1,0.9722222222222222,0.8950067901234569,0.9046943310657596,0.5559428571428573,0.8077012345679013,0.8267969160997732,0.13935238095238112,0.0,0.8952222222222223,0.516,0.2784886436376925,0.737727314886003,-0.9919118958407863
Wine,8,Random Forest,0.25,36,1,0.9722222222222222,0.8518110229276897,0.8628665759637189,0.4648666666666667,0.7326633156966491,0.7511013151927438,0.08733333333333332,0.0,0.8523333333333335,0.452,0.3761501914384986,0.8934626388847225,-0.9929168179410249
Wine,8,Random Forest,0.5,36,1,0.9722222222222222,0.8224085978835978,0.8285726530612243,0.6066666666666666,0.683915520282187,0.6952673922902495,0.2865999999999999,0.0,0.8240000000000002,0.58,0.4224814915064101,0.7999933406861491,-0.9894772864357554
Wine,8,Random Forest,1.0,36,6,0.8333333333333334,0.709059347442681,0.7482694708994709,0.5130087301587302,0.48826437389770727,0.5536352380952381,0.16141005291005295,0.0,0.7133333333333334,0.516,0.6129439020439035,0.8766405612488034,-0.9859326859008054
Wine,8,Random Forest,1.5,36,7,0.8055555555555556,0.6572097001763669,0.6621117131910237,0.6369013605442178,0.399573368606702,0.41261839080459767,0.34552970521541965,0.0,0.661,0.6445714285714287,0.6936723897614292,0.6863242535854587,-0.9828354653176318
Wine,8,Random Forest,2.0,36,18,0.5,0.611592857142857,0.6731978835978836,0.5499878306878307,0.3426475308641975,0.44381022927689595,0.2414848324514991,0.0,0.6142222222222222,0.5424444444444445,0.7685120358139313,0.8372349589296653,-0.9804880533693252
Wine,8,Gradient Boosting,0.0,36,0,1.0,0.9670901587974531,0.9670901587974531,,6.014426901978105,6.014426901978105,,,,,,,
Wine,8,Gradient Boosting,0.25,36,2,0.9444444444444444,0.960565353312906,0.9810488322066397,0.6123462121194331,5.226456350008306,5.503951872260366,0.5090324717232851,0.0,,,,,
Wine,8,Gradient Boosting,0.5,36,0,1.0,0.9292813237721749,0.9292813237721749,,4.793451800183863,4.793451800183863,,,,,,,
Wine,8,Gradient Boosting,1.0,36,7,0.8055555555555556,0.8919277648975571,0.9402621444081076,0.6916853354967046,3.795030050018878,4.321272318892997,1.6148835075403867,0.2857142857142857,,,,,
Wine,8,Gradient Boosting,1.5,36,9,0.75,0.8406635330135585,0.8618358758490187,0.7771465045071779,2.9717751771398175,3.2060314952518687,2.2690062228036654,0.3333333333333333,,,,,
Wine,8,Gradient Boosting,2.0,36,17,0.5277777777777778,0.870376998428316,0.881151033538596,0.8583354297756501,3.079843418964468,3.214084230274758,2.9298095710294376,0.5882352941176471,,,,,
Wine,9,Logistic Regression,0.0,36,2,0.9444444444444444,0.9513291949899104,0.9635602921121591,0.743400543911684,5.301877728740142,5.545009196755944,1.1686427724714998,0.0,,,,,
Wine,9,Logistic Regression,0.25,36,3,0.9166666666666666,0.9542247700360095,0.9750015641391291,0.7256800349016959,5.251949213316588,5.629274214507123,1.1013742002207076,0.0,,,,,
Wine,9,Logistic Regression,0.5,36,3,0.9166666666666666,0.9525772106068617,0.9784752263054032,0.6676990379229065,5.0652219399912335,5.44651323986723,0.8710176413552704,0.0,,,,,
Wine,9,Logistic Regression,1.0,36,8,0.7777777777777778,0.9279006572695424,0.9592034973333288,0.8183407170462895,5.033119085302664,5.848576280174396,2.1790189032516016,0.375,,,,,
Wine,9,Logistic Regression,1.5,36,7,0.8055555555555556,0.9071961435004715,0.9392113636379507,0.7745616600737725,5.40024614032008,6.098526760486045,2.507369285346802,0.14285714285714285,,,,,
Wine,9,Logistic Regression,2.0,36,11,0.6944444444444444,0.9627466292806824,0.9741260617406544,0.9368842827807465,6.3330984955534495,6.385411951629742,6.214204277198241,0.8181818181818182,,,,,
Wine,9,Random Forest,0.0,36,1,0.9722222222222222,0.867275925925926,0.8731428571428572,0.6619333333333334,0.7577444444444444,0.7698552380952381,0.3338666666666667,0.0,0.8647777777777779,0.688,0.34229664726840725,0.5844579152323972,-0.9936674218061581
Wine,9,Random Forest,0.25,36,1,0.9722222222222222,0.84755,0.8554704761904762,0.5703333333333334,0.7210222222222221,0.7371657142857142,0.15599999999999997,0.0,0.8456666666666667,0.6,0.3817784422411569,0.6329915366177732,-0.990590149635416
Wine,9,Random Forest,0.5,36,2,0.9444444444444444,0.7788185185185185,0.7941019607843137,0.519,0.6114592592592593,0.6365333333333334,0.1852,0.0,0.7817777777777777,0.55,0.4952103230806386,0.7867384293950129,-0.9906751096596164
Wine,9,Random Forest,1.0,36,10,0.7222222222222222,0.6795944444444444,0.6943435897435897,0.6412466666666667,0.43457354497354506,0.47098901098901097,0.3398933333333333,0.0,0.6843333333333332,0.6452,0.6545042319822953,0.6810248190167417,-0.9879618280581774
Wine,9,Random Forest,1.5,36,9,0.75,0.636602380952381,0.6455982363315697,0.6096148148148148,0.35460105820105814,0.3742285714285714,0.2957185185185185,0.0,0.642,0.6120000000000001,0.7051837031673448,0.7281286448533888,-0.9823227692057692
Wine,9,Random Forest,2.0,36,13,0.6388888888888888,0.6371936507936508,0.656975569358178,0.6021948717948717,0.357320634920635,0.3857946169772257,0.30694358974358976,0.0,0.6384444444444446,0.6046153846153847,0.7053764068479529,0.758518915046886,-0.9885104449606804
Wine,9,Gradient Boosting,0.0,36,1,0.9722222222222222,0.9688274617934088,0.9710262439427877,0.891870086565149,5.702450167549945,5.805046868082949,2.111565648894852,0.0,,,,,
Wine,9,Gradient Boosting,0.25,36,0,1.0,0.9628739400016065,0.9628739400016065,,5.409315986930338,5.409315986930338,,,,,,,
Wine,9,Gradient Boosting,0.5,36,3,0.9166666666666666,0.9456513231749675,0.9562298738898392,0.8292872653113762,4.792396253887974,5.069762721574814,1.741365109332732,0.0,,,,,
Wine,9,Gradient Boosting,1.0,36,12,0.6666666666666666,0.8785187351684459,0.9083267129693379,0.818902779566662,3.436310757639465,3.907253914941748,2.4944244430349016,0.4166666666666667,,,,,
Wine,9,Gradient Boosting,1.5,36,9,0.75,0.8574355229181694,0.8669856022390258,0.8287852849555993,2.687857154716457,2.688443124143836,2.686099246434321,0.5555555555555556,,,,,
Wine,9,Gradient Boosting,2.0,36,15,0.5833333333333334,0.8505474874635763,0.8592837663745023,0.8383166969882802,2.9735953554867716,2.9325281112234918,3.0310894974553633,0.4666666666666667,,,,,
Wine,10,Logistic Regression,0.0,36,1,0.9722222222222222,0.9167983670128491,0.9256184869702881,0.6080941685024907,4.143192550314763,4.246670337368205,0.5214700034442978,0.0,,,,,
Wine,10,Logistic Regression,0.25,36,1,0.9722222222222222,0.9157597090433589,0.9270065362060134,0.5221207583504559,4.076105591021646,4.185887693274195,0.23373201218243778,0.0,,,,,
Wine,10,Logistic Regression,0.5,36,3,0.9166666666666666,0.9073563371092553,0.9200581860138382,0.7676359991588456,4.02738384100095,4.245897635460943,1.6237321019410402,0.3333333333333333,,,,,
Wine,10,Logistic Regression,1.0,36,6,0.8333333333333334,0.895164163618872,0.9165745928144698,0.7881120176408823,3.8602050213569234,4.217563349390196,2.0734133811905595,0.3333333333333333,,,,,
Wine,10,Logistic Regression,1.5,36,11,0.6944444444444444,0.8814356748251754,0.9220070695925513,0.7892279594447756,3.7675442562452712,4.480578696970069,2.1470114364161828,0.36363636363636365,,,,,
Wine,10,Logistic Regression,2.0,36,14,0.6111111111111112,0.9039898922515527,0.9436281099394801,0.8417012644562382,4.5472964369739035,5.251438936140077,3.4407867954270586,0.5,,,,,
Wine,10,Random Forest,0.0,36,0,1.0,0.8408606701940037,0.8408606701940037,,0.711807848324515,0.711807848324515,,,0.8414444444444444,,0.38594170927394633,,-0.9933144432294453
Wine,10,Random Forest,0.25,36,0,1.0,0.8188156084656085,0.8188156084656085,,0.6747942680776013,0.6747942680776013,,,0.8194444444444444,,0.42712467248523533,,-0.9937627528593118
Wine,10,Random Forest,0.5,36,4,0.8888888888888888,0.7598792768959437,0.7775480158730159,0.6185293650793651,0.5623701058201058,0.5936548611111111,0.3120920634920634,0.0,0.7602222222222221,0.613,0.5341075682804927,0.7414216227171121,-0.9894574009173995
Wine,10,Random Forest,1.0,36,4,0.8888888888888888,0.6241383597883599,0.6304160714285715,0.5739166666666666,0.3497568783068783,0.36357232142857143,0.23923333333333324,0.0,0.6197777777777778,0.5539999999999999,0.7268905763222521,0.766981568729679,-0.9875530129813885
Wine,10,Random Forest,1.5,36,12,0.6666666666666666,0.5725471781305115,0.5880947089947091,0.5414521164021164,0.26478368606701935,0.29085,0.21265105820105823,0.0,0.5769999999999998,0.5496666666666666,0.7896485549335145,0.8282172419717035,-0.9830877514586507
Wine,10,Random Forest,2.0,36,13,0.6388888888888888,0.5611195767195769,0.5591492063492063,0.5646056166056166,0.25441781305114636,0.24381739130434782,0.27317240537240545,0.07692307692307693,0.5668888888888889,0.5716923076923078,0.8001336737031789,0.7907272261014687,-0.9793570578391332
Wine,10,Gradient Boosting,0.0,36,1,0.9722222222222222,0.9651593148347182,0.9756281393614467,0.5987504563992201,5.437158635283419,5.581029873898673,0.4016652837495236,0.0,,,,,
Wine,10,Gradient Boosting,0.25,36,2,0.9444444444444444,0.9567003201901796,0.9696096242960598,0.7372421503902126,5.223130157309937,5.460319344266374,1.190913979050514,0.0,,,,,
Wine,10,Gradient Boosting,0.5,36,6,0.8333333333333334,0.9312199103653391,0.9385278675639832,0.8946801243721191,4.444494260956389,4.762335029456579,2.855290418455436,0.8333333333333334,,,,,
Wine,10,Gradient Boosting,1.0,36,9,0.75,0.8846832641928495,0.9036140419526888,0.8278909309133314,3.427910420580405,3.7768811314304402,2.3809982880302956,0.3333333333333333,,,,,
Wine,10,Gradient Boosting,1.5,36,14,0.6111111111111112,0.8591061282096746,0.8862657351964175,0.8164267458019359,2.6082050247523387,2.9811084054015087,2.0222139980179277,0.21428571428571427,,,,,
Wine,10,Gradient Boosting,2.0,36,15,0.5833333333333334,0.8651704581853196,0.879719898165316,0.8448012422133249,3.017213218306578,2.9839637960372785,3.0637624094835965,0.4666666666666667,,,,,
Wine,11,Logistic Regression,0.0,36,1,0.9722222222222222,0.9407490333433225,0.9490351876980992,0.6507336309261369,4.597995709909151,4.709307774546439,0.7020734476040683,0.0,,,,,
Wine,11,Logistic Regression,0.25,36,3,0.9166666666666666,0.9389581476062178,0.9710499191808956,0.5859486602847622,4.653770486410221,5.035299788263086,0.45694816602871297,0.0,,,,,
Wine,11,Logistic Regression,0.5,36,3,0.9166666666666666,0.9220118378225544,0.9440811760100343,0.6792491177602721,4.3948685644644945,4.723290386215879,0.7822285251992658,0.0,,,,,
Wine,11,Logistic Regression,1.0,36,6,0.8333333333333334,0.8907856768857056,0.912178875812236,0.7838196822530535,4.401088346388506,4.910094406858347,1.8560580440392964,0.16666666666666666,,,,,
Wine,11,Logistic Regression,1.5,36,10,0.7222222222222222,0.9221909252023297,0.953996224514333,0.8394971469911203,4.90896336527693,5.690033688558673,2.8781805247443972,0.6,,,,,
Wine,11,Logistic Regression,2.0,36,14,0.6111111111111112,0.8738648853592087,0.9216735706048969,0.7987369514016979,5.6836277415641225,6.948406023059449,3.69611901350004,0.42857142857142855,,,,,
Wine,11,Random Forest,0.0,36,2,0.9444444444444444,0.8273171957671958,0.8424240896358542,0.5704999999999999,0.6813383597883599,0.7116131652661065,0.16666666666666655,0.0,0.8274444444444444,0.544,0.4222120196378566,0.660931786553653,-0.9853045084914719
Wine,11,Random Forest,0.25,36,4,0.8888888888888888,0.8149013227513229,0.8476910714285715,0.5525833333333332,0.6590973544973545,0.7219824404761904,0.15601666666666664,0.0,0.8172222222222223,0.55,0.4370921981113205,0.7292550462797152,-0.9846730501638753
Wine,11,Random Forest,0.5,36,4,0.8888888888888888,0.7629952380952382,0.7733619047619047,0.6800619047619048,0.5793148148148147,0.6006678571428572,0.4084904761904762,0.0,0.7633333333333332,0.6539999999999999,0.5648113752163308,0.6620389871558471,-0.9699110379636623
Wine,11,Random Forest,1.0,36,9,0.75,0.7015293650793651,0.7272165784832452,0.6244677248677247,0.4567428571428571,0.5034811287477955,0.31652804232804227,0.0,0.7087777777777776,0.6257777777777778,0.610313717173935,0.713092269906316,-0.9809066182176214
Wine,11,Random Forest,1.5,36,12,0.6666666666666666,0.607547619047619,0.6159880952380953,0.5906666666666668,0.343515873015873,0.3661948412698413,0.2981579365079365,0.0,0.6045555555555555,0.5853333333333334,0.7941410164291329,0.7881633888044531,-0.9786284896832269
Wine,11,Random Forest,2.0,36,18,0.5,0.5765410052910053,0.6247063492063493,0.5283756613756615,0.2799272486772487,0.3566793650793651,0.2031751322751323,0.0,0.5797777777777777,0.5291111111111112,0.7975784215146291,0.8525391721729636,-0.9811530602578014
Wine,11,Gradient Boosting,0.0,36,1,0.9722222222222222,0.9580880269425374,0.9612542444292286,0.8472704149083446,5.181908713058575,5.28076636229344,1.7218909898382793,0.0,,,,,
Wine,11,Gradient Boosting,0.25,36,3,0.9166666666666666,0.9543093775277638,0.9664000571353681,0.8213119018441158,5.062085303210775,5.352335526962875,1.8693328419376736,0.3333333333333333,,,,,
Wine,11,Gradient Boosting,0.5,36,4,0.8888888888888888,0.9642846340124103,0.9665657861590202,0.9460354168395295,5.072538125237952,5.242183612946049,3.7153742235731793,0.75,,,,,
Wine,11,Gradient Boosting,1.0,36,9,0.75,0.8989230553987474,0.9238448979702183,0.8241575276843349,3.7996216494898514,4.209386930673501,2.570325805938902,0.4444444444444444,,,,,
Wine,11,Gradient Boosting,1.5,36,13,0.6388888888888888,0.8607896243695895,0.8836597696692291,0.820327059608689,3.3514477452929303,3.537499441198754,3.0222793602287816,0.46153846153846156,,,,,
Wine,11,Gradient Boosting,2.0,36,20,0.4444444444444444,0.8485701717925518,0.8988072046520224,0.8083805455049753,2.7669177692686047,3.442254749657471,2.2266481849575124,0.3,,,,,
Wine,12,Logistic Regression,0.0,36,0,1.0,0.9571926859057359,0.9571926859057359,,5.533293540213142,5.533293540213142,,,,,,,
Wine,12,Logistic Regression,0.25,36,1,0.9722222222222222,0.9542953225396281,0.9669664555937999,0.5108056656436152,5.378720930666128,5.528878824519002,0.12319464581551431,0.0,,,,,
Wine,12,Logistic Regression,0.5,36,1,0.9722222222222222,0.9509574778160625,0.9618326840343777,0.5703252601750366,5.448368615390589,5.595729837532349,0.290725840428965,0.0,,,,,
Wine,12,Logistic Regression,1.0,36,2,0.9444444444444444,0.9257137039357429,0.9306664185224678,0.8415175559614183,5.306724072442815,5.520496479595444,1.6725931508481193,0.0,,,,,
Wine,12,Logistic Regression,1.5,36,7,0.8055555555555556,0.9391667512322515,0.9509323886093229,0.8904233963843838,5.7624322484266415,6.342733888376201,3.358325454349896,0.7142857142857143,,,,,
Wine,12,Logistic Regression,2.0,36,9,0.75,0.9157925080516289,0.9552924482949088,0.7972926873217884,5.437458604873567,6.455200692516944,2.3842323419434357,0.4444444444444444,,,,,
Wine,12,Random Forest,0.0,36,0,1.0,0.8757645502645504,0.8757645502645504,,0.773644708994709,0.773644708994709,,,0.8748888888888889,,0.31844322702425015,,-0.9876906175681587
Wine,12,Random Forest,0.25,36,3,0.9166666666666666,0.8506410052910054,0.8752790764790765,0.5796222222222223,0.7314161375661375,0.7800458874458874,0.19648888888888894,0.0,0.8501111111111112,0.5666666666666668,0.38457224679734137,0.7424858365844157,-0.9865285656314142
Wine,12,Random Forest,0.5,36,2,0.9444444444444444,0.814360052910053,0.8270394957983194,0.5988095238095239,0.6728968253968255,0.6960464985994398,0.279352380952381,0.0,0.814888888888889,0.592,0.45775445536637527,0.7976787972304251,-0.9862895874431816
Wine,12,Random Forest,1.0,36,6,0.8333333333333334,0.698750529100529,0.7210733333333332,0.587136507936508,0.46439232804232805,0.5116044444444444,0.22833174603174608,0.0,0.6997777777777777,0.5733333333333334,0.6328303279551677,0.7512168785850329,-0.9816754206928324
Wine,12,Random Forest,1.5,36,10,0.7222222222222222,0.6161965608465609,0.641474358974359,0.5504742857142857,0.34505370370370364,0.3836776556776557,0.2446314285714286,0.0,0.6179999999999999,0.5504,0.742619726539691,0.8281947340086162,-0.9851658541985199
Wine,12,Random Forest,2.0,36,11,0.6944444444444444,0.6087206349206348,0.6369607619047619,0.5445385281385282,0.3360925925925925,0.38344457142857147,0.22847445887445889,0.0,0.6044444444444443,0.5309090909090909,0.7758452333928585,0.8269847494270078,-0.976610744684515
Wine,12,Gradient Boosting,0.0,36,2,0.9444444444444444,0.97656675170821,0.9859996159275048,0.8162080599802022,5.973553146164867,6.222721483765605,1.7376914069523026,0.5,,,,,
Wine,12,Gradient Boosting,0.25,36,3,0.9166666666666666,0.9541785603225217,0.9688221324894299,0.7930992664865298,5.823206962304649,6.089225333646746,2.897004877541599,0.3333333333333333,,,,,
Wine,12,Gradient Boosting,0.5,36,4,0.8888888888888888,0.9391769709489224,0.9633678129170086,0.7456502352042325,5.141130924526036,5.501942880992518,2.2546352727941863,0.5,,,,,
Wine,12,Gradient Boosting,1.0,36,11,0.6944444444444444,0.9035768692212898,0.9493457627194262,0.7995566567255247,4.229432992343799,5.2226738937331705,1.9720673073679558,0.45454545454545453,,,,,
Wine,12,Gradient Boosting,1.5,36,12,0.6666666666666666,0.9058220735307417,0.9294565134344192,0.8585531937233868,4.026611538863416,4.530756737125081,3.0183211423400835,0.5,,,,,
Wine,12,Gradient Boosting,2.0,36,14,0.6111111111111112,0.8655832966189814,0.8926479886142985,0.8230530663406261,3.2842500964763395,3.6455834367763797,2.7164405617191316,0.5,,,,,
Wine,13,Logistic Regression,0.0,36,0,1.0,0.9381802248364315,0.9381802248364315,,4.367472824843099,4.367472824843099,,,,,,,
Wine,13,Logistic Regression,0.25,36,0,1.0,0.9507700998587245,0.9507700998587245,,4.501978435779005,4.501978435779005,,,,,,,
Wine,13,Logistic Regression,0.5,36,3,0.9166666666666666,0.9277684766539475,0.9540580745319533,0.6385828999958838,4.012362201728993,4.314662327661816,0.6870608164679308,0.0,,,,,
Wine,13,Logistic Regression,1.0,36,6,0.8333333333333334,0.9149185687878005,0.9358039015469495,0.8104919049920563,4.678338512412574,5.19825918764016,2.078735136274649,0.5,,,,,
Wine,13,Logistic Regression,1.5,36,12,0.6666666666666666,0.8809914742112194,0.9290988202445082,0.784776782144642,3.611417266246982,4.4855218150884335,1.8632081685640765,0.3333333333333333,,,,,
Wine,13,Logistic Regression,2.0,36,9,0.75,0.9020272454186204,0.9320901576619102,0.8118385086887516,4.9535289259784285,5.596325198473564,3.0251401084930243,0.3333333333333333,,,,,
Wine,13,Random Forest,0.0,36,2,0.9444444444444444,0.8527285714285714,0.8710344537815126,0.5415285714285715,0.7369830687830689,0.77207675070028,0.14039047619047615,0.0,0.8532222222222222,0.544,0.364529753299024,0.7622435123441313,-0.9936414205743429
Wine,13,Random Forest,0.25,36,2,0.9444444444444444,0.8303664021164021,0.8455086834733893,0.5729476190476191,0.6937674603174604,0.7219481792717087,0.2146952380952382,0.0,0.8273333333333333,0.544,0.4079498261465223,0.7883666485012849,-0.9916696392937854
Wine,13,Random Forest,0.5,36,2,0.9444444444444444,0.7480857142857142,0.7648624649859944,0.4628809523809524,0.5512730158730159,0.5785128851540616,0.08819523809523813,0.0,0.7483333333333335,0.446,0.5428852302621049,0.9263875464589018,-0.9884604600669735
Wine,13,Random Forest,1.0,36,8,0.7777777777777778,0.7039423280423281,0.7461374149659866,0.5562595238095238,0.48346878306878316,0.5557044217687076,0.2306440476190476,0.0,0.7036666666666667,0.5535,0.6095618378276795,0.8369700621397509,-0.9896893279893358
Wine,13,Random Forest,1.5,36,17,0.5277777777777778,0.6238539682539682,0.6802355889724311,0.5608392156862746,0.3664624338624338,0.46374385964912285,0.25773613445378146,0.0,0.6255555555555555,0.5672941176470588,0.7626442008443207,0.8367211587218405,-0.9852231763069026
Wine,13,Random Forest,2.0,36,10,0.7222222222222222,0.6514523809523811,0.67105347985348,0.6004895238095238,0.401831746031746,0.43598168498168494,0.3130419047619047,0.0,0.6434444444444445,0.5835999999999999,0.7205484830782438,0.8074009532923657,-0.983854354387316
Wine,13,Gradient Boosting,0.0,36,1,0.9722222222222222,0.9685234076124646,0.9705404571713517,0.8979266730514079,5.527567863918342,5.616224161602419,2.424597444975621,0.0,,,,,
Wine,13,Gradient Boosting,0.25,36,3,0.9166666666666666,0.9532695413988542,0.9779076053231455,0.6822508382316516,5.196053341443094,5.594357861928265,0.814703616106223,0.0,,,,,
Wine,13,Gradient Boosting,0.5,36,2,0.9444444444444444,0.9296084051189875,0.9442513894823367,0.6806776709420486,4.554463140433494,4.759335392812348,1.0716348499929864,0.0,,,,,
Wine,13,Gradient Boosting,1.0,36,9,0.75,0.8918113052042869,0.9267588063877515,0.7869688016538932,3.954034547678543,4.661898812798719,1.8304417523180136,0.2222222222222222,,,,,
Wine,13,Gradient Boosting,1.5,36,17,0.5277777777777778,0.8710449064909483,0.9161494445188696,0.8206339522244479,3.364387692268567,4.190211311675928,2.441408352930927,0.4117647058823529,,,,,
Wine,13,Gradient Boosting,2.0,36,12,0.6666666666666666,0.8999997066771748,0.9185428423318377,0.8629134353678491,3.3880075094042743,3.7017250036062705,2.7605725210002796,0.5,,,,,
Wine,14,Logistic Regression,0.0,36,0,1.0,0.9454916418937904,0.9454916418937904,,4.638011237005811,4.638011237005811,,,,,,,
Wine,14,Logistic Regression,0.25,36,0,1.0,0.932664037959603,0.932664037959603,,4.544621651129562,4.544621651129562,,,,,,,
Wine,14,Logistic Regression,0.5,36,2,0.9444444444444444,0.9371121470064365,0.9509384810558676,0.7020644681661057,4.609109523125428,4.805595806155971,1.2688427116062064,0.0,,,,,
Wine,14,Logistic Regression,1.0,36,6,0.8333333333333334,0.8886913610256515,0.9201945273438733,0.7311755294345424,4.116037086283354,4.578601719117494,1.8032139221126566,0.3333333333333333,,,,,
Wine,14,Logistic Regression,1.5,36,11,0.6944444444444444,0.8774607328359404,0.9394646115106249,0.7365428267571121,4.890567866557002,6.093902495643231,2.1557164368155726,0.36363636363636365,,,,,
Wine,14,Logistic Regression,2.0,36,12,0.6666666666666666,0.938673332734794,0.9631808825021752,0.8896582332000321,6.009799562921022,7.315911359506429,3.397575969750212,0.6666666666666666,,,,,
Wine,14,Random Forest,0.0,36,1,0.9722222222222222,0.8670536155202822,0.8723177324263038,0.6828095238095241,0.7503350088183423,0.7601731519274377,0.4060000000000003,0.0,0.8736666666666666,0.664,0.31010945999747835,0.6500625872581972,-0.9918474458858286
Wine,14,Random Forest,0.25,36,4,0.8888888888888888,0.8546396825396826,0.8921440476190476,0.5546047619047619,0.7275436948853615,0.7971616567460317,0.17060000000000003,0.0,0.8554444444444446,0.534,0.3313212231012883,0.7670110368520962,-0.9929848855411753
Wine,14,Random Forest,0.5,36,4,0.8888888888888888,0.8276910052910053,0.8518544642857142,0.6343833333333333,0.6858842592592593,0.7276436011904762,0.35180952380952385,0.0,0.8303333333333335,0.615,0.41305212950564957,0.729298523117894,-0.9833560321567139
Wine,14,Random Forest,1.0,36,11,0.6944444444444444,0.6842789241622573,0.7341340317460316,0.5709718614718615,0.4522227954144621,0.5337212063492064,0.2669991341991342,0.09090909090909091,0.6975555555555556,0.5858181818181818,0.6264449948155133,0.7824177247775651,-0.9894560055539808
Wine,14,Random Forest,1.5,36,9,0.75,0.659420811287478,0.6923503233392123,0.5606322751322751,0.40661040564373896,0.45847172251616697,0.25102645502645504,0.0,0.6715555555555556,0.5728888888888889,0.6765682356460033,0.828003096974747,-0.9821224994037732
Wine,14,Random Forest,2.0,36,16,0.5555555555555556,0.6114415343915343,0.6593840476190476,0.5515133928571428,0.33004246031746026,0.4110607142857143,0.22876964285714285,0.0625,0.617,0.55725,0.7436442080416232,0.8088838450841541,-0.9730737111089958
Wine,14,Gradient Boosting,0.0,36,3,0.9166666666666666,0.9635322887200312,0.9898390567753478,0.6741578401115459,5.957876103149528,6.341412622594823,1.7389743892512863,0.3333333333333333,,,,,
Wine,14,Gradient Boosting,0.25,36,3,0.9166666666666666,0.9413971523255253,0.9572775635062669,0.766712629337365,5.485306907551197,5.774814635895177,2.3007218957674214,0.6666666666666666,,,,,
Wine,14,Gradient Boosting,0.5,36,4,0.8888888888888888,0.9736373602339755,0.9814007345867246,0.9115303654119814,5.477093323072291,5.6519492416847585,4.07824597417255,0.5,,,,,
Wine,14,Gradient Boosting,1.0,36,13,0.6388888888888888,0.9175437163045514,0.9586141241490979,0.8448806870411235,3.9749655805663378,4.67079418838646,2.7438841974999653,0.38461538461538464,,,,,
Wine,14,Gradient Boosting,1.5,36,12,0.6666666666666666,0.9177639967230965,0.9464200208286137,0.8604519485120621,4.26658381207211,4.901505588918031,2.9967402583802674,0.5,,,,,
Wine,14,Gradient Boosting,2.0,36,17,0.5277777777777778,0.7949217815701559,0.8711083300134056,0.7097721097806418,2.724022782697821,3.674522263386341,1.6616998336930042,0.17647058823529413,,,,,
Wine,15,Logistic Regression,0.0,36,0,1.0,0.9513359850615694,0.9513359850615694,,4.847432024094875,4.847432024094875,,,,,,,
Wine,15,Logistic Regression,0.25,36,1,0.9722222222222222,0.9520826382273628,0.9612999431059652,0.629476967476278,5.173083760840212,5.303910124275075,0.5941610406200333,0.0,,,,,
Wine,15,Logistic Regression,0.5,36,2,0.9444444444444444,0.9017504662856344,0.921002259461563,0.5744699822948449,4.110978527651892,4.3257044804173725,0.46063733063873114,0.0,,,,,
Wine,15,Logistic Regression,1.0,36,5,0.8611111111111112,0.9117653395018994,0.9397898647863091,0.7380132827385603,5.031033927308884,5.595104864881338,1.5337941143596683,0.4,,,,,
Wine,15,Logistic Regression,1.5,36,5,0.8611111111111112,0.9224847071499038,0.9326873145479959,0.8592285412817319,5.399603256037544,5.7918063100992345,2.967944320855071,0.6,,,,,
Wine,15,Logistic Regression,2.0,36,8,0.7777777777777778,0.9591351318888288,0.9697211220304968,0.9220841663929911,6.182443182145057,6.86724528055378,3.785635837714535,0.75,,,,,
Wine,15,Random Forest,0.0,36,1,0.9722222222222222,0.8598164021164023,0.8670625850340136,0.6062000000000001,0.7418497354497355,0.7565825850340137,0.22620000000000007,0.0,0.8616666666666666,0.568,0.3567894804533641,0.6723977714741506,-0.9820759202193015
Wine,15,Random Forest,0.25,36,1,0.9722222222222222,0.8524277777777777,0.8576723809523809,0.6688666666666666,0.7279038359788361,0.7386801360544217,0.35073333333333334,0.0,0.8555555555555556,0.644,0.35508526752335423,0.6404058071205253,-0.9870670013027038
Wine,15,Random Forest,0.5,36,5,0.8611111111111112,0.7591407407407408,0.7797322580645162,0.6314733333333333,0.5599728835978836,0.6032007680491552,0.29196,0.0,0.7636666666666668,0.6304000000000001,0.5203782825904882,0.6408341539950408,-0.9893251686190725
Wine,15,Random Forest,1.0,36,8,0.7777777777777778,0.6971630952380953,0.7139102040816329,0.6385482142857143,0.4648784391534391,0.49879608843537415,0.3461666666666666,0.0,0.6937777777777777,0.6279999999999999,0.6520192730637683,0.7404995741954827,-0.9793026134081515
Wine,15,Random Forest,1.5,36,10,0.7222222222222222,0.6243607142857143,0.6696108058608059,0.5067104761904762,0.356105291005291,0.4356091575091575,0.14939523809523808,0.0,0.6273333333333334,0.5108,0.7356709999668836,0.8430476387295384,-0.9891261700141276
Wine,15,Random Forest,2.0,36,13,0.6388888888888888,0.6211751322751323,0.6483465838509316,0.5731025641025641,0.3494911375661376,0.3944180124223603,0.2700051282051283,0.0,0.6208888888888889,0.5624615384615385,0.7532024705508952,0.8228616759039604,-0.9799157360188514
Wine,15,Gradient Boosting,0.0,36,1,0.9722222222222222,0.9594461563032305,0.9586518156965725,0.9872480775362553,5.456704696414123,5.479103604215221,4.672742923375697,1.0,,,,,
Wine,15,Gradient Boosting,0.25,36,3,0.9166666666666666,0.9526441277470483,0.9818742179829446,0.6311131351521879,5.514838445580587,5.9389463711610935,0.849651264195027,0.3333333333333333,,,,,
Wine,15,Gradient Boosting,0.5,36,6,0.8333333333333334,0.9345277512540194,0.9363900806955592,0.9252161040463204,4.542873852807896,4.719931146266654,3.657587385514111,0.8333333333333334,,,,,
Wine,15,Gradient Boosting,1.0,36,10,0.7222222222222222,0.9134411135747905,0.915832923652713,0.9072224073721917,3.5240830913904917,3.6276253019279725,3.254873343993041,0.8,,,,,
Wine,15,Gradient Boosting,1.5,36,12,0.6666666666666666,0.8817404767764311,0.9265506495366513,0.7921201312559908,3.51911261305111,4.222361225062027,2.112615389029276,0.25,,,,,
Wine,15,Gradient Boosting,2.0,36,15,0.5833333333333334,0.8682132727265479,0.8915853527397211,0.8354923607081054,3.1405375301069154,3.5329219211469027,2.5911993826509336,0.4666666666666667,,,,,
Wine,16,Logistic Regression,0.0,36,0,1.0,0.952592787577827,0.952592787577827,,4.99257257125276,4.99257257125276,,,,,,,
Wine,16,Logistic Regression,0.25,36,0,1.0,0.9672972982316161,0.9672972982316161,,5.101011821576844,5.101011821576844,,,,,,,
Wine,16,Logistic Regression,0.5,36,3,0.9166666666666666,0.9431491872837863,0.9725764410034791,0.6194493963671664,5.314007021298252,5.741773684593129,0.6085737250545921,0.0,,,,,
Wine,16,Logistic Regression,1.0,36,6,0.8333333333333334,0.908736640830848,0.9481847080166862,0.711496304901657,5.081827596173723,5.830407269051077,1.3389292317869543,0.0,,,,,
Wine,16,Logistic Regression,1.5,36,10,0.7222222222222222,0.9146164862918444,0.9493056217301823,0.824424734152166,4.573087022297873,5.403107382322328,2.4150340862342903,0.5,,,,,
Wine,16,Logistic Regression,2.0,36,10,0.7222222222222222,0.899314671564244,0.965289302600469,0.7277806308700596,5.519326402090324,6.886541057385979,1.964568298321621,0.3,,,,,
Wine,16,Random Forest,0.0,36,0,1.0,0.8475055555555557,0.8475055555555557,,0.722613492063492,0.722613492063492,,,0.8454444444444443,,0.386978911002958,,-0.9880365506714139
Wine,16,Random Forest,0.25,36,0,1.0,0.8522164021164019,0.8522164021164019,,0.7363349206349207,0.7363349206349207,,,0.8500000000000001,,0.39377368063057,,-0.9855875925152189
Wine,16,Random Forest,0.5,36,3,0.9166666666666666,0.7932838624338624,0.8053878787878788,0.6601396825396825,0.631989417989418,0.6575812409812409,0.350479365079365,0.0,0.7918888888888889,0.652,0.4940481405636549,0.655155730169486,-0.9826558419038587
Wine,16,Random Forest,1.0,36,7,0.8055555555555556,0.6904105820105819,0.7353284072249588,0.5043224489795918,0.4818666666666666,0.5469825944170772,0.21210068027210882,0.0,0.6957777777777778,0.5091428571428571,0.6596985788464467,0.9219977539066498,-0.9912250411097112
Wine,16,Random Forest,1.5,36,14,0.6111111111111112,0.5970462962962964,0.6356290043290044,0.5364163265306122,0.3103365079365079,0.3772515151515151,0.20518435374149663,0.0,0.5983333333333333,0.5388571428571429,0.7711713912181547,0.8078135844397858,-0.9801208211927636
Wine,16,Random Forest,2.0,36,15,0.5833333333333334,0.6429246031746031,0.6722439909297052,0.6018774603174603,0.3856772486772487,0.43838185941043084,0.31189079365079364,0.13333333333333333,0.6463333333333333,0.6039999999999999,0.7271851265035858,0.7592129268180539,-0.9772621536223484
Wine,16,Gradient Boosting,0.0,36,0,1.0,0.9666389565594654,0.9666389565594654,,5.319239024263263,5.319239024263263,,,,,,,
Wine,16,Gradient Boosting,0.25,36,0,1.0,0.9839805662712665,0.9839805662712665,,5.6131919170486135,5.6131919170486135,,,,,,,
Wine,16,Gradient Boosting,0.5,36,3,0.9166666666666666,0.9466168664819303,0.9490251128122158,0.9201261568487912,4.424440303240548,4.5884177075577774,2.6206888557510273,0.6666666666666666,,,,,
Wine,16,Gradient Boosting,1.0,36,9,0.75,0.9030602130759566,0.9366354188086184,0.8023345958779711,3.7719375055580326,4.376627520657303,1.9578674602602173,0.3333333333333333,,,,,
Wine,16,Gradient Boosting,1.5,36,14,0.6111111111111112,0.8527810922888346,0.9047233415116043,0.7711575577959106,2.733199726698948,3.279736584408697,1.8743560931550576,0.2857142857142857,,,,,
Wine,16,Gradient Boosting,2.0,36,17,0.5277777777777778,0.871054528388471,0.8993500392302303,0.8394301339182695,3.2319462112801025,3.721107486492377,2.685236550748737,0.4117647058823529,,,,,
Wine,17,Logistic Regression,0.0,36,1,0.9722222222222222,0.9568272558810439,0.9666131983327213,0.6143192700723432,5.108304976289812,5.239921929169739,0.5017116254923668,0.0,,,,,
Wine,17,Logistic Regression,0.25,36,1,0.9722222222222222,0.9580443476749037,0.9640293865788339,0.7485679860373462,5.038765918435245,5.150747373407477,1.1194149944071055,0.0,,,,,
Wine,17,Logistic Regression,0.5,36,1,0.9722222222222222,0.9527535836960934,0.9625202108101035,0.6109216347057331,5.3111325463386105,5.449924838730501,0.4534023126224529,0.0,,,,,
Wine,17,Logistic Regression,1.0,36,3,0.9166666666666666,0.9162456171683702,0.9149798520835629,0.930169033101249,5.037704697497104,5.1718810514489775,3.561764804026492,0.6666666666666666,,,,,
Wine,17,Logistic Regression,1.5,36,7,0.8055555555555556,0.9250747202323658,0.9636963565658124,0.7650707982795161,4.906831629318587,5.573517285067211,2.1448481983600063,0.2857142857142857,,,,,
Wine,17,Logistic Regression,2.0,36,9,0.75,0.9361886864850322,0.9406221313914728,0.92288835176571,5.251954022402156,5.894456335329151,3.324447083621176,0.6666666666666666,,,,,
Wine,17,Random Forest,0.0,36,1,0.9722222222222222,0.8716992063492064,0.8762810884353741,0.7113333333333334,0.7795148148148148,0.7876609523809522,0.49440000000000006,0.0,0.8697777777777778,0.684,0.33568795027282095,0.7379633639775722,-0.992317505020574
Wine,17,Random Forest,0.25,36,1,0.9722222222222222,0.8157637566137566,0.8145572789115647,0.8579904761904762,0.6781661375661376,0.6758952380952382,0.757647619047619,0.0,0.8127777777777778,0.848,0.4349845704665842,0.4741965870670348,-0.9927562845955742
Wine,17,Random Forest,0.5,36,0,1.0,0.7906582010582011,0.7906582010582011,,0.631015343915344,0.631015343915344,,,0.7894444444444445,,0.4883106318152872,,-0.9917136481995851
Wine,17,Random Forest,1.0,36,8,0.7777777777777778,0.67899417989418,0.7087952380952381,0.5746904761904762,0.45964047619047615,0.511038775510204,0.2797464285714286,0.0,0.685,0.594,0.6488017995718462,0.790884195610813,-0.9827463986569804
Wine,17,Random Forest,1.5,36,10,0.7222222222222222,0.6096193121693121,0.6318032967032968,0.5519409523809524,0.34049232804232804,0.3749959706959707,0.2507828571428571,0.1,0.6107777777777778,0.5524,0.7576781555992304,0.824206178132641,-0.9793253268862513
Wine,17,Random Forest,2.0,36,16,0.5555555555555556,0.5647433862433862,0.6206252380952381,0.49489107142857136,0.2828465608465609,0.3838366666666667,0.1566089285714286,0.0,0.5645555555555556,0.49624999999999997,0.815262761197237,0.8809142676341974,-0.9821922910305173
Wine,17,Gradient Boosting,0.0,36,2,0.9444444444444444,0.9558514319380974,0.9683722421860862,0.7429976577222872,5.725743462823968,5.9857445977169474,1.305724169643328,0.0,,,,,
Wine,17,Gradient Boosting,0.25,36,2,0.9444444444444444,0.9308867389986067,0.9341203585467506,0.8759152066801601,5.044904418717491,5.165528268932217,2.9942989650671468,0.5,,,,,
Wine,17,Gradient Boosting,0.5,36,2,0.9444444444444444,0.9478980982570009,0.9628373017403494,0.693931639040078,4.954911637749803,5.193662160116606,0.8961527575141761,0.0,,,,,
Wine,17,Gradient Boosting,1.0,36,13,0.6388888888888888,0.9137039834498574,0.980084005310568,0.7962624063116761,3.9872687302874987,5.028283678237212,2.1454730531456976,0.38461538461538464,,,,,
Wine,17,Gradient Boosting,1.5,36,9,0.75,0.8447672127871021,0.8630573629731906,0.7898967622288366,3.066967487346112,3.258737210337356,2.4916583183723784,0.3333333333333333,,,,,
Wine,17,Gradient Boosting,2.0,36,14,0.6111111111111112,0.8080097975639307,0.8444148838693032,0.7508018047983454,2.47092176390834,2.8812501063891975,1.8261200828669946,0.21428571428571427,,,,,
Wine,18,Logistic Regression,0.0,36,2,0.9444444444444444,0.9566837048684115,0.967702770942212,0.7693595816138058,5.036846588439352,5.261650087531926,1.215187103865589,0.0,,,,,
Wine,18,Logistic Regression,0.25,36,2,0.9444444444444444,0.955378081998425,0.9671658978872745,0.7549852118879843,4.761784231998822,4.96547318529492,1.2990720259651665,0.0,,,,,
Wine,18,Logistic Regression,0.5,36,3,0.9166666666666666,0.9447465401062796,0.9593930966461968,0.783634418167193,4.767398848890182,5.053219695072617,1.6233695408834095,0.3333333333333333,,,,,
Wine,18,Logistic Regression,1.0,36,5,0.8611111111111112,0.9216539483521766,0.9372677828355981,0.8248481745549633,4.090926480794175,4.269725924078392,2.9823699324320314,0.4,,,,,
Wine,18,Logistic Regression,1.5,36,9,0.75,0.9443072373332383,0.9643432037796844,0.8841993379938994,5.870837434074344,6.390444708936855,4.312015609486816,0.6666666666666666,,,,,
Wine,18,Logistic Regression,2.0,36,11,0.6944444444444444,0.9586210882073877,0.9767972969742356,0.9173115228281881,6.435113238720968,7.561932641783046,3.8741600499435123,0.8181818181818182,,,,,
Wine,18,Random Forest,0.0,36,1,0.9722222222222222,0.8564626984126984,0.862731156462585,0.6370666666666667,0.7421089947089947,0.7553844897959183,0.27746666666666664,0.0,0.859,0.676,0.3679523822678315,0.573312229423174,-0.9825585362406494
Wine,18,Random Forest,0.25,36,1,0.9722222222222222,0.8234559523809524,0.8306327891156464,0.5722666666666667,0.6807818783068783,0.6959127891156462,0.15120000000000006,0.0,0.8252222222222222,0.636,0.4393197599212025,0.5968301935713727,-0.9768523530167809
Wine,18,Random Forest,0.5,36,3,0.9166666666666666,0.7977854497354497,0.8193809523809523,0.5602349206349206,0.6374388888888889,0.6805936507936509,0.16273650793650798,0.0,0.7958888888888889,0.5746666666666667,0.48393912871107286,0.7168447821410314,-0.9820687307168269
Wine,18,Random Forest,1.0,36,7,0.8055555555555556,0.6902026455026454,0.7000958949096878,0.6492163265306123,0.46721441798941804,0.48877947454844006,0.3778734693877551,0.0,0.6907777777777777,0.6457142857142857,0.6516057847063281,0.710047988269982,-0.9774996502249134
Wine,18,Random Forest,1.5,36,8,0.7777777777777778,0.6157404761904761,0.6279561224489795,0.5729857142857142,0.34083571428571424,0.3619341836734694,0.2669910714285714,0.0,0.6091111111111112,0.5665,0.7471562856863971,0.8170022212062091,-0.9807611927201679
Wine,18,Random Forest,2.0,36,12,0.6666666666666666,0.6017158730158729,0.6149527777777778,0.5752420634920635,0.3291781746031746,0.3569781746031746,0.2735781746031746,0.0,0.6110000000000001,0.5833333333333334,0.7634694506034595,0.8070755401427544,-0.9779464782554429
Wine,18,Gradient Boosting,0.0,36,1,0.9722222222222222,0.979495692129648,0.9818770626730765,0.8961477231096469,5.679619720517881,5.779818045383623,2.1726783502169384,0.0,,,,,
Wine,18,Gradient Boosting,0.25,36,1,0.9722222222222222,0.976684420448065,0.983366606601306,0.742807905084631,5.364640681735738,5.487216033647083,1.07450336483859,0.0,,,,,
Wine,18,Gradient Boosting,0.5,36,2,0.9444444444444444,0.9506007105477909,0.9566344315652673,0.8480274532506952,5.029559606077678,5.195883510567365,2.202053229752974,0.5,,,,,
Wine,18,Gradient Boosting,1.0,36,10,0.7222222222222222,0.905478429560845,0.9559455341225596,0.7742639577003876,3.957473069845741,4.720871140478189,1.9726380862013744,0.4,,,,,
Wine,18,Gradient Boosting,1.5,36,11,0.6944444444444444,0.8323324767555422,0.8620347192500649,0.7648273801770812,2.8115704316764694,3.0535730687694875,2.2615644382832447,0.2727272727272727,,,,,
Wine,18,Gradient Boosting,2.0,36,12,0.6666666666666666,0.8778582795731504,0.8783146468700193,0.8769455449794131,3.314950420406044,3.631833433061603,2.681184395094926,0.6666666666666666,,,,,
Wine,19,Logistic Regression,0.0,36,0,1.0,0.9439027501915866,0.9439027501915866,,5.1114779745026055,5.1114779745026055,,,,,,,
Wine,19,Logistic Regression,0.25,36,0,1.0,0.9514716762957782,0.9514716762957782,,4.978608958493584,4.978608958493584,,,,,,,
Wine,19,Logistic Regression,0.5,36,0,1.0,0.935146747053528,0.935146747053528,,5.129755153930523,5.129755153930523,,,,,,,
Wine,19,Logistic Regression,1.0,36,5,0.8611111111111112,0.9261522963962607,0.9386882101985649,0.8484296308219748,5.299673589013383,5.780576211947545,2.318077326821582,0.6,,,,,
Wine,19,Logistic Regression,1.5,36,10,0.7222222222222222,0.9331822307825401,0.9726110974723432,0.8306671773890519,5.134669522794656,6.146766504045089,2.503217371543529,0.4,,,,,
Wine,19,Logistic Regression,2.0,36,14,0.6111111111111112,0.9370328960051089,0.966325242115839,0.8910020664025328,6.701425507590098,7.993949947926553,4.670315672775667,0.7142857142857143,,,,,
Wine,19,Random Forest,0.0,36,0,1.0,0.8536750000000001,0.8536750000000001,,0.7391453703703703,0.7391453703703703,,,0.8538888888888888,,0.3588548907992192,,-0.9935581587541126
Wine,19,Random Forest,0.25,36,0,1.0,0.8364734126984126,0.8364734126984126,,0.7102539682539682,0.7102539682539682,,,0.8347777777777777,,0.41210531177560344,,-0.9903052649314715
Wine,19,Random Forest,0.5,36,5,0.8611111111111112,0.791101455026455,0.8312121351766514,0.5424152380952381,0.6403322751322751,0.7161500768049154,0.17026190476190478,0.0,0.7906666666666666,0.532,0.4883057168960651,0.8353017124122026,-0.9935973064686615
Wine,19,Random Forest,1.0,36,4,0.8888888888888888,0.6731142857142857,0.6919199404761904,0.5226690476190476,0.4410510582010582,0.47618392857142855,0.15998809523809523,0.0,0.6751111111111111,0.51,0.6960613913652205,0.8293004043438883,-0.9841086106152883
Wine,19,Random Forest,1.5,36,13,0.6388888888888888,0.6323510582010582,0.6736273291925465,0.5593238095238096,0.35851031746031753,0.42716625258799185,0.23704212454212453,0.0,0.6342222222222222,0.5633846153846154,0.7134074518101328,0.7972974813331022,-0.9849955808619729
Wine,19,Random Forest,2.0,36,12,0.6666666666666666,0.6207018518518519,0.6336208333333333,0.5948638888888887,0.3533313492063492,0.3845083333333333,0.29097738095238096,0.0,0.6201111111111111,0.5876666666666667,0.7325077958994458,0.7817370334717036,-0.9828591316028614
Wine,19,Gradient Boosting,0.0,36,1,0.9722222222222222,0.9669894268153807,0.9773042931889832,0.6059691037392965,5.713192190315951,5.862646222709453,0.48230105654341404,0.0,,,,,
Wine,19,Gradient Boosting,0.25,36,1,0.9722222222222222,0.9545463714513619,0.964505721957421,0.6059691037392965,5.561782555338048,5.706910598160751,0.48230105654341404,0.0,,,,,
Wine,19,Gradient Boosting,0.5,36,7,0.8055555555555556,0.937274780557725,0.9757517284893189,0.777870281983979,4.758752605442805,5.544592534863785,1.5031300406987431,0.0,,,,,
Wine,19,Gradient Boosting,1.0,36,4,0.8888888888888888,0.8933265752122383,0.913547013493314,0.7315630689636323,3.760675169981058,4.062132544955801,1.349016170183119,0.0,,,,,
Wine,19,Gradient Boosting,1.5,36,12,0.6666666666666666,0.8857412510178911,0.906619942092636,0.8439838688684017,3.3859350259033794,3.7450641802084967,2.667676717293144,0.3333333333333333,,,,,
Wine,19,Gradient Boosting,2.0,36,10,0.7222222222222222,0.8188853482559064,0.8499705493863945,0.7380638253166374,3.089776384966269,3.449243902906984,2.15516083832041,0.4,,,,,
Digits,0,Logistic Regression,0.0,360,13,0.9638888888888889,0.9558866473370772,0.9669315803727909,0.6610718963068715,5.630324946194863,5.799308810731595,1.1197556389451704,0.15384615384615385,,,,,
Digits,0,Logistic Regression,0.25,360,13,0.9638888888888889,0.9564881155276043,0.9638664831342512,0.7595424571040283,5.522933756537124,5.668231210247089,1.6446094152018949,0.3076923076923077,,,,,
Digits,0,Logistic Regression,0.5,360,24,0.9333333333333333,0.9312626461306996,0.9472057038424045,0.7080598381668298,5.227403405311721,5.500290296511599,1.406986928513427,0.20833333333333334,,,,,
Digits,0,Logistic Regression,1.0,360,74,0.7944444444444444,0.8926616175111007,0.9293193530272951,0.7509844234890533,4.588333658242911,5.227399694035725,2.118429790178792,0.3108108108108108,,,,,
Digits,0,Logistic Regression,1.5,360,125,0.6527777777777778,0.8690614625102874,0.9126491748577393,0.7871165632970772,4.500019592552932,5.634731425734086,2.366761346172362,0.368,,,,,
Digits,0,Logistic Regression,2.0,360,176,0.5111111111111111,0.8762157502814224,0.9035801435906777,0.8476075209126553,4.748002285763818,5.678612107744489,3.7750920173294817,0.5454545454545454,,,,,
Digits,0,Random Forest,0.0,360,12,0.9666666666666667,0.7303958509700177,0.7442190156905674,0.3295240740740741,0.6336043518518518,0.6528867998540413,0.07441335978835979,0.0,0.7335555555555556,0.33933333333333326,0.4137922393227559,0.7633295484482154,-0.9924562412315147
Digits,0,Random Forest,0.25,360,9,0.975,0.6024828527336861,0.6106223262334373,0.28504338624338627,0.4741969091710759,0.4848217112106001,0.05982962962962964,0.0,0.6064555555555555,0.2906666666666667,0.5769336506427025,0.8209193043204199,-0.9911301434369362
Digits,0,Random Forest,0.5,360,17,0.9527777777777777,0.5043221781305115,0.5152524457402009,0.2837879551820728,0.3572970634920635,0.3714051506316812,0.07264565826330531,0.0,0.5077333333333333,0.2882352941176471,0.684073292248352,0.8387407231230354,-0.9883697835400445
Digits,0,Random Forest,1.0,360,75,0.7916666666666666,0.36341969576719574,0.39029647451963245,0.2612879365079365,0.1969040740740741,0.23093396825396822,0.06759047619047619,0.0,0.3654777777777778,0.25930666666666674,0.811489441220276,0.8741941836077846,-0.9859884884223097
Digits,0,Random Forest,1.5,360,126,0.65,0.2949985405643739,0.32291285442952106,0.24315767195767196,0.12388147266313933,0.15684786324786323,0.06265817586293777,0.0,0.2958444444444444,0.24403174603174604,0.8688903064974143,0.9005705612495147,-0.9780875209418289
Digits,0,Random Forest,2.0,360,187,0.48055555555555557,0.25849054673721333,0.28856373979264155,0.23066882268058742,0.09295628306878306,0.12667332782824114,0.06176350903997963,0.0,0.26030000000000003,0.23272727272727275,0.8970854539372219,0.9119616380893203,-0.9641510311012422
Digits,0,Gradient Boosting,0.0,360,7,0.9805555555555555,0.9684653074859034,0.9756668244699334,0.6053030938626763,6.510698185458558,6.61592122714657,1.20445051176309,0.14285714285714285,,,,,
Digits,0,Gradient Boosting,0.25,360,19,0.9472222222222222,0.9205817527102995,0.9391495422686236,0.5873387927424819,5.052608015509505,5.272261173887509,1.1104118572516366,0.10526315789473684,,,,,
Digits,0,Gradient Boosting,0.5,360,35,0.9027777777777778,0.8551548093645145,0.8914653021047392,0.517985948205285,3.963240954914858,4.28760448558822,0.9512938843764979,0.11428571428571428,,,,,
Digits,0,Gradient Boosting,1.0,360,118,0.6722222222222223,0.7226994434920024,0.7989114875579507,0.5664001666787867,2.495097154463656,3.112741146590843,1.2284035434909495,0.07627118644067797,,,,,
Digits,0,Gradient Boosting,1.5,360,162,0.55,0.6600489489822327,0.7571010202465517,0.5414297507702872,1.94989433583519,2.630726530877594,1.1177660974500296,0.06172839506172839,,,,,
Digits,0,Gradient Boosting,2.0,360,216,0.4,0.6125789082693527,0.6827899583450132,0.5657715415522456,1.6276546552055338,2.0396845863840887,1.3529680344198307,0.10185185185185185,,,,,
Digits,1,Logistic Regression,0.0,360,11,0.9694444444444444,0.9511335172367126,0.9627893971089582,0.5813242376536457,5.435340621495426,5.571223082330475,1.1241607277288654,0.09090909090909091,,,,,
Digits,1,Logistic Regression,0.25,360,14,0.9611111111111111,0.9396625996527989,0.9536627858015045,0.5936579991205014,5.345977467554553,5.524852796415622,0.9252014828452783,0.07142857142857142,,,,,
Digits,1,Logistic Regression,0.5,360,30,0.9166666666666666,0.9262863783455251,0.951937942962055,0.6441191675636968,5.19293919011616,5.561229041786586,1.1417508217414793,0.06666666666666667,,,,,
Digits,1,Logistic Regression,1.0,360,68,0.8111111111111111,0.8831706220463127,0.9088761348084751,0.7727881260676143,4.40561546739521,4.849651200690081,2.498873789128994,0.35294117647058826,,,,,
Digits,1,Logistic Regression,1.5,360,144,0.6,0.8613135805078694,0.9059247855261032,0.794396772980519,4.262158700309504,5.254706506530378,2.7733369909781924,0.4236111111111111,,,,,
Digits,1,Logistic Regression,2.0,360,193,0.4638888888888889,0.8717514530455254,0.8964854966034619,0.8503494568062747,4.430169065641948,5.57571205031874,3.438947933823171,0.5492227979274611,,,,,
Digits,1,Random Forest,0.0,360,12,0.9666666666666667,0.7384407574011658,0.7529469139306848,0.31776221804511273,0.6440015475550306,0.6629679374979925,0.09397623920913394,0.0,0.7417,0.31233333333333335,0.3985347919455899,0.809773201620648,-0.9941169924908869
Digits,1,Random Forest,0.25,360,19,0.9472222222222222,0.6077986630289005,0.6254930382466768,0.29023119201512554,0.48004345671010223,0.5031713243654523,0.06495909510618651,0.0,0.6108666666666667,0.2869473684210526,0.568624386014643,0.81735878192412,-0.9930595424146748
Digits,1,Random Forest,0.5,360,30,0.9166666666666666,0.4992518350793971,0.5206078075806024,0.2643361375661376,0.34849927588767576,0.37574354387361647,0.048812328042328074,0.0,0.5022444444444444,0.2628,0.6830235716196633,0.8468699332532454,-0.9917349033990817
Digits,1,Random Forest,1.0,360,71,0.8027777777777778,0.3591808258833546,0.3839768902828204,0.2582503665672194,0.18883814069816943,0.21863870167404353,0.06753726574003406,0.0,0.3610333333333334,0.2551549295774648,0.8080695758985872,0.8772438106619158,-0.9880444459604533
Digits,1,Random Forest,1.5,360,137,0.6194444444444445,0.2987889343489631,0.32888706104987225,0.24979709307668027,0.12570966951222246,0.1596368278306198,0.07048517093556107,0.0,0.2996333333333333,0.2486423357664233,0.8626683040756505,0.8949659356071669,-0.9762760577044272
Digits,1,Random Forest,2.0,360,197,0.4527777777777778,0.27195538147732035,0.30890528979171716,0.24138261469941846,0.10269484797562234,0.14431595912070563,0.06825707580989349,0.0,0.2716777777777778,0.23943147208121832,0.8837933273903247,0.9033120422446261,-0.9730589271719713
Digits,1,Gradient Boosting,0.0,360,13,0.9638888888888889,0.9580997380565859,0.9696574439114972,0.6495978971601111,6.552641570544769,6.727642481090544,1.8814634198229263,0.23076923076923078,,,,,
Digits,1,Gradient Boosting,0.25,360,27,0.925,0.9150976720479578,0.9390092104982104,0.6201886978281772,5.170107774226576,5.46717190480471,1.5063168304296009,0.18518518518518517,,,,,
Digits,1,Gradient Boosting,0.5,360,48,0.8666666666666667,0.8492564711556412,0.8934036391406619,0.5622998792530077,4.059747505953693,4.480718628791588,1.323435207507381,0.125,,,,,
Digits,1,Gradient Boosting,1.0,360,123,0.6583333333333333,0.717529183499315,0.8137417119517605,0.532144067700701,2.507212237963192,3.2296684687039705,1.1151624275114478,0.08943089430894309,,,,,
Digits,1,Gradient Boosting,1.5,360,172,0.5222222222222223,0.6717587873195001,0.7524119734708696,0.5836029792005616,1.9665310483170113,2.500446866030312,1.3829486429094502,0.12209302325581395,,,,,
Digits,1,Gradient Boosting,2.0,360,221,0.3861111111111111,0.6504876032447917,0.7402448189867954,0.594033969814301,1.8127039546144463,2.450856592955904,1.4113319332141623,0.09049773755656108,,,,,
Digits,2,Logistic Regression,0.0,360,19,0.9472222222222222,0.9373738216061734,0.9573559885265386,0.5787465100354093,5.315152841880413,5.571143457127408,0.7207949577106759,0.10526315789473684,,,,,
Digits,2,Logistic Regression,0.25,360,23,0.9361111111111111,0.9369190058717234,0.958793116290992,0.6164157358154817,5.277933177464231,5.570048511495528,0.997808500570895,0.08695652173913043,,,,,
Digits,2,Logistic Regression,0.5,360,33,0.9083333333333333,0.9168193736019499,0.9412521670009161,0.6747126026485575,4.808015575929139,5.151404539467975,1.4053431190443082,0.12121212121212122,,,,,
Digits,2,Logistic Regression,1.0,360,83,0.7694444444444445,0.8764363475470538,0.9127700624470277,0.7551780460134055,4.380212324028794,5.113180998797821,1.9340397588357798,0.27710843373493976,,,,,
Digits,2,Logistic Regression,1.5,360,151,0.5805555555555556,0.8700480942812874,0.9092319741566827,0.8158134525994488,4.424311373331623,5.3432519773291505,3.152400206209218,0.47019867549668876,,,,,
Digits,2,Logistic Regression,2.0,360,187,0.48055555555555557,0.8641282212231226,0.9063308731190961,0.8250851261535856,4.511665310610763,5.7630767228259385,3.353942453320786,0.4919786096256685,,,,,
Digits,2,Random Forest,0.0,360,18,0.95,0.7115531251002084,0.7315661620380919,0.33130542328042334,0.6084070915504249,0.6352851938347552,0.09772314814814814,0.0,0.7138666666666668,0.3293333333333333,0.4293079820203337,0.7844077433320112,-0.9941411862235442
Digits,2,Random Forest,0.25,360,22,0.9388888888888889,0.5945665889049222,0.6118033026802258,0.3297479863570773,0.46336320426487093,0.4874896714396714,0.09269293585202677,0.0,0.5964666666666667,0.32781818181818184,0.5805290643728831,0.7940811266025595,-0.9930239194411851
Digits,2,Random Forest,0.5,360,38,0.8944444444444445,0.4924760505852172,0.5127084525378004,0.3210330656185919,0.33773181337181335,0.36786800099486433,0.08236727614490773,0.0,0.49401111111111107,0.31778947368421046,0.6902668751200471,0.7949949145561132,-0.9900560796934982
Digits,2,Random Forest,1.0,360,80,0.7777777777777778,0.35717021845438507,0.381963700267986,0.2703930321067821,0.1871877214606381,0.22017648191094621,0.0717270598845599,0.0,0.35746666666666665,0.266,0.8160674785044683,0.8604257953911183,-0.9850111506499665
Digits,2,Random Forest,1.5,360,145,0.5972222222222222,0.2969830733926567,0.33002218899963087,0.24799403990645372,0.12647147426647426,0.16630376623376628,0.0674097999701448,0.0,0.2979555555555556,0.24637241379310343,0.8652269461189578,0.8958689200214657,-0.9817709823887328
Digits,2,Random Forest,2.0,360,190,0.4722222222222222,0.2595467821067821,0.2952466993464052,0.2276047508923825,0.09215640572390574,0.13419468338850693,0.05454320991873624,0.0,0.26170000000000004,0.22886315789473688,0.8928004210764009,0.911039103646961,-0.9764085735831176
Digits,2,Gradient Boosting,0.0,360,19,0.9472222222222222,0.9552578496355182,0.9721067512529823,0.6528644048168167,6.392549702988675,6.665931061251201,1.4860737468033285,0.15789473684210525,,,,,
Digits,2,Gradient Boosting,0.25,360,28,0.9222222222222223,0.9071755199567557,0.9342859860186393,0.5857228509372778,4.984336413363571,5.30797217246286,1.1469409840434317,0.03571428571428571,,,,,
Digits,2,Gradient Boosting,0.5,360,44,0.8777777777777778,0.8514319699379658,0.884354911932962,0.6149853865193567,3.8385712277882287,4.185736598035344,1.345292659649854,0.09090909090909091,,,,,
Digits,2,Gradient Boosting,1.0,360,126,0.65,0.7177815432945011,0.7945967315437328,0.5751247651173567,2.334746239439188,2.912536754458368,1.2617067115464244,0.09523809523809523,,,,,
Digits,2,Gradient Boosting,1.5,360,192,0.4666666666666667,0.678639294324685,0.7830277099740137,0.5872994306315223,2.0061634241155226,2.730082700770531,1.3727340570423905,0.10416666666666667,,,,,
Digits,2,Gradient Boosting,2.0,360,222,0.38333333333333336,0.6068789160347337,0.6865181405107568,0.5573734521712598,1.5581750053161096,2.071681593847032,1.2389682070401313,0.09009009009009009,,,,,
Digits,3,Logistic Regression,0.0,360,10,0.9722222222222222,0.9536162157964789,0.9636462364944173,0.6025654913686382,5.723558131349903,5.864455335477631,0.792155986879383,0.0,,,,,
Digits,3,Logistic Regression,0.25,360,14,0.9611111111111111,0.9448233508681886,0.9571504357954032,0.6401682519527426,5.577416507562276,5.752916310968176,1.2400642233878887,0.07142857142857142,,,,,
Digits,3,Logistic Regression,0.5,360,30,0.9166666666666666,0.9197741528849224,0.9424585252856714,0.6702460564766822,5.159371537698336,5.516642633012764,1.2293894892396355,0.1,,,,,
Digits,3,Logistic Regression,1.0,360,72,0.8,0.8882567062037866,0.9172341582874213,0.772346897869248,4.544647411225256,5.105311378291846,2.301991542958894,0.3888888888888889,,,,,
Digits,3,Logistic Regression,1.5,360,137,0.6194444444444445,0.8742537693563539,0.9276312868624585,0.7873691970653953,4.471024036507936,5.789194519493206,2.3253888707727866,0.34306569343065696,,,,,
Digits,3,Logistic Regression,2.0,360,192,0.4666666666666667,0.8841955066347531,0.9129974153988298,0.8589938364661863,4.940426201803797,6.064274999867522,3.9570585034980392,0.59375,,,,,
Digits,3,Random Forest,0.0,360,11,0.9694444444444444,0.724180114638448,0.7368829626597534,0.321153391053391,0.6295412742504409,0.6465673352435529,0.08935079365079363,0.0,0.7266333333333334,0.3130909090909091,0.4177315063806862,0.7901543275280395,-0.9935785651722902
Digits,3,Random Forest,0.25,360,18,0.95,0.6027086948853616,0.6185391859277825,0.3019293650793651,0.4776550749559083,0.49822466815186117,0.08683280423280422,0.0,0.6058111111111112,0.2975555555555556,0.5754657279889842,0.8153678407693281,-0.9921457003986395
Digits,3,Random Forest,0.5,360,29,0.9194444444444444,0.5069675176366844,0.5253072891190715,0.29764116037219485,0.35633988536155203,0.3816066561166259,0.0679501915708812,0.0,0.5092555555555556,0.2896551724137931,0.677133443801814,0.8239364149684931,-0.9902709560089661
Digits,3,Random Forest,1.0,360,71,0.8027777777777778,0.3586556481481482,0.3822754050639864,0.262513257321708,0.18525940917107586,0.2173904322513319,0.054472568745808185,0.0,0.36108888888888885,0.2631549295774648,0.8126834287561691,0.8679693794838175,-0.9852434076538766
Digits,3,Random Forest,1.5,360,133,0.6305555555555555,0.2885901455026455,0.31571379623802526,0.24229639575128295,0.1150379938271605,0.149564631843927,0.05610907029478459,0.0,0.2901666666666667,0.24228571428571427,0.8701359605490339,0.8924595979806151,-0.9778388863371544
Digits,3,Random Forest,2.0,360,194,0.46111111111111114,0.26504447530864195,0.2969363262574106,0.23775557191948946,0.09237753968253967,0.12742532989099253,0.06238819342169858,0.0,0.26724444444444445,0.23806185567010313,0.8849405715382251,0.9028990706465155,-0.9679090166367749
Digits,3,Gradient Boosting,0.0,360,14,0.9611111111111111,0.9494298549365684,0.9663624089294206,0.5309538776846516,6.458987100404588,6.6853441767999895,0.8647336409182397,0.0,,,,,
Digits,3,Gradient Boosting,0.25,360,26,0.9277777777777778,0.9201202571151318,0.9421439256255062,0.6372008231741696,5.23218227904418,5.55067078041347,1.1408299922233054,0.07692307692307693,,,,,
Digits,3,Gradient Boosting,0.5,360,44,0.8777777777777778,0.8660286060384998,0.9064312175050133,0.5758643964153588,4.18225446402448,4.601005735777485,1.1748589668892653,0.11363636363636363,,,,,
Digits,3,Gradient Boosting,1.0,360,109,0.6972222222222222,0.7241813049561401,0.7909283820964889,0.5704793199815756,2.501316799854827,3.057446774897591,1.220687224297638,0.06422018348623854,,,,,
Digits,3,Gradient Boosting,1.5,360,186,0.48333333333333334,0.6590528795010193,0.724890772826977,0.5974625921960912,1.8960277161260677,2.441240501381764,1.3859899492739647,0.07526881720430108,,,,,
Digits,3,Gradient Boosting,2.0,360,231,0.35833333333333334,0.633349757991273,0.7285611119740315,0.5801797810918106,1.6508669327514232,2.2584075817438007,1.3115909859115238,0.07792207792207792,,,,,
Digits,4,Logistic Regression,0.0,360,12,0.9666666666666667,0.9529476786509168,0.962739842428494,0.6689749291011794,5.65823189780156,5.812355305455662,1.1886530758326022,0.16666666666666666,,,,,
Digits,4,Logistic Regression,0.25,360,11,0.9694444444444444,0.9445926279556692,0.9528136996499033,0.6837604442022481,5.528925103875652,5.657450843872408,1.4511538985239967,0.09090909090909091,,,,,
Digits,4,Logistic Regression,0.5,360,33,0.9083333333333333,0.9252878462700743,0.9526378862763175,0.654273813480937,5.120790343902391,5.525741702756888,1.1080905152532812,0.030303030303030304,,,,,
Digits,4,Logistic Regression,1.0,360,75,0.7916666666666666,0.8943217574307065,0.9280519913160346,0.7661468686664606,4.733038686176782,5.457918535055633,1.978495260437149,0.28,,,,,
Digits,4,Logistic Regression,1.5,360,127,0.6472222222222223,0.8747324943919121,0.9139067152508138,0.8028616797452665,4.496132897169999,5.422095699236951,2.797319252432995,0.4330708661417323,,,,,
Digits,4,Logistic Regression,2.0,360,177,0.5083333333333333,0.8936953738499624,0.9350856328698806,0.85090205520225,5.043651478111195,6.515927729509709,3.5214675571737475,0.519774011299435,,,,,
Digits,4,Random Forest,0.0,360,11,0.9694444444444444,0.7314339951098284,0.7429710878742399,0.36539350649350644,0.6315611079352745,0.6481888264871073,0.10400894660894658,0.0,0.734111111111111,0.36981818181818177,0.40970751774366687,0.728680389263004,-0.9925622984557443
Digits,4,Random Forest,0.25,360,10,0.9722222222222222,0.6101520450537117,0.6172070286538859,0.363227619047619,0.4796109752593086,0.4898303500626358,0.1219328571428571,0.0,0.6133000000000001,0.36079999999999995,0.5631942102463205,0.7568122988619645,-0.9914420175088727
Digits,4,Random Forest,0.5,360,25,0.9305555555555556,0.48489127517544184,0.49771326325415877,0.313076634920635,0.3301417911409578,0.3479134907878192,0.0920010158730159,0.0,0.4856555555555556,0.29952,0.7008296134905962,0.8200382294022718,-0.9888394308298386
Digits,4,Random Forest,1.0,360,72,0.8,0.3637487759462759,0.3895218779677113,0.26065636786053453,0.19207150022816688,0.22523563893668058,0.05941494539411206,0.0,0.3643444444444444,0.2573333333333333,0.8098310278088966,0.8705092215891757,-0.9833924891864204
Digits,4,Random Forest,1.5,360,139,0.6138888888888889,0.30514718213884884,0.33837837326072623,0.252311978988238,0.13618721090637756,0.17434238772790808,0.0755232247368938,0.0,0.3060333333333333,0.25202877697841725,0.8581446065822904,0.894017128569891,-0.9810326735967254
Digits,4,Random Forest,2.0,360,178,0.5055555555555555,0.26534759521342854,0.28647498825960366,0.24374542928981133,0.09262723918057252,0.11570947050507491,0.06902630602855322,0.0,0.26583333333333337,0.24370786516853934,0.8872546310612134,0.8997478879226365,-0.9681357830625291
Digits,4,Gradient Boosting,0.0,360,11,0.9694444444444444,0.9654713135836095,0.9724159063010827,0.7451383264565045,6.56048113686531,6.703461812580622,2.024094243715875,0.18181818181818182,,,,,
Digits,4,Gradient Boosting,0.25,360,17,0.9527777777777777,0.9261408903437816,0.9407849686665768,0.6306750747720891,5.360582963035587,5.5519791405179175,1.4988836173626847,0.23529411764705882,,,,,
Digits,4,Gradient Boosting,0.5,360,39,0.8916666666666667,0.8493982821682491,0.8756047577696481,0.6336988291413507,3.9805948603911716,4.295132431389307,1.3917086990988237,0.07692307692307693,,,,,
Digits,4,Gradient Boosting,1.0,360,113,0.6861111111111111,0.7336061205054512,0.8107435735037359,0.5649959356330938,2.6073543412860736,3.26229956742722,1.1757484044996747,0.08849557522123894,,,,,
Digits,4,Gradient Boosting,1.5,360,174,0.5166666666666667,0.6692249263683738,0.7682476835318133,0.5633730135384902,2.0104132840851108,2.6944879407712397,1.279161064868903,0.08620689655172414,,,,,
Digits,4,Gradient Boosting,2.0,360,216,0.4,0.6106861305588351,0.6804624946875186,0.5641685544730461,1.5024864389696562,1.9014687854052654,1.2364982080125833,0.0787037037037037,,,,,
Digits,5,Logistic Regression,0.0,360,17,0.9527777777777777,0.9470430589499399,0.9640797734603365,0.6033022897107646,5.503218473632738,5.732568092880388,0.8757526264595574,0.0,,,,,
Digits,5,Logistic Regression,0.25,360,21,0.9416666666666667,0.9417240787026022,0.965196320272585,0.5628150362157369,5.454039414710373,5.741870239665407,0.8076275261505269,0.047619047619047616,,,,,
Digits,5,Logistic Regression,0.5,360,25,0.9305555555555556,0.9256604468113181,0.944741191493907,0.6699784680646269,5.167607522174152,5.444307450239337,1.4598284861006752,0.2,,,,,
Digits,5,Logistic Regression,1.0,360,86,0.7611111111111111,0.8770630721604805,0.9214159630107623,0.7357526989863273,4.515723131781882,5.3287024746354215,1.9255331324578124,0.313953488372093,,,,,
Digits,5,Logistic Regression,1.5,360,145,0.5972222222222222,0.8635451617119856,0.9051558045112187,0.801846622388985,4.20305042954745,5.254203343682919,2.6444443844500314,0.41379310344827586,,,,,
Digits,5,Logistic Regression,2.0,360,170,0.5277777777777778,0.8738794980476352,0.9221289601009948,0.8199536286938802,4.672779912751041,6.004676147026548,3.1841900038548854,0.5,,,,,
Digits,5,Random Forest,0.0,360,11,0.9694444444444444,0.719525139773081,0.7333726370152124,0.28018181818181814,0.6210790979354704,0.6386136553953005,0.06475541125541119,0.0,0.7216333333333333,0.27672727272727277,0.42360343348106033,0.8106357407032988,-0.9933224565196185
Digits,5,Random Forest,0.25,360,14,0.9611111111111111,0.6132424006639693,0.6267645218395644,0.2790528344671202,0.4898903488668195,0.5072081756261797,0.061892630385487514,0.0,0.6159111111111112,0.2705714285714286,0.5626335492243528,0.8276195850358506,-0.9924980915512676
Digits,5,Random Forest,0.5,360,31,0.9138888888888889,0.507480264526686,0.5277863897073981,0.291973323092678,0.35776603898461745,0.38433538207030066,0.07578817204301076,0.0,0.5093444444444445,0.2886451612903226,0.6768662152435254,0.8285551794232346,-0.9914803376936046
Digits,5,Random Forest,1.0,360,81,0.775,0.3625626743155174,0.39078016930243376,0.26536908047169483,0.19400980316705807,0.2280034691361067,0.07692050927366831,0.0,0.36334444444444436,0.2599012345679012,0.8130462295021592,0.8787517286260333,-0.9845662057031164
Digits,5,Random Forest,1.5,360,148,0.5888888888888889,0.2899689008195871,0.32163907390858004,0.24460351774616482,0.11491186458421752,0.14973771911280237,0.06502618107029871,0.0,0.29111111111111115,0.24327027027027026,0.8689299941069278,0.8994197149064528,-0.9804452718173609
Digits,5,Random Forest,2.0,360,177,0.5083333333333333,0.262934561134218,0.2906694988642915,0.23425945602346399,0.09459150484773034,0.12422009867699356,0.06395855190561073,0.0,0.2643777777777778,0.2351864406779661,0.8916827606789617,0.9096733125437968,-0.9713788612704525
Digits,5,Gradient Boosting,0.0,360,17,0.9527777777777777,0.9515020001770779,0.9695406322683902,0.5875460703347215,6.4150498434057255,6.679843836019352,1.0724416394954588,0.11764705882352941,,,,,
Digits,5,Gradient Boosting,0.25,360,25,0.9305555555555556,0.9303917665998068,0.9513454254056531,0.6496127386014656,5.410861564578256,5.720690106113547,1.2591591080053532,0.08,,,,,
Digits,5,Gradient Boosting,0.5,360,44,0.8777777777777778,0.8651158350180462,0.8962005737257253,0.6418708933901679,4.081487160167804,4.438073009550231,1.5205524236940107,0.1590909090909091,,,,,
Digits,5,Gradient Boosting,1.0,360,117,0.675,0.7395021515367516,0.8103673233180729,0.5923206409140076,2.5839808301443714,3.1657687572735913,1.3756520584144516,0.13675213675213677,,,,,
Digits,5,Gradient Boosting,1.5,360,180,0.5,0.6454988291871433,0.7204046878901181,0.5705929704841685,1.8484283668343184,2.418967435495683,1.2778892981729537,0.08333333333333333,,,,,
Digits,5,Gradient Boosting,2.0,360,211,0.41388888888888886,0.6309689072271997,0.7018112975344266,0.5809427643088263,1.7004178152915157,2.2339399090227827,1.323665246732469,0.07582938388625593,,,,,
Digits,6,Logistic Regression,0.0,360,10,0.9722222222222222,0.9495874106691841,0.9588672424184713,0.6247932994441278,5.595494677561366,5.732110112233349,0.8139544640419707,0.0,,,,,
Digits,6,Logistic Regression,0.25,360,18,0.95,0.9429471844214204,0.9596052466952836,0.626444001218019,5.495047940450868,5.731823391082057,0.9963143784582977,0.1111111111111111,,,,,
Digits,6,Logistic Regression,0.5,360,31,0.9138888888888889,0.9301367593084048,0.9520675030184291,0.6973878986439506,5.188341382758421,5.550364387411893,1.3462262688554405,0.22580645161290322,,,,,
Digits,6,Logistic Regression,1.0,360,83,0.7694444444444445,0.8881676858058734,0.9231850501401563,0.7713025060396519,4.431152384017413,5.033599825489022,2.420574778142284,0.39759036144578314,,,,,
Digits,6,Logistic Regression,1.5,360,138,0.6166666666666667,0.8782173949847785,0.9272120899363492,0.7993998422365997,4.549894549134401,5.702924828876722,2.69501975128806,0.42028985507246375,,,,,
Digits,6,Logistic Regression,2.0,360,178,0.5055555555555555,0.8737101650070498,0.9215929121414228,0.82475140108314,4.880795284831474,6.133860745629684,3.599571049633304,0.5112359550561798,,,,,
Digits,6,Random Forest,0.0,360,9,0.975,0.7238174302200752,0.7326120796541085,0.38082610229276903,0.6222501485611812,0.6354002699483375,0.1093954144620811,0.0,0.7262333333333332,0.3804444444444444,0.41671017842581853,0.7033449812247873,-0.9925199541702102
Digits,6,Random Forest,0.25,360,13,0.9638888888888889,0.6071383177095314,0.6180553197773283,0.3157383394383395,0.479141369204467,0.49355375590801603,0.09444150873281308,0.0,0.6091111111111112,0.30738461538461537,0.5705603682469241,0.8035257702501373,-0.9914779967416474
Digits,6,Random Forest,0.5,360,23,0.9361111111111111,0.4986345428491262,0.5121981127510801,0.2998987577639752,0.34583430530285597,0.36323166569020654,0.0909251552795031,0.0,0.5003888888888889,0.2886956521739131,0.6839025856868038,0.8266981885562715,-0.9901022623196833
Digits,6,Random Forest,1.0,360,83,0.7694444444444445,0.35104972228321873,0.37301711757347444,0.27773684884465394,0.18185215026385315,0.2113403505761927,0.08343972271544299,0.0,0.3510111111111111,0.2727710843373494,0.8238164341685478,0.8670782624009923,-0.984108868634019
Digits,6,Random Forest,1.5,360,123,0.6583333333333333,0.2992495921516755,0.32877295836208875,0.24236310603892786,0.12653342630933212,0.15859191163409658,0.06476219848844451,0.0,0.3017444444444445,0.24250406504065042,0.8603110415643995,0.8987008247635605,-0.9790362559118135
Digits,6,Random Forest,2.0,360,187,0.48055555555555557,0.2601834363040342,0.287376034426047,0.23502664766709175,0.09171505989850193,0.12175247814373225,0.06392643232403754,0.0,0.26,0.23473796791443852,0.8941076254610294,0.909305518267163,-0.9672733897502385
Digits,6,Gradient Boosting,0.0,360,11,0.9694444444444444,0.9514983737646263,0.9598566401534671,0.6863133765186775,6.46454828395647,6.617583304433278,1.6091644524649604,0.2727272727272727,,,,,
Digits,6,Gradient Boosting,0.25,360,24,0.9333333333333333,0.9181125237862241,0.9410185574937705,0.5974280518805735,5.1208816663795425,5.406385769422864,1.123824223773038,0.041666666666666664,,,,,
Digits,6,Gradient Boosting,0.5,360,47,0.8694444444444445,0.8491321927433779,0.890911879283181,0.5708972589783067,3.949209765886244,4.397665644476784,0.9626844467620125,0.0425531914893617,,,,,
Digits,6,Gradient Boosting,1.0,360,139,0.6138888888888889,0.6981932002260466,0.7712329667528318,0.5820652261079204,2.2406599802898453,2.7829862404143024,1.378400242969664,0.12949640287769784,,,,,
Digits,6,Gradient Boosting,1.5,360,168,0.5333333333333333,0.6584566851232303,0.7551629230515765,0.5479352703479776,1.9150946139595084,2.591549097281475,1.1420037758772612,0.08333333333333333,,,,,
Digits,6,Gradient Boosting,2.0,360,219,0.39166666666666666,0.6150572735140794,0.6726503189496663,0.577976819603496,1.6134982091394798,2.0362080609832427,1.3413425511030843,0.1095890410958904,,,,,
Digits,7,Logistic Regression,0.0,360,14,0.9611111111111111,0.9456369516283161,0.9605289371435518,0.5775921667517763,5.354291877358829,5.538899919529306,0.7918359780027504,0.0,,,,,
Digits,7,Logistic Regression,0.25,360,11,0.9694444444444444,0.9422707085121002,0.9521630494002711,0.6284137112419509,5.192951092310551,5.32496156735133,1.0046187478348862,0.0,,,,,
Digits,7,Logistic Regression,0.5,360,28,0.9222222222222223,0.9274237700623559,0.9468228557539548,0.6974060397191113,5.0487828442030365,5.353183900047818,1.4394560391863445,0.10714285714285714,,,,,
Digits,7,Logistic Regression,1.0,360,81,0.775,0.8962175152441464,0.9328591012035183,0.7700076080507536,4.774324025899252,5.507331234310235,2.2495214191503092,0.3333333333333333,,,,,
Digits,7,Logistic Regression,1.5,360,141,0.6083333333333333,0.8659119549405839,0.9093100509058678,0.7985064016328021,4.36845639210229,5.405799140483242,2.7572644637659196,0.4326241134751773,,,,,
Digits,7,Logistic Regression,2.0,360,175,0.5138888888888888,0.8841683423256048,0.9322382197225447,0.833351614791697,4.655331542263489,5.809066688022265,3.435668673889925,0.5371428571428571,,,,,
Digits,7,Random Forest,0.0,360,9,0.975,0.7350989715839716,0.7466385734872916,0.28505449735449734,0.6400691533774867,0.6547241350608872,0.06852486772486771,0.0,0.7384333333333334,0.28,0.4062221197936839,0.8313356508947802,-0.9921547889799419
Digits,7,Random Forest,0.25,360,13,0.9638888888888889,0.6144618277093277,0.6256137849342461,0.3167903540903541,0.4884594426869427,0.5033195718466612,0.09180830280830284,0.0,0.6179,0.31600000000000006,0.5619428162564744,0.8078417402820239,-0.9905642007132106
Digits,7,Random Forest,0.5,360,29,0.9194444444444444,0.5031799468432803,0.5198259066210728,0.31318640593123354,0.35209274490941156,0.37620169759746797,0.07691814698711254,0.0,0.5056222222222222,0.30993103448275866,0.6811823733514061,0.8158154073278955,-0.9895249692747878
Digits,7,Random Forest,1.0,360,63,0.825,0.37225934685684686,0.3976487258719582,0.252566560071322,0.20467433313599984,0.234548719929528,0.06383793825222396,0.0,0.3743666666666666,0.2515555555555556,0.8014879801949535,0.8816992623371708,-0.9859743059509352
Digits,7,Random Forest,1.5,360,125,0.6527777777777778,0.303979943019943,0.3314074252461487,0.25241627643467646,0.12987301349884683,0.16169425350063651,0.07004908229548229,0.0,0.3044222222222222,0.252576,0.8572896590422252,0.8916129960006804,-0.9768607625621429
Digits,7,Random Forest,2.0,360,176,0.5111111111111111,0.26147766517433185,0.2907458326697457,0.2308791264291264,0.09294026488943155,0.12582847056325316,0.05855714077589078,0.0,0.2625888888888889,0.23127272727272727,0.8915610378200779,0.9089271920971149,-0.9740724863842732
Digits,7,Gradient Boosting,0.0,360,10,0.9722222222222222,0.9602065542837851,0.9729325847209881,0.5147954889816783,6.478028581605564,6.639137134025506,0.8392292469075645,0.0,,,,,
Digits,7,Gradient Boosting,0.25,360,20,0.9444444444444444,0.9246099688371591,0.9400575893107002,0.6620004207869603,5.24206103943997,5.472169698728215,1.3302138315397825,0.05,,,,,
Digits,7,Gradient Boosting,0.5,360,42,0.8833333333333333,0.8511922774078401,0.8848228411277171,0.5965608663859131,3.9119177207963363,4.254202327123391,1.3203342728914929,0.11904761904761904,,,,,
Digits,7,Gradient Boosting,1.0,360,112,0.6888888888888889,0.731866781690695,0.811471126094906,0.5556000190813705,2.5789142887876255,3.2168747119470655,1.1662876375060087,0.125,,,,,
Digits,7,Gradient Boosting,1.5,360,167,0.5361111111111111,0.6490136326689696,0.7351733828768353,0.5494397896143705,1.8173120205100297,2.3767268334431635,1.1708026858028746,0.07784431137724551,,,,,
Digits,7,Gradient Boosting,2.0,360,219,0.39166666666666666,0.6086113860773174,0.6913190879209765,0.5553612218766054,1.5513706155175961,2.007798549815422,1.25750605507927,0.0730593607305936,,,,,
Digits,8,Logistic Regression,0.0,360,11,0.9694444444444444,0.9375465018828351,0.950050092443821,0.5408416740842819,5.357634498381646,5.510368224252033,0.5118099230393937,0.0,,,,,
Digits,8,Logistic Regression,0.25,360,17,0.9527777777777777,0.9347468650994523,0.9520269015300437,0.5860967182939906,5.282137529417241,5.5059003910418784,0.767392733108385,0.0,,,,,
Digits,8,Logistic Regression,0.5,360,30,0.9166666666666666,0.9192562460695625,0.942854748253083,0.6596727220508352,5.054262482763801,5.3908708977364395,1.3515699180647653,0.16666666666666666,,,,,
Digits,8,Logistic Regression,1.0,360,81,0.775,0.8827459748734084,0.914842015334445,0.772192946618727,4.27962154633682,4.888325187819584,2.1829756701184095,0.32098765432098764,,,,,
Digits,8,Logistic Regression,1.5,360,131,0.6361111111111111,0.8545401245534494,0.883396106853742,0.8040972241964494,4.044550496567419,4.732619272328604,2.8417432473360367,0.4580152671755725,,,,,
Digits,8,Logistic Regression,2.0,360,185,0.4861111111111111,0.8599717121204239,0.9124015782022025,0.8103758928538767,4.427893789402669,5.627002754946937,3.293601524698631,0.4756756756756757,,,,,
Digits,8,Random Forest,0.0,360,12,0.9666666666666667,0.719269069664903,0.7333047187805809,0.3122352453102453,0.6213953856020523,0.6408151668574082,0.058221729196729216,0.0,0.7222555555555558,0.30466666666666664,0.4252956288260804,0.7911287842101623,-0.9940616808441929
Digits,8,Random Forest,0.25,360,16,0.9555555555555556,0.5971144051627385,0.6114079524480687,0.28980313852813855,0.46747523248356576,0.48653931004396117,0.05759756493506492,0.0,0.5999666666666666,0.281,0.5801348137180546,0.8209958106990876,-0.9925779534795682
Digits,8,Random Forest,0.5,360,20,0.9444444444444444,0.5099150481000481,0.5220414001358119,0.30376706349206345,0.3643736864678531,0.3826667091078855,0.05339230158730157,0.0,0.5136000000000001,0.3068,0.6757024929299319,0.808483201564527,-0.9908806189614424
Digits,8,Random Forest,1.0,360,79,0.7805555555555556,0.3580457054673722,0.3836992615529982,0.26679698065647434,0.19236589105339105,0.2248991331720869,0.07664638427676401,0.0,0.35963333333333336,0.2642025316455696,0.8166225142074041,0.8742714453443494,-0.983740804543126
Digits,8,Random Forest,1.5,360,124,0.6555555555555556,0.2964517548500882,0.32380293552963046,0.2443962819438626,0.125390328683662,0.15862922933939883,0.06212919517758227,0.0,0.2981666666666667,0.24545161290322584,0.8661397656515988,0.8934209869256784,-0.9724626272435889
Digits,8,Random Forest,2.0,360,173,0.5194444444444445,0.2582706501523168,0.28408112291748655,0.23037146860846283,0.08729632756132757,0.11450400567940676,0.05788687202328822,0.0,0.26016666666666666,0.22890173410404624,0.8912561106333238,0.9094853180396939,-0.9679728904231184
Digits,8,Gradient Boosting,0.0,360,8,0.9777777777777777,0.9473619933336209,0.9579039128514769,0.4835175345479523,6.264082155332628,6.392759560944569,0.6022763084071958,0.125,,,,,
Digits,8,Gradient Boosting,0.25,360,17,0.9527777777777777,0.919884231905671,0.9377653397335841,0.5591065857307208,5.160627524285198,5.376551607974274,0.8040416004409074,0.0,,,,,
Digits,8,Gradient Boosting,0.5,360,32,0.9111111111111111,0.8572531119611128,0.8888955502914915,0.5329181190747314,4.219003953792661,4.550705305074608,0.8190651031526996,0.0,,,,,
Digits,8,Gradient Boosting,1.0,360,112,0.6888888888888889,0.7247457454138474,0.7873102024549421,0.5862101619657094,2.4829722427165546,3.0110768212567245,1.3135978188061783,0.08035714285714286,,,,,
Digits,8,Gradient Boosting,1.5,360,160,0.5555555555555556,0.6650691227966083,0.7327692267394397,0.580443992868069,1.915783722840986,2.358479363823493,1.3624141716128513,0.10625,,,,,
Digits,8,Gradient Boosting,2.0,360,227,0.36944444444444446,0.5998213391244724,0.6868072952693719,0.5488559991805446,1.5345451596314221,2.0780869187500204,1.2160823668438734,0.06607929515418502,,,,,
Digits,9,Logistic Regression,0.0,360,12,0.9666666666666667,0.9549267564062338,0.9645304940039895,0.6764183660713167,5.543698826091623,5.694493647889059,1.1706489939659275,0.08333333333333333,,,,,
Digits,9,Logistic Regression,0.25,360,14,0.9611111111111111,0.9467620022685513,0.9584531833249954,0.6578228133021449,5.35757170647406,5.521342543966655,1.3100924370142277,0.14285714285714285,,,,,
Digits,9,Logistic Regression,0.5,360,35,0.9027777777777778,0.9207130107145627,0.9446024218375242,0.6988827645727771,5.043816598168243,5.438918445185763,1.3750137330055605,0.14285714285714285,,,,,
Digits,9,Logistic Regression,1.0,360,85,0.7638888888888888,0.8759903418576493,0.9096359904225598,0.7671367729711743,4.1600223041016,4.77654370583959,2.165394239655158,0.36470588235294116,,,,,
Digits,9,Logistic Regression,1.5,360,140,0.6111111111111112,0.8680369328722495,0.908408589864966,0.8045957575979804,4.095571750084838,5.012871994441934,2.6540999375236893,0.44285714285714284,,,,,
Digits,9,Logistic Regression,2.0,360,190,0.4722222222222222,0.8667021866835971,0.9128205369783067,0.8254383995778043,4.601661540343528,5.93938062718009,3.404754988963446,0.49473684210526314,,,,,
Digits,9,Random Forest,0.0,360,8,0.9777777777777777,0.7373023677248677,0.7456916125541126,0.36817559523809523,0.6430463187429853,0.6547394033680966,0.12855059523809523,0.0,0.739588888888889,0.369,0.4048800646123728,0.7587524959600316,-0.9920301845621173
Digits,9,Random Forest,0.25,360,17,0.9527777777777777,0.6073689770723104,0.6206599426165024,0.3392042016806722,0.48194612393779057,0.5005499139668237,0.10658730158730158,0.0,0.6101888888888889,0.3423529411764705,0.5749600637217829,0.7866638533848664,-0.9904558989847673
Digits,9,Random Forest,0.5,360,20,0.9444444444444444,0.49701486291486296,0.5079333515830574,0.31140055555555557,0.34738638367805036,0.36102256684491985,0.11557126984126984,0.0,0.5008555555555555,0.31,0.6883233121642695,0.842675664029467,-0.9893973589038918
Digits,9,Random Forest,1.0,360,81,0.775,0.3545872534872535,0.3800241058821704,0.26697142857142864,0.18360336980920317,0.21644100399799324,0.07049596315892613,0.0,0.3556,0.26424691358024693,0.8193699647950189,0.873819833027856,-0.9808591327324555
Digits,9,Random Forest,1.5,360,140,0.6111111111111112,0.2848045057720058,0.31373027417027416,0.23934972686044112,0.11414787838704506,0.1458262619703529,0.06436756132756132,0.0,0.2855666666666667,0.23914285714285718,0.875180029002256,0.9046717195459191,-0.9765312749903593
Digits,9,Random Forest,2.0,360,190,0.4722222222222222,0.26294640211640213,0.2912283660130719,0.23764148705096072,0.08959447971781306,0.11770284780578898,0.06444488721804512,0.0,0.26514444444444446,0.23919999999999997,0.8898168276331789,0.9063156328410286,-0.9677841692696362
Digits,9,Gradient Boosting,0.0,360,13,0.9638888888888889,0.9633011944108928,0.9760674771350286,0.6225396478512674,6.660281904420689,6.872586069156406,0.9933938149365473,0.07692307692307693,,,,,
Digits,9,Gradient Boosting,0.25,360,17,0.9527777777777777,0.9311276049659912,0.9435646787134344,0.6801913522969936,5.277001432542887,5.461236870217422,1.5597805429919656,0.23529411764705882,,,,,
Digits,9,Gradient Boosting,0.5,360,47,0.8694444444444445,0.8493645107184767,0.8886474730137534,0.5877566979861041,4.053915919904231,4.468713980688324,1.2915373448952785,0.1702127659574468,,,,,
Digits,9,Gradient Boosting,1.0,360,124,0.6555555555555556,0.7215353174765237,0.8022707818061198,0.5678774982685827,2.4181347699378772,3.034074918299698,1.245861584346025,0.10483870967741936,,,,,
Digits,9,Gradient Boosting,1.5,360,174,0.5166666666666667,0.6506088741468451,0.7291242280756068,0.5666786682229963,1.8593506444940613,2.37614104479223,1.3069195269339509,0.09770114942528736,,,,,
Digits,9,Gradient Boosting,2.0,360,227,0.36944444444444446,0.605571506694275,0.6675085038854892,0.5692824290447971,1.5251063820250856,1.947282840742006,1.2777518929971106,0.08370044052863436,,,,,
Digits,10,Logistic Regression,0.0,360,15,0.9583333333333334,0.9451691097890215,0.957763206450291,0.6555048865798214,5.600558716403389,5.801530193790651,0.9782147364963947,0.06666666666666667,,,,,
Digits,10,Logistic Regression,0.25,360,18,0.95,0.9400873577178618,0.9547887857801868,0.6607602245336879,5.431265808035826,5.649009566261715,1.294134401743933,0.1111111111111111,,,,,
Digits,10,Logistic Regression,0.5,360,32,0.9111111111111111,0.9218795135386014,0.9488783856196327,0.6451410747080318,5.181286670448344,5.5777899734642045,1.1171278145357788,0.0625,,,,,
Digits,10,Logistic Regression,1.0,360,80,0.7777777777777778,0.8738916527319952,0.9194111779066931,0.7145733146205533,4.349082801200442,5.100288886854317,1.7198615014118803,0.225,,,,,
Digits,10,Logistic Regression,1.5,360,140,0.6111111111111112,0.8703813962739149,0.9209623228844924,0.790897083028722,4.285286890902755,5.3226796254812445,2.6550983079937005,0.42142857142857143,,,,,
Digits,10,Logistic Regression,2.0,360,185,0.4861111111111111,0.8700532834299128,0.9383999503454217,0.8054010309422693,4.693533667988391,6.579609721731018,2.9094076712048262,0.4486486486486487,,,,,
Digits,10,Random Forest,0.0,360,11,0.9694444444444444,0.7183950025104849,0.730307752623723,0.3404359307359307,0.6175304799878485,0.6332216439770957,0.11969264069264068,0.0,0.720788888888889,0.3392727272727272,0.42034407508732224,0.7795737979620512,-0.9942205823302893
Digits,10,Random Forest,0.25,360,15,0.9583333333333334,0.5994601965140123,0.6123267336985414,0.3035298412698413,0.4701538137220155,0.4870036068652087,0.0826085714285714,0.0,0.6026333333333332,0.30266666666666675,0.5739438939964948,0.8215522690357469,-0.9925340857261152
Digits,10,Random Forest,0.5,360,29,0.9194444444444444,0.5033392746597133,0.522071253502244,0.28953634373289544,0.3563355488257681,0.3806868291070072,0.07839507389162562,0.0,0.5042444444444444,0.28427586206896543,0.6818432178982526,0.8331882855786186,-0.9906034816971544
Digits,10,Random Forest,1.0,360,60,0.8333333333333334,0.37517272455127715,0.39466540847067166,0.277709304954305,0.20670902557319223,0.22945282934609254,0.09299000670869093,0.0,0.37629999999999997,0.2711333333333333,0.801346534400468,0.8681334701325163,-0.9834233995062562
Digits,10,Random Forest,1.5,360,137,0.6194444444444445,0.3010209630557876,0.327353519823475,0.2581584801419608,0.1312135366615191,0.16191304501231338,0.08124280409051826,0.0,0.30284444444444447,0.2567299270072993,0.8631673919272131,0.8913921316406167,-0.9793660485617676
Digits,10,Random Forest,2.0,360,195,0.4583333333333333,0.2655324984810511,0.3003482296650718,0.23607303363303364,0.09802203231141829,0.13573219573267423,0.0661134324934325,0.0,0.2660777777777778,0.23550769230769233,0.8916455876539029,0.9105568147351718,-0.969749631827021
Digits,10,Gradient Boosting,0.0,360,13,0.9638888888888889,0.957616919836399,0.9670836270619516,0.7049286577389545,6.465431479190916,6.648589891486617,1.5765107817595232,0.23076923076923078,,,,,
Digits,10,Gradient Boosting,0.25,360,23,0.9361111111111111,0.9132352532366923,0.9321516283559816,0.636069235184498,5.036021348227982,5.295642586191778,1.232005818062806,0.08695652173913043,,,,,
Digits,10,Gradient Boosting,0.5,360,46,0.8722222222222222,0.8607781389212491,0.9023958911382886,0.5766917433527617,4.136185974726456,4.593094602944181,1.0172879473272072,0.06521739130434782,,,,,
Digits,10,Gradient Boosting,1.0,360,113,0.6861111111111111,0.7423522761936564,0.8132755021958757,0.587325401657832,2.6103859315267663,3.1915490099033326,1.3400560168452442,0.11504424778761062,,,,,
Digits,10,Gradient Boosting,1.5,360,183,0.49166666666666664,0.6536884609709186,0.7487455163856397,0.5617480303238931,1.9293561469645921,2.5784330226671415,1.3015604803014713,0.10382513661202186,,,,,
Digits,10,Gradient Boosting,2.0,360,224,0.37777777777777777,0.6225853954798547,0.6814267655998897,0.5868602779069763,1.7188256756328972,2.144327696737329,1.4604851628194921,0.14732142857142858,,,,,
Digits,11,Logistic Regression,0.0,360,11,0.9694444444444444,0.9503056803576598,0.9603945044290889,0.6302148075459612,5.640776159898065,5.78692306018984,1.0039335960954021,0.0,,,,,
Digits,11,Logistic Regression,0.25,360,13,0.9638888888888889,0.9387160723576654,0.953118409700025,0.5542844525269905,5.478299517535451,5.661118346761537,0.598443075885329,0.0,,,,,
Digits,11,Logistic Regression,0.5,360,21,0.9416666666666667,0.9245690508477161,0.9395879120917509,0.682121719336868,5.093440809942781,5.329131391427508,1.288721423117904,0.047619047619047616,,,,,
Digits,11,Logistic Regression,1.0,360,76,0.7888888888888889,0.8828178145528344,0.9264394940960405,0.7198104857334836,4.511114221972309,5.247426559549211,1.7596312762901942,0.19736842105263158,,,,,
Digits,11,Logistic Regression,1.5,360,119,0.6694444444444444,0.8715376333691188,0.9126746275424167,0.7882265779425239,4.464147909282112,5.28867725212785,2.794302769569316,0.4369747899159664,,,,,
Digits,11,Logistic Regression,2.0,360,173,0.5194444444444445,0.8796296882113467,0.9000548107529871,0.857551665579631,4.734233506380256,5.450910560915048,3.9595594647732852,0.5780346820809249,,,,,
Digits,11,Random Forest,0.0,360,8,0.9777777777777777,0.7435998838918285,0.7531750977032228,0.32229047619047624,0.6505968694885362,0.663142591089466,0.09858511904761906,0.0,0.7457444444444443,0.30400000000000005,0.39291353248773964,0.8078762417615106,-0.9929017693388498
Digits,11,Random Forest,0.25,360,9,0.975,0.6233525058788948,0.6324505961802258,0.2685269841269841,0.49988574808935926,0.5110182818553188,0.0657169312169312,0.0,0.6258777777777778,0.2582222222222222,0.5526594666149328,0.8693268491888076,-0.9917412661144374
Digits,11,Random Forest,0.5,360,17,0.9527777777777777,0.517170649617872,0.5298773859657241,0.26079355742296917,0.37034354644326867,0.385873831891033,0.056997198879551826,0.0,0.5198888888888888,0.2574117647058824,0.6680287664596752,0.8595878695755783,-0.9902858614222284
Digits,11,Random Forest,1.0,360,81,0.775,0.36748657260435036,0.3976296429045533,0.26366044157031815,0.19724613756613757,0.23545474009595876,0.06563872885230912,0.0,0.36875555555555556,0.2648888888888889,0.8048257834887297,0.8702942788138157,-0.985075094194028
Digits,11,Random Forest,1.5,360,122,0.6611111111111111,0.30100824221046446,0.3292688942243564,0.24587680631451123,0.13040718400940624,0.16351376328309103,0.06582221788533264,0.0,0.3032777777777778,0.24560655737704926,0.8618153877987396,0.8961056220084326,-0.9783833211979578
Digits,11,Random Forest,2.0,360,177,0.5083333333333333,0.2709853071722516,0.30275675831959986,0.23813685768092546,0.10216415343915344,0.13683643565501488,0.06631653962275431,0.0,0.27155555555555555,0.23873446327683617,0.8860629424564265,0.9078747660767942,-0.9716622455966845
Digits,11,Gradient Boosting,0.0,360,11,0.9694444444444444,0.9639755478468511,0.9757257803406797,0.5911727169062888,6.673201426447066,6.848192500546779,1.1212118936470772,0.09090909090909091,,,,,
Digits,11,Gradient Boosting,0.25,360,11,0.9694444444444444,0.9377847808101527,0.9492235767425569,0.5748629825911483,5.505053559624978,5.643088340838063,1.1255864102279796,0.09090909090909091,,,,,
Digits,11,Gradient Boosting,0.5,360,36,0.9,0.8720677374871564,0.9069493001178559,0.5581336738108591,4.14395076246116,4.491212570278012,1.0185944921094923,0.027777777777777776,,,,,
Digits,11,Gradient Boosting,1.0,360,110,0.6944444444444444,0.7295922013022811,0.7908638741724107,0.5903383993247139,2.5108714581355893,3.025266555238909,1.3417916919916808,0.1,,,,,
Digits,11,Gradient Boosting,1.5,360,166,0.5388888888888889,0.6801536281274719,0.7552066146893892,0.5924411016635446,2.01535057395686,2.549218387222731,1.3914327680919265,0.08433734939759036,,,,,
Digits,11,Gradient Boosting,2.0,360,210,0.4166666666666667,0.6289359722284078,0.7157594900670854,0.5669191737722097,1.7282962855953874,2.261801219705852,1.3472213326593414,0.10476190476190476,,,,,
Digits,12,Logistic Regression,0.0,360,15,0.9583333333333334,0.9498552474406025,0.9605655211631374,0.7035189518222982,5.558287724875399,5.7393179663723615,1.394592170445273,0.06666666666666667,,,,,
Digits,12,Logistic Regression,0.25,360,19,0.9472222222222222,0.9470963549683711,0.961829106554386,0.6826822343983109,5.486658118615555,5.724053223080864,1.2260407174223793,0.10526315789473684,,,,,
Digits,12,Logistic Regression,0.5,360,28,0.9222222222222223,0.9257785214620469,0.9457564906238792,0.688896887114607,5.096623387561781,5.407747154930548,1.4075844316178228,0.14285714285714285,,,,,
Digits,12,Logistic Regression,1.0,360,80,0.7777777777777778,0.8976652398591976,0.9350328608066241,0.7668785665432049,4.671484006238705,5.3958693324379725,2.136135364541272,0.3,,,,,
Digits,12,Logistic Regression,1.5,360,136,0.6222222222222222,0.8679669160823847,0.9082605878052462,0.8016008685388484,4.329481410158417,5.100034039331449,3.060335903285189,0.47058823529411764,,,,,
Digits,12,Logistic Regression,2.0,360,194,0.46111111111111114,0.8769264752014181,0.9207480472889977,0.839429666095551,4.711524997299773,6.033376299276619,3.580456357463916,0.5412371134020618,,,,,
Digits,12,Random Forest,0.0,360,11,0.9694444444444444,0.7213707980599647,0.7339317755946695,0.32284523809523813,0.6186172641093475,0.6361227679992723,0.06321536796536796,0.0,0.7246666666666667,0.3225454545454545,0.4157249275599014,0.7887585640396523,-0.9926951225070232
Digits,12,Random Forest,0.25,360,18,0.95,0.5946220061728396,0.6107496890374083,0.28819603174603176,0.4650697354497355,0.48665768588137004,0.05489867724867725,0.0,0.5987666666666667,0.28,0.5816153003272635,0.8337524372418614,-0.9905839849641395
Digits,12,Random Forest,0.5,360,29,0.9194444444444444,0.4975458708112875,0.5162694696206781,0.28383858784893273,0.3498367107583774,0.3752449191962787,0.05983267651888341,0.0,0.5005333333333334,0.28620689655172415,0.6820173653353682,0.8266987296541376,-0.9899026243618461
Digits,12,Random Forest,1.0,360,79,0.7805555555555556,0.37050412698412705,0.3984346890357567,0.2711561784207354,0.20424105379188712,0.23981418968536408,0.0777087602973679,0.0,0.3731555555555556,0.26587341772151896,0.804414662626649,0.8746656794235527,-0.9857369124589791
Digits,12,Random Forest,1.5,360,130,0.6388888888888888,0.29150498897707233,0.3186195341614907,0.24353310134310133,0.1223454122574956,0.1545172360248447,0.06542603174603176,0.0,0.29557777777777783,0.2459076923076923,0.8669263932187182,0.8983695553975284,-0.9782998380201355
Digits,12,Random Forest,2.0,360,183,0.49166666666666664,0.26749999559082893,0.2971083131557708,0.23886244253621305,0.09442674162257496,0.13011993543179984,0.059903816462832854,0.0,0.26907777777777775,0.2392786885245902,0.8854195769082253,0.9032968462325257,-0.9646524227157603
Digits,12,Gradient Boosting,0.0,360,11,0.9694444444444444,0.9573379800477309,0.9685107589930368,0.6028561753284793,6.4449267744838,6.612904912521519,1.1154385767416106,0.0,,,,,
Digits,12,Gradient Boosting,0.25,360,15,0.9583333333333334,0.9275696123389527,0.9405893314860477,0.6281160719557689,5.231897972702688,5.411814781872951,1.0938113617866574,0.0,,,,,
Digits,12,Gradient Boosting,0.5,360,46,0.8722222222222222,0.8569926036101873,0.9042294235545892,0.5345499631201386,4.069443645395394,4.5112558813023504,1.0535949046392055,0.06521739130434782,,,,,
Digits,12,Gradient Boosting,1.0,360,113,0.6861111111111111,0.7394583347377555,0.7999690503501814,0.6071915492840452,2.63750968564477,3.1791376173593613,1.4535973039323462,0.08849557522123894,,,,,
Digits,12,Gradient Boosting,1.5,360,178,0.5055555555555555,0.6502981933027594,0.7404283795319159,0.5581426096302512,1.8794579920464223,2.4858178148628554,1.2594721057959126,0.07865168539325842,,,,,
Digits,12,Gradient Boosting,2.0,360,226,0.37222222222222223,0.6300079442759685,0.7251917418186703,0.57357153334357,1.6777531316394239,2.3125402771867063,1.3013749125981153,0.07079646017699115,,,,,
Digits,13,Logistic Regression,0.0,360,16,0.9555555555555556,0.9392808174237386,0.9514439481544387,0.6777735067136863,5.3419650351302455,5.530591739524691,1.286490890649665,0.1875,,,,,
Digits,13,Logistic Regression,0.25,360,22,0.9388888888888889,0.9340000604260499,0.9503243653971141,0.6831993749615181,5.228161084553266,5.478523635326509,1.3816818954007217,0.18181818181818182,,,,,
Digits,13,Logistic Regression,0.5,360,34,0.9055555555555556,0.9181281037351833,0.9404278283081802,0.7043130975352723,4.920935774749171,5.266308330980143,1.609422441475728,0.23529411764705882,,,,,
Digits,13,Logistic Regression,1.0,360,77,0.7861111111111111,0.8860116289672305,0.9223492075094764,0.7524592299093656,4.362583452921302,4.955723888922428,2.182599772553528,0.3116883116883117,,,,,
Digits,13,Logistic Regression,1.5,360,147,0.5916666666666667,0.8722446856111797,0.9229269534746484,0.7988071138090107,4.36299640806487,5.451412363272516,2.7859039015395033,0.4421768707482993,,,,,
Digits,13,Logistic Regression,2.0,360,184,0.4888888888888889,0.8640212249150463,0.9121631051682457,0.8179724698902469,4.435737746121024,5.70203365874312,3.224498177525976,0.5,,,,,
Digits,13,Random Forest,0.0,360,16,0.9555555555555556,0.7171459553872053,0.7351046689905703,0.3310336129148629,0.6146672817460318,0.6390489078912044,0.0904623196248196,0.0,0.7192222222222223,0.32775000000000004,0.4211874073624039,0.7842650852424607,-0.9938723281146471
Digits,13,Random Forest,0.25,360,17,0.9527777777777777,0.5971344053631553,0.6114945824340867,0.3073967150496562,0.4680931878306878,0.48766904446379666,0.07312149223325695,0.0,0.6008333333333333,0.3110588235294118,0.5790190108127952,0.7988124475430122,-0.9925180628088388
Digits,13,Random Forest,0.5,360,33,0.9083333333333333,0.4966053054353054,0.51664681943948,0.2980121212121212,0.3456212143257976,0.37188359744231303,0.08538487253487252,0.0,0.4995555555555555,0.2938181818181818,0.68595966570747,0.8311915328297491,-0.9906956569934223
Digits,13,Random Forest,1.0,360,64,0.8222222222222222,0.354788819344236,0.3736743986681486,0.26744301497114,0.18370209315375985,0.2072929907179907,0.07459419191919192,0.0,0.3556444444444444,0.25887499999999997,0.8191481399230535,0.8782138177249372,-0.9849415064950497
Digits,13,Random Forest,1.5,360,132,0.6333333333333333,0.2928024919833253,0.3188598592440698,0.24779431216931216,0.1204891201699535,0.15057550758208654,0.06852172373081464,0.0,0.2936666666666667,0.24490909090909088,0.8666384633692491,0.8953899133786473,-0.9782329070076318
Digits,13,Random Forest,2.0,360,172,0.5222222222222223,0.2601266159611993,0.28406260438733844,0.2339640239605356,0.09249880411255411,0.11838534240582115,0.06420421574549481,0.0,0.2623666666666667,0.23618604651162792,0.8916402695519791,0.9080152953069537,-0.9725705007015141
Digits,13,Gradient Boosting,0.0,360,12,0.9666666666666667,0.9568672185297498,0.9665451094387122,0.6762083821698398,6.471218359736081,6.642560237104348,1.5023039160563527,0.16666666666666666,,,,,
Digits,13,Gradient Boosting,0.25,360,23,0.9361111111111111,0.9196304090836364,0.9466189381289479,0.5241897878545089,5.152463055040841,5.448810642234812,0.8103266687639527,0.043478260869565216,,,,,
Digits,13,Gradient Boosting,0.5,360,45,0.875,0.8519692516180413,0.8872365291558567,0.6050983088533332,3.9520101468407915,4.3494026655204845,1.1702625160829414,0.044444444444444446,,,,,
Digits,13,Gradient Boosting,1.0,360,101,0.7194444444444444,0.7214712073609647,0.774971963015618,0.5842762002861608,2.3761424439262617,2.7902487225438786,1.3142263433127699,0.12871287128712872,,,,,
Digits,13,Gradient Boosting,1.5,360,169,0.5305555555555556,0.6603286475202798,0.7454883867411134,0.5640830250872669,1.95782004814247,2.546348879510134,1.2926779961233943,0.08875739644970414,,,,,
Digits,13,Gradient Boosting,2.0,360,230,0.3611111111111111,0.6069236894368745,0.7095903621029637,0.5488947005386501,1.5872843834530872,2.210969306001526,1.2347668185344045,0.0782608695652174,,,,,
Digits,14,Logistic Regression,0.0,360,13,0.9638888888888889,0.9544459157622286,0.9664572076875743,0.633836815908771,5.446953948026015,5.6154685835407445,0.9489094462097593,0.0,,,,,
Digits,14,Logistic Regression,0.25,360,15,0.9583333333333334,0.9492491453129008,0.9648962803535593,0.589365039377757,5.369823337610616,5.564241871011073,0.8981970694001037,0.13333333333333333,,,,,
Digits,14,Logistic Regression,0.5,360,29,0.9194444444444444,0.9258217516457455,0.9551981234088565,0.5905259222116163,5.16809004641481,5.544739048120034,0.8690962683310428,0.06896551724137931,,,,,
Digits,14,Logistic Regression,1.0,360,82,0.7722222222222223,0.8873792252781527,0.9330282990108292,0.7326177314039567,4.682775482624097,5.466017376807304,2.027394426734687,0.2926829268292683,,,,,
Digits,14,Logistic Regression,1.5,360,148,0.5888888888888889,0.8584188405231926,0.9115477668116085,0.7823152434073533,4.118922530777463,5.2452161715547145,2.505582991285725,0.39864864864864863,,,,,
Digits,14,Logistic Regression,2.0,360,175,0.5138888888888888,0.8753655972322074,0.9219589330221782,0.8261097851113811,4.713810573033934,5.96648666775409,3.3895529871869114,0.5028571428571429,,,,,
Digits,14,Random Forest,0.0,360,11,0.9694444444444444,0.7260742577502382,0.7388623495069644,0.3203429829231968,0.6298073717567836,0.646491990916363,0.10044990933012322,0.0,0.7282333333333333,0.3250909090909091,0.4165202370274985,0.7892630226256446,-0.9930969266612022
Digits,14,Random Forest,0.25,360,13,0.9638888888888889,0.5990857845259316,0.6107748167750202,0.2870785391079509,0.47058326538022627,0.48490322653557105,0.08835045607986786,0.0,0.6010555555555556,0.28523076923076923,0.5806719575479118,0.8459339154369968,-0.9915710175129406
Digits,14,Random Forest,0.5,360,18,0.95,0.5075846965688633,0.5193322841665463,0.2843805322128852,0.3623898386290543,0.3769829581628859,0.08512056748625377,0.0,0.5092444444444445,0.28022222222222226,0.6820806048168422,0.8488153750541931,-0.9905142178358568
Digits,14,Random Forest,1.0,360,84,0.7666666666666667,0.3668651428618585,0.4029982194678486,0.2481421768707483,0.19971399968404874,0.24301533158278685,0.05743819487390915,0.0,0.3681444444444444,0.24419047619047615,0.8063053532803195,0.8848012083974398,-0.986174526675003
Digits,14,Random Forest,1.5,360,133,0.6305555555555555,0.289999827570759,0.3113221896901866,0.25360752530677344,0.11896816932160069,0.14341565168585124,0.07724201521118815,0.0,0.29107777777777777,0.25311278195488723,0.8699491895772616,0.8945160369307797,-0.9762837943976655
Digits,14,Random Forest,2.0,360,196,0.45555555555555555,0.26380882956549623,0.29649891158976527,0.2364559037900875,0.09396193602693602,0.1317973410058776,0.06230374002414818,0.0,0.2657111111111111,0.2376122448979592,0.8909667664923426,0.9076550044047135,-0.9703785144212564
Digits,14,Gradient Boosting,0.0,360,16,0.9555555555555556,0.9617617905294357,0.9749086275621103,0.6791047943269303,6.5842230935610155,6.818715501835633,1.5426363156567553,0.25,,,,,
Digits,14,Gradient Boosting,0.25,360,23,0.9361111111111111,0.9263387170875464,0.9495514004130736,0.5862224440135191,5.094196630733795,5.359237093788984,1.2107776720555945,0.13043478260869565,,,,,
Digits,14,Gradient Boosting,0.5,360,45,0.875,0.8673272741577478,0.9053171479513739,0.6013981576023647,4.227537546006386,4.638751569743989,1.3490393798431566,0.13333333333333333,,,,,
Digits,14,Gradient Boosting,1.0,360,117,0.675,0.7365533224826346,0.8065378296165061,0.5912008845892095,2.5979538564608546,3.2054544923457526,1.3362217665460665,0.07692307692307693,,,,,
Digits,14,Gradient Boosting,1.5,360,185,0.4861111111111111,0.6548834567764362,0.7160627811785527,0.5970111228825422,1.8059074386114427,2.1799898244366656,1.4520457222902863,0.14054054054054055,,,,,
Digits,14,Gradient Boosting,2.0,360,213,0.4083333333333333,0.6216320849892866,0.6817119987148851,0.5801684825589439,1.7124748189700332,2.1231781308487894,1.429031688236807,0.09859154929577464,,,,,
Digits,15,Logistic Regression,0.0,360,8,0.9777777777777777,0.9630623081011175,0.9691771054123525,0.6940112264067829,5.871148667951176,5.970141209402297,1.5154768441018551,0.125,,,,,
Digits,15,Logistic Regression,0.25,360,14,0.9611111111111111,0.9561357978591108,0.9671933878186627,0.6828553602873308,5.7677836043178505,5.947142608965503,1.3350539180258336,0.14285714285714285,,,,,
Digits,15,Logistic Regression,0.5,360,20,0.9444444444444444,0.9355130979950151,0.949553764935485,0.6968217600070284,5.310054287906246,5.540544039435533,1.3917285119083822,0.15,,,,,
Digits,15,Logistic Regression,1.0,360,64,0.8222222222222222,0.9066620824994646,0.9329156657572257,0.7852392599323184,4.877264935969617,5.486214907328851,2.0608713184331577,0.34375,,,,,
Digits,15,Logistic Regression,1.5,360,128,0.6444444444444445,0.8850785794907893,0.9124455772513692,0.8354758960497384,4.598910216848507,5.379418827031467,3.184238360891894,0.515625,,,,,
Digits,15,Logistic Regression,2.0,360,166,0.5388888888888889,0.8732204930278487,0.9071993013890876,0.8335103194008585,4.684099504548181,5.800860367295866,3.378969339650285,0.5180722891566265,,,,,
Digits,15,Random Forest,0.0,360,10,0.9722222222222222,0.7427786022927689,0.754665700680272,0.3267301587301587,0.6483378350970018,0.6652291836734694,0.05714063492063491,0.0,0.7472222222222222,0.3348,0.39027494689067666,0.7685927449332499,-0.9943943460504762
Digits,15,Random Forest,0.25,360,16,0.9555555555555556,0.6106356084656085,0.624606838316722,0.3102541666666667,0.4848729056437389,0.5052843392395718,0.04602708333333335,0.0,0.6141888888888889,0.30700000000000005,0.5645575391473046,0.7951878116440141,-0.9927312996013741
Digits,15,Random Forest,0.5,360,23,0.9361111111111111,0.49444185185185185,0.5080077669445623,0.2956717046238785,0.34582458553791884,0.36391130893504775,0.08081476880607318,0.0,0.4972444444444445,0.29026086956521746,0.6891853783988856,0.8385766330647736,-0.9908235778022684
Digits,15,Random Forest,1.0,360,73,0.7972222222222223,0.362354475308642,0.39033909628892205,0.2523327462491846,0.19493017636684304,0.23053979315303358,0.05493072407045009,0.0,0.3639888888888889,0.2493150684931507,0.8117695622239476,0.8793856527636752,-0.9875685136112559
Digits,15,Random Forest,1.5,360,126,0.65,0.3017460185185185,0.3315562881562881,0.24638408919123206,0.1323970105820106,0.1654358024691358,0.0710392542202066,0.0,0.30252222222222225,0.24390476190476196,0.8623880603896923,0.8989217030082243,-0.9819011158157073
Digits,15,Random Forest,2.0,360,192,0.4666666666666667,0.2692231172839506,0.3058672996976568,0.2371594576719577,0.1012097619047619,0.13867098450491308,0.06843119212962963,0.0,0.2701777777777778,0.23675000000000002,0.8872981017944679,0.9087656125364235,-0.9731276692297764
Digits,15,Gradient Boosting,0.0,360,9,0.975,0.9677534172245947,0.9758650832390816,0.6513984426596025,6.862639438743253,6.996467017365878,1.6433638724609372,0.2222222222222222,,,,,
Digits,15,Gradient Boosting,0.25,360,18,0.95,0.9174987667980161,0.9383815237522937,0.5207263846667431,5.443319293698631,5.682472724694734,0.8994041047726752,0.05555555555555555,,,,,
Digits,15,Gradient Boosting,0.5,360,39,0.8916666666666667,0.8474708362378117,0.8805720022761047,0.5750227773072448,4.0093759044304385,4.354244774249945,1.170839822069896,0.05128205128205128,,,,,
Digits,15,Gradient Boosting,1.0,360,115,0.6805555555555556,0.7380902535374844,0.8087336797389552,0.5875890411952206,2.6940803747679323,3.3470133185449384,1.3030493206343114,0.08695652173913043,,,,,
Digits,15,Gradient Boosting,1.5,360,163,0.5472222222222223,0.646410982709646,0.7185227954845199,0.5592574421167004,1.837857329018352,2.320333779646915,1.2547416187494755,0.1165644171779141,,,,,
Digits,15,Gradient Boosting,2.0,360,221,0.3861111111111111,0.6037136234699488,0.6802629453758566,0.5555672173843327,1.5940869824699733,2.073234180623505,1.2927229076132272,0.08144796380090498,,,,,
Digits,16,Logistic Regression,0.0,360,11,0.9694444444444444,0.9451498628897149,0.9557861659415563,0.607688975154017,5.642399010827733,5.796990716250398,0.7376258115086667,0.0,,,,,
Digits,16,Logistic Regression,0.25,360,14,0.9611111111111111,0.9407122468707583,0.9556100542838302,0.5725235779476893,5.523343003787883,5.7132855284843975,0.8290491791454527,0.0,,,,,
Digits,16,Logistic Regression,0.5,360,23,0.9361111111111111,0.9251755123226464,0.9467723524993711,0.6087348540810741,5.320042996359584,5.6289164732145345,0.7943750963544496,0.0,,,,,
Digits,16,Logistic Regression,1.0,360,76,0.7888888888888889,0.8697413021500837,0.9094557792538746,0.7213345719201287,4.540203260579798,5.3218755888278935,1.6192171918632257,0.19736842105263158,,,,,
Digits,16,Logistic Regression,1.5,360,126,0.65,0.8759458785516319,0.9025571970831394,0.8265248584216891,4.355515740711161,5.175104339402322,2.8334226288561473,0.48412698412698413,,,,,
Digits,16,Logistic Regression,2.0,360,172,0.5222222222222223,0.879447182865292,0.9181742893391233,0.8371175548590114,4.821879473958891,5.86162171651238,3.685417022795775,0.5406976744186046,,,,,
Digits,16,Random Forest,0.0,360,12,0.9666666666666667,0.7233065123456789,0.7368807380040139,0.32965396825396825,0.6210055952380953,0.639530938697318,0.0837706349206349,0.0,0.7257666666666667,0.325,0.4086889568774926,0.7717639121530476,-0.9942271039907679
Digits,16,Random Forest,0.25,360,21,0.9416666666666667,0.5994732451499118,0.6155602659549563,0.33978276643990923,0.4672311552028218,0.4904503628786815,0.09240680272108842,0.0,0.602,0.3344761904761905,0.5739908947151803,0.7713532254534563,-0.9921776307545286
Digits,16,Random Forest,0.5,360,26,0.9277777777777778,0.501023425925926,0.5151510122611919,0.31953827838827836,0.3500864726631393,0.3687379669232963,0.11048650793650791,0.0,0.5023777777777778,0.3047692307692308,0.6826230020897425,0.8188847347381834,-0.9901465470755139
Digits,16,Random Forest,1.0,360,84,0.7666666666666667,0.36625281305114643,0.39474893604784905,0.2726226946334088,0.19644733245149912,0.2326512882447665,0.07749147770219197,0.0,0.36625555555555556,0.2661904761904762,0.8059680447284241,0.8675892978507508,-0.9870926560358453
Digits,16,Random Forest,1.5,360,135,0.625,0.30836128747795416,0.3425206913580247,0.2514289476778366,0.13475922839506171,0.17329165432098764,0.07053851851851851,0.0,0.30883333333333335,0.25096296296296294,0.857335655049696,0.8933569009791837,-0.9759363493547156
Digits,16,Random Forest,2.0,360,181,0.49722222222222223,0.2663113668430335,0.2926642458100559,0.24024967990879595,0.09516683421516754,0.1234093375897845,0.06723640270104358,0.0,0.2703888888888889,0.2432707182320442,0.8868740463481982,0.9035005878189769,-0.9661257736611581
Digits,16,Gradient Boosting,0.0,360,18,0.95,0.9485932339468374,0.9668446984017631,0.6018154093032522,6.501668921424269,6.7826458660250815,1.1631069740088469,0.05555555555555555,,,,,
Digits,16,Gradient Boosting,0.25,360,26,0.9277777777777778,0.9250915522516484,0.948376612803276,0.6259680820884312,5.34984774083658,5.662622778960474,1.3318914818604017,0.15384615384615385,,,,,
Digits,16,Gradient Boosting,0.5,360,51,0.8583333333333333,0.8567290184175361,0.8986894708593731,0.60249804185817,4.171092477771568,4.673486258076407,1.1271772206304829,0.09803921568627451,,,,,
Digits,16,Gradient Boosting,1.0,360,132,0.6333333333333333,0.7339360110591435,0.8132944258486742,0.5968623855135909,2.650295291712488,3.3645697044641767,1.416548578777752,0.10606060606060606,,,,,
Digits,16,Gradient Boosting,1.5,360,171,0.525,0.6987388948123391,0.7591451245783347,0.63197411454466,2.1196482154846543,2.605555574366011,1.5825927135631535,0.14035087719298245,,,,,
Digits,16,Gradient Boosting,2.0,360,218,0.39444444444444443,0.6308487116025894,0.7062907081343222,0.5817075945956809,1.6672038423612,2.2081725093978366,1.3148297564932991,0.10091743119266056,,,,,
Digits,17,Logistic Regression,0.0,360,10,0.9722222222222222,0.9452999816172709,0.9553482762634985,0.5936096689993111,5.455377546781911,5.59021291313939,0.7361397242701421,0.0,,,,,
Digits,17,Logistic Regression,0.25,360,15,0.9583333333333334,0.9417848960676503,0.9550556592446185,0.6365573429973799,5.338932440110629,5.523554698061861,1.0926205072323083,0.0,,,,,
Digits,17,Logistic Regression,0.5,360,30,0.9166666666666666,0.9254204858371781,0.9457821637757117,0.7014420285133087,5.092065402645783,5.422038867820695,1.4623572857217502,0.2,,,,,
Digits,17,Logistic Regression,1.0,360,80,0.7777777777777778,0.8778066051276904,0.9168491600215048,0.7411576629993397,4.588515240262289,5.275212011398418,2.1850765412858424,0.35,,,,,
Digits,17,Logistic Regression,1.5,360,142,0.6055555555555555,0.8721325228711085,0.9171363150474597,0.8030421940369921,4.268050778920601,5.266281050120166,2.73555641891,0.4225352112676056,,,,,
Digits,17,Logistic Regression,2.0,360,173,0.5194444444444445,0.8646079394384688,0.899283209840085,0.827126577790479,4.379459904226256,5.344118818459765,3.3367361067599792,0.4797687861271676,,,,,
Digits,17,Random Forest,0.0,360,9,0.975,0.7314287029020363,0.74042243230021,0.38067325637325644,0.6321138517716851,0.6456692753337198,0.10345233285233285,0.0,0.7357444444444445,0.38622222222222224,0.4015423321348073,0.7210891694653412,-0.9940564988906312
Digits,17,Random Forest,0.25,360,14,0.9611111111111111,0.5956609673721341,0.6060652784659143,0.338525850340136,0.46486253439153447,0.4798363143407652,0.09479625850340133,0.0,0.5992666666666667,0.34114285714285714,0.5786855251060549,0.7798808380846021,-0.9929210713634344
Digits,17,Random Forest,0.5,360,33,0.9083333333333333,0.49164455403238727,0.5099224642228313,0.3105270803270803,0.33794391454224787,0.3623356333099452,0.09624415584415584,0.0,0.49426666666666663,0.3018181818181818,0.6912172493873445,0.8247604689280059,-0.9907358083987389
Digits,17,Random Forest,1.0,360,88,0.7555555555555555,0.3588182897226231,0.3867478711484594,0.27249049258821983,0.19105249206349206,0.22587679059502588,0.08341375114784205,0.0,0.35938888888888887,0.26672727272727276,0.8176595959328432,0.8738878965394717,-0.9861562926415712
Digits,17,Random Forest,1.5,360,137,0.6194444444444445,0.3063920590828924,0.3379918104814965,0.25495596739027393,0.1381958694083694,0.1768125178757466,0.07533811314395254,0.0,0.30710000000000004,0.25416058394160584,0.860154321469011,0.8929276638025232,-0.9785735003242023
Digits,17,Random Forest,2.0,360,199,0.44722222222222224,0.26147320787237455,0.29385386966380755,0.23527578803106441,0.09026297707231042,0.12382318213187778,0.06311125338090164,0.0,0.2619444444444445,0.23415075376884423,0.8917093161119349,0.9085744170415105,-0.9716488417731126
Digits,17,Gradient Boosting,0.0,360,15,0.9583333333333334,0.9554464335788453,0.9702447439638008,0.6150852947248707,6.41349603818048,6.645617276160291,1.074707564644815,0.06666666666666667,,,,,
Digits,17,Gradient Boosting,0.25,360,26,0.9277777777777778,0.916890607404646,0.9450713871258742,0.5548759756011772,5.113508638450415,5.437021141880336,0.9576172482352696,0.038461538461538464,,,,,
Digits,17,Gradient Boosting,0.5,360,51,0.8583333333333333,0.8463448787279075,0.8900845074747445,0.5813341869088359,3.9708225216347683,4.430003738462833,1.1887245608529573,0.0392156862745098,,,,,
Digits,17,Gradient Boosting,1.0,360,115,0.6805555555555556,0.7071806632015533,0.7839304700612796,0.5436702051090927,2.4635069584704246,3.0478119512929482,1.2186832781093964,0.09565217391304348,,,,,
Digits,17,Gradient Boosting,1.5,360,173,0.5194444444444445,0.6323540437264844,0.7230126015422071,0.5343589552204719,1.7629371472392583,2.359558296112479,1.1180345181104014,0.046242774566473986,,,,,
Digits,17,Gradient Boosting,2.0,360,213,0.4083333333333333,0.5978822922046524,0.6721463830467305,0.546629609792514,1.5141922079810348,2.043464022672853,1.148920110517667,0.07042253521126761,,,,,
Digits,18,Logistic Regression,0.0,360,12,0.9666666666666667,0.9538541394960899,0.9623755647610345,0.7067328068126951,5.717534533846557,5.861158266365713,1.5524462907910266,0.25,,,,,
Digits,18,Logistic Regression,0.25,360,18,0.95,0.9475440977399515,0.9607380652169101,0.6968587156777385,5.539629674827293,5.757995054491049,1.3906874612159281,0.16666666666666666,,,,,
Digits,18,Logistic Regression,0.5,360,26,0.9277777777777778,0.9323983491963359,0.9495498804342782,0.7120671402166159,5.332518274091524,5.637896900820009,1.4095774538102115,0.19230769230769232,,,,,
Digits,18,Logistic Regression,1.0,360,89,0.7527777777777778,0.8806457772591418,0.9171197817638689,0.769584482643625,4.67317115522986,5.507873506478502,2.1315493890682617,0.3146067415730337,,,,,
Digits,18,Logistic Regression,1.5,360,112,0.6888888888888889,0.8804207217307566,0.9180133581627972,0.7971798839169522,4.615908608119771,5.431871137955685,2.8091344349116736,0.44642857142857145,,,,,
Digits,18,Logistic Regression,2.0,360,194,0.46111111111111114,0.8936899141731706,0.9409331707239377,0.8532652719699368,5.202192571090099,6.927142870625438,3.7262041704567666,0.5927835051546392,,,,,
Digits,18,Random Forest,0.0,360,11,0.9694444444444444,0.7329960152193485,0.7453726668110622,0.34031861471861474,0.635939260245927,0.6529416574511131,0.0964995670995671,0.0,0.7352000000000001,0.3356363636363636,0.4049018236125512,0.7862710027133596,-0.9929839412272461
Digits,18,Random Forest,0.25,360,15,0.9583333333333334,0.6078121531863199,0.6205124193358975,0.31570603174603173,0.480343298090798,0.49738955604781687,0.08827936507936505,0.0,0.6100222222222222,0.30773333333333336,0.5683782690077183,0.8198929365912895,-0.9924284739962826
Digits,18,Random Forest,0.5,360,29,0.9194444444444444,0.5110594229535896,0.5304058080556571,0.29024378609895857,0.3615790135790135,0.3865951812873263,0.07604965111516837,0.0,0.5124,0.27986206896551724,0.6729342313278305,0.8448133109061134,-0.9914210641505016
Digits,18,Random Forest,1.0,360,81,0.775,0.36774312909312906,0.39554600111159255,0.27197768102953285,0.19914995596995597,0.23356430570624118,0.08061164021164022,0.0,0.3683222222222222,0.26780246913580247,0.8063334864647328,0.8703820711077442,-0.9859920455789087
Digits,18,Random Forest,1.5,360,136,0.6222222222222222,0.3033599758574758,0.3350277237147773,0.25120133232780295,0.128715143683477,0.1656675413376306,0.06785237107663578,0.0,0.30238888888888893,0.24829411764705883,0.859199625972852,0.8893212398074513,-0.9747644180368144
Digits,18,Random Forest,2.0,360,177,0.5083333333333333,0.2646728973803974,0.28962869607623704,0.23887113940673263,0.09220208100541435,0.11541734131078393,0.06819986272359153,0.0,0.2658888888888889,0.23990960451977406,0.8909244829801188,0.9092509234598696,-0.9660793548538674
Digits,18,Gradient Boosting,0.0,360,10,0.9722222222222222,0.9641145398094482,0.9723738810682273,0.6750375957521848,6.579982878678054,6.729506783754857,1.3466462009899516,0.1,,,,,
Digits,18,Gradient Boosting,0.25,360,22,0.9388888888888889,0.9302109415922976,0.949247891648684,0.6377341634532697,5.3103515897183025,5.573879694303577,1.2616016192718056,0.09090909090909091,,,,,
Digits,18,Gradient Boosting,0.5,360,33,0.9083333333333333,0.8708226783375456,0.9021392124871587,0.5605042944913791,4.2372206563405435,4.55672571585238,1.071215975723248,0.09090909090909091,,,,,
Digits,18,Gradient Boosting,1.0,360,124,0.6555555555555556,0.7412222655570809,0.8318188941691561,0.5687964240050669,2.6141711272613697,3.273469154120068,1.359378108401267,0.08870967741935484,,,,,
Digits,18,Gradient Boosting,1.5,360,164,0.5444444444444444,0.6712097498465073,0.7521816217802291,0.5744384882671814,1.9567836614313758,2.5090570402482624,1.296749623333146,0.09146341463414634,,,,,
Digits,18,Gradient Boosting,2.0,360,214,0.40555555555555556,0.631065565176255,0.7292117330998467,0.5641060300508141,1.6582288247885844,2.2278308385613843,1.2696218434295719,0.08411214953271028,,,,,
Digits,19,Logistic Regression,0.0,360,10,0.9722222222222222,0.9475026397857279,0.9569626396961527,0.6164026429208624,5.6262030442954245,5.761583666937889,0.8878812518092,0.0,,,,,
Digits,19,Logistic Regression,0.25,360,14,0.9611111111111111,0.9434474941971018,0.9570478169186394,0.6073252326505277,5.481009325692999,5.670398566486612,0.8003895175079947,0.0,,,,,
Digits,19,Logistic Regression,0.5,360,35,0.9027777777777778,0.9218611197888325,0.9483864467973575,0.6755545118525278,5.1467796083403385,5.558219573666474,1.3262656445976537,0.14285714285714285,,,,,
Digits,19,Logistic Regression,1.0,360,68,0.8111111111111111,0.8884341502667793,0.9250513258819779,0.7311956902721035,4.644347961257198,5.246674057675885,2.0578888413416556,0.3088235294117647,,,,,
Digits,19,Logistic Regression,1.5,360,143,0.6027777777777777,0.8770714541581561,0.9218848142503109,0.8090679636686625,4.562167761547438,5.6284341710144865,2.9441271262023365,0.4825174825174825,,,,,
Digits,19,Logistic Regression,2.0,360,186,0.48333333333333334,0.879900350544562,0.9314987362026671,0.8316308929934316,4.685960024406649,6.139599237292519,3.3261039865456734,0.5053763440860215,,,,,
Digits,19,Random Forest,0.0,360,14,0.9611111111111111,0.7264212915073881,0.7423979351953188,0.33156995464852607,0.629115950798714,0.6516102974637504,0.07318424036281182,0.0,0.7300777777777778,0.3377142857142857,0.4139449300313745,0.7583688022187165,-0.9924600778937496
Digits,19,Random Forest,0.25,360,14,0.9611111111111111,0.5955899695999258,0.6070784801599374,0.31165963718820855,0.4650582323865219,0.48101728647244313,0.07064160997732427,0.0,0.5994111111111111,0.3122857142857143,0.5827060155867361,0.8010327881141581,-0.9910370613745928
Digits,19,Random Forest,0.5,360,24,0.9333333333333333,0.4971523204264871,0.5105712361712362,0.3092875,0.3435242444073146,0.36235357615268327,0.0799135999721526,0.0,0.5004777777777778,0.29733333333333334,0.6832771275075271,0.8128700879258147,-0.9904352451675238
Digits,19,Random Forest,1.0,360,67,0.8138888888888889,0.3666498853615521,0.3898965367965368,0.2649891559518425,0.1977948889479591,0.22795614356503524,0.06589567099567098,0.0,0.36851111111111107,0.25922388059701496,0.8074230310669008,0.8722287230158421,-0.985995486794354
Digits,19,Random Forest,1.5,360,149,0.5861111111111111,0.297761856261023,0.33000030638134903,0.25210874904364844,0.12617063890787575,0.16517302886686777,0.07093906654984013,0.0,0.29966666666666664,0.25108724832214757,0.8654771530444123,0.8917453034562625,-0.9732812780976885
Digits,19,Random Forest,2.0,360,172,0.5222222222222223,0.2573654409171076,0.2835661263086795,0.2287274824658546,0.08720744388327721,0.11014984572165422,0.062130865129702346,0.0,0.2592222222222222,0.22939534883720933,0.8958955296276432,0.9168225825392675,-0.9637199457155112
Digits,19,Gradient Boosting,0.0,360,14,0.9611111111111111,0.9574630886397952,0.9727994540635871,0.578435771737508,6.6145272910652855,6.835551716384837,1.152066493882092,0.14285714285714285,,,,,
Digits,19,Gradient Boosting,0.25,360,20,0.9444444444444444,0.9194240675680386,0.939472251326461,0.5786049436748549,5.300246834514482,5.5541272365757255,0.9842799994733484,0.0,,,,,
Digits,19,Gradient Boosting,0.5,360,38,0.8944444444444445,0.8658536334137482,0.8972490107295926,0.5998191203689603,4.15437881049109,4.499843688600841,1.2270185275610968,0.07894736842105263,,,,,
Digits,19,Gradient Boosting,1.0,360,109,0.6972222222222222,0.7483876632300385,0.8291472518857929,0.5624183352245858,2.6380210177426027,3.286354902206442,1.145068678289175,0.07339449541284404,,,,,
Digits,19,Gradient Boosting,1.5,360,182,0.49444444444444446,0.6478312194002137,0.7330977511613446,0.5644386773481187,1.8291216012333498,2.3705388319407024,1.299603650321763,0.08791208791208792,,,,,
Digits,19,Gradient Boosting,2.0,360,213,0.4083333333333333,0.6005465818314332,0.6857767258099289,0.5417257782406402,1.5083105897339983,1.9715141194618007,1.1886349142880501,0.07042253521126761,,,,,
