dataset,seed,model,calibration,shift,severity,temperature,n_test,accuracy,mean_confidence,confidence_gap,ece,brier,nll,aurc
Breast Cancer,0,Logistic Regression,Raw,Gaussian noise,0.0,0.6230715891594052,114,0.9473684210526315,0.9610434954103311,0.013675074357699546,0.03334327621519132,0.054457286910496,0.08434636430551076,0.002233562451301725
Breast Cancer,0,Logistic Regression,Temperature scaled,Gaussian noise,0.0,0.6230715891594052,114,0.9473684210526315,0.9750267745291004,0.027658353476468833,0.038683641448602174,0.05939756498324358,0.09094436192753942,0.002233562451301725
Breast Cancer,0,Logistic Regression,Raw,Gaussian noise,0.25,0.6230715891594052,114,0.9473684210526315,0.9560738707279038,0.008705449675272314,0.047887323484485975,0.07616438135978633,0.1139811691700932,0.004308896736530213
Breast Cancer,0,Logistic Regression,Temperature scaled,Gaussian noise,0.25,0.6230715891594052,114,0.9473684210526315,0.9724445013527897,0.025076080300158177,0.05456028649974011,0.08402030788707723,0.13197589020700398,0.004308896736530213
Breast Cancer,0,Logistic Regression,Raw,Gaussian noise,0.5,0.6230715891594052,114,0.9473684210526315,0.9562499907121889,0.008881569659557331,0.05262666107045582,0.08215729814456471,0.13847048185202077,0.0056650084737443025
Breast Cancer,0,Logistic Regression,Temperature scaled,Gaussian noise,0.5,0.6230715891594052,114,0.9473684210526315,0.9703220243622801,0.022953603309648574,0.04058502351179755,0.08608990310469572,0.17343578179381103,0.0056650084737443025
Breast Cancer,0,Logistic Regression,Raw,Gaussian noise,1.0,0.6230715891594052,114,0.9122807017543859,0.9552504368091314,0.04296973505474544,0.07267467213507088,0.13632379483952003,0.2399500524722627,0.013035914514686588
Breast Cancer,0,Logistic Regression,Temperature scaled,Gaussian noise,1.0,0.6230715891594052,114,0.9122807017543859,0.9693077770981195,0.057027075343733635,0.07198435125170224,0.14630854960506856,0.33522146943501413,0.013035914514686588
Breast Cancer,0,Logistic Regression,Raw,Gaussian noise,1.5,0.6230715891594052,114,0.8421052631578947,0.9272803493244021,0.08517508616650737,0.10450388610218327,0.2300637398684285,0.47871267158344916,0.043169940846444786
Breast Cancer,0,Logistic Regression,Temperature scaled,Gaussian noise,1.5,0.6230715891594052,114,0.8421052631578947,0.9492097464008331,0.10710448324293842,0.12436859001141334,0.24309243627726113,0.6879500357655354,0.043169940846444786
Breast Cancer,0,Logistic Regression,Raw,Gaussian noise,2.0,0.6230715891594052,114,0.8333333333333334,0.9552931262086558,0.12195979287532244,0.15596991163685828,0.3098382674563906,0.9609604424844604,0.08172592660933027
Breast Cancer,0,Logistic Regression,Temperature scaled,Gaussian noise,2.0,0.6230715891594052,114,0.8333333333333334,0.9667312217460976,0.13339788841276423,0.1536966739870956,0.315345356340593,1.494379170755275,0.08172592660933027
Breast Cancer,0,Logistic Regression,Raw,Feature masking,0.0,0.6230715891594052,114,0.9473684210526315,0.9610434954103311,0.013675074357699546,0.03334327621519132,0.054457286910496,0.08434636430551076,0.002233562451301725
Breast Cancer,0,Logistic Regression,Temperature scaled,Feature masking,0.0,0.6230715891594052,114,0.9473684210526315,0.9750267745291004,0.027658353476468833,0.038683641448602174,0.05939756498324358,0.09094436192753942,0.002233562451301725
Breast Cancer,0,Logistic Regression,Raw,Feature masking,0.1,0.6230715891594052,114,0.956140350877193,0.954831026070663,-0.00130932480653001,0.024732470354607922,0.05681160442010345,0.09252612103926754,0.002642297577621296
Breast Cancer,0,Logistic Regression,Temperature scaled,Feature masking,0.1,0.6230715891594052,114,0.956140350877193,0.970585256725941,0.014444905848748024,0.018294494502552456,0.05792596802907105,0.09738381384056857,0.002642297577621296
Breast Cancer,0,Logistic Regression,Raw,Feature masking,0.2,0.6230715891594052,114,0.9649122807017544,0.9608571408185309,-0.00405513988322348,0.03899027084758162,0.04497473230392853,0.0772346631341731,0.0016894991460149832
Breast Cancer,0,Logistic Regression,Temperature scaled,Feature masking,0.2,0.6230715891594052,114,0.9649122807017544,0.9803635835324396,0.015451302830685187,0.025604787131041994,0.047347318905186744,0.07481804974729608,0.0016894991460149832
Breast Cancer,0,Logistic Regression,Raw,Feature masking,0.3,0.6230715891594052,114,0.9473684210526315,0.936644713239147,-0.010723707813484529,0.027590058265799827,0.06567006182801029,0.11424947367710271,0.003956070451301289
Breast Cancer,0,Logistic Regression,Temperature scaled,Feature masking,0.3,0.6230715891594052,114,0.9473684210526315,0.9602206570354673,0.012852235982835802,0.022583275727041614,0.06385764066532928,0.11010836570404309,0.003956070451301289
Breast Cancer,0,Logistic Regression,Raw,Feature masking,0.4,0.6230715891594052,114,0.9473684210526315,0.9259629641045931,-0.021405456948038415,0.050795507411530674,0.07367922759566273,0.12553196958932147,0.004078871546742585
Breast Cancer,0,Logistic Regression,Temperature scaled,Feature masking,0.4,0.6230715891594052,114,0.9473684210526315,0.9564845359403865,0.009116114887754989,0.03069488298574663,0.07303104113721712,0.11313607148372774,0.004078871546742585
Breast Cancer,0,Logistic Regression,Raw,Feature masking,0.5,0.6230715891594052,114,0.9473684210526315,0.9060590817573076,-0.04130933929532388,0.06934331042655571,0.09401369696442255,0.16308970105006368,0.007250907015270963
Breast Cancer,0,Logistic Regression,Temperature scaled,Feature masking,0.5,0.6230715891594052,114,0.9473684210526315,0.9452416255460051,-0.002126795506626422,0.04993203752513272,0.09109658229561061,0.14957683358776888,0.007250907015270963
Breast Cancer,0,Random Forest,Raw,Gaussian noise,0.0,1.020665286945125,114,0.956140350877193,0.9364357978276663,-0.019704553049526674,0.032980325814773254,0.06337893420973068,0.11029997984743191,0.0037273522383613664
Breast Cancer,0,Random Forest,Temperature scaled,Gaussian noise,0.0,1.020665286945125,114,0.956140350877193,0.9350860015014691,-0.021054349375723813,0.0334752671334264,0.06366784816394547,0.11117420338959919,0.0037273522383613664
Breast Cancer,0,Random Forest,Raw,Gaussian noise,0.25,1.020665286945125,114,0.9210526315789473,0.9015835004176234,-0.019469131161323983,0.0801251879700125,0.08454257094124201,0.1475934116541731,0.004747991819364825
Breast Cancer,0,Random Forest,Temperature scaled,Gaussian noise,0.25,1.020665286945125,114,0.9210526315789473,0.8995187769130893,-0.021533854665858,0.08760642947768464,0.08509233597338133,0.1494117442177478,0.004747991819364825
Breast Cancer,0,Random Forest,Raw,Gaussian noise,0.5,1.020665286945125,114,0.9122807017543859,0.848964369256457,-0.0633163324979289,0.0700004594820559,0.13002318995544415,0.22876247324903098,0.013135746075516503
Breast Cancer,0,Random Forest,Temperature scaled,Gaussian noise,0.5,1.020665286945125,114,0.9122807017543859,0.8461718245020174,-0.06610887725236847,0.07414974751095318,0.1310590888960418,0.23115585430039665,0.013135746075516503
Breast Cancer,0,Random Forest,Raw,Gaussian noise,1.0,1.020665286945125,114,0.8508771929824561,0.7586566833750956,-0.0922205096073605,0.1399565162907356,0.2056287185738155,0.35059232316386246,0.026667203825823094
Breast Cancer,0,Random Forest,Temperature scaled,Gaussian noise,1.0,1.020665286945125,114,0.8508771929824561,0.755265937561191,-0.09561125542126514,0.13604320371861273,0.2074821737099406,0.35377604847996635,0.026667203825823094
Breast Cancer,0,Random Forest,Raw,Gaussian noise,1.5,1.020665286945125,114,0.8333333333333334,0.6847874686716792,-0.1485458646616542,0.14854586466165404,0.289015048320802,0.4554452771029384,0.06108375313215806
Breast Cancer,0,Random Forest,Temperature scaled,Gaussian noise,1.5,1.020665286945125,114,0.8333333333333334,0.6820348368873115,-0.1512984964460219,0.1512984964460218,0.29075383773540847,0.45802587275863116,0.06108375313215806
Breast Cancer,0,Random Forest,Raw,Gaussian noise,2.0,1.020665286945125,114,0.7105263157894737,0.6694323308270674,-0.04109398496240624,0.1613512113617377,0.3413252718486693,0.5180835749886181,0.10786652626008165
Breast Cancer,0,Random Forest,Temperature scaled,Gaussian noise,2.0,1.020665286945125,114,0.7105263157894737,0.6666619346125641,-0.043864381176909606,0.16347214357724393,0.34260047902870594,0.5199088484525598,0.10786652626008165
Breast Cancer,0,Random Forest,Raw,Feature masking,0.0,1.020665286945125,114,0.956140350877193,0.9364357978276663,-0.019704553049526674,0.032980325814773254,0.06337893420973068,0.11029997984743191,0.0037273522383613664
Breast Cancer,0,Random Forest,Temperature scaled,Feature masking,0.0,1.020665286945125,114,0.956140350877193,0.9350860015014691,-0.021054349375723813,0.0334752671334264,0.06366784816394548,0.1111742033895992,0.0037273522383613664
Breast Cancer,0,Random Forest,Raw,Feature masking,0.1,1.020665286945125,114,0.956140350877193,0.9082620300751003,-0.047878320802092644,0.048558855472101106,0.06941659414369256,0.13316419712227642,0.003404869969667604
Breast Cancer,0,Random Forest,Temperature scaled,Feature masking,0.1,1.020665286945125,114,0.956140350877193,0.9059900147060846,-0.05015033617110831,0.05081710634940734,0.07006256955158068,0.13524229509761215,0.003404869969667604
Breast Cancer,0,Random Forest,Raw,Feature masking,0.2,1.020665286945125,114,0.956140350877193,0.8972190476190037,-0.05892130325818923,0.08116574770263366,0.06975424800413733,0.14714958863231356,0.0044783792536959265
Breast Cancer,0,Random Forest,Temperature scaled,Feature masking,0.2,1.020665286945125,114,0.956140350877193,0.8944267927621886,-0.06171355811500434,0.0768133895248898,0.07076055448467673,0.149768042430895,0.0044783792536959265
Breast Cancer,0,Random Forest,Raw,Feature masking,0.3,1.020665286945125,114,0.956140350877193,0.862011904761896,-0.09412844611529692,0.10305359231412735,0.0932640623570832,0.1940107028240765,0.010758224350107959
Breast Cancer,0,Random Forest,Temperature scaled,Feature masking,0.3,1.020665286945125,114,0.956140350877193,0.8587985809206883,-0.09734176995650468,0.10626381461384074,0.09473559364080857,0.19711387286840903,0.010758224350107959
Breast Cancer,0,Random Forest,Raw,Feature masking,0.4,1.020665286945125,114,0.9736842105263158,0.823527276524645,-0.15015693400167085,0.15073354218880536,0.10483250928471972,0.22326497090598837,0.006243886703933677
Breast Cancer,0,Random Forest,Temperature scaled,Feature masking,0.4,1.020665286945125,114,0.9736842105263158,0.8199189916162026,-0.1537652189101132,0.1543301609057905,0.10702077553342124,0.22729754268362454,0.006243886703933677
Breast Cancer,0,Random Forest,Raw,Feature masking,0.5,1.020665286945125,114,0.9385964912280702,0.7948413951545531,-0.1437550960735171,0.14557238930659977,0.14373332483311452,0.27535899266587643,0.011067345754829342
Breast Cancer,0,Random Forest,Temperature scaled,Feature masking,0.5,1.020665286945125,114,0.9385964912280702,0.7912116465579268,-0.14738484467014346,0.1491654129796968,0.14591019392240034,0.27921889586058657,0.011067345754829342
Breast Cancer,0,Gradient Boosting,Raw,Gaussian noise,0.0,1.360795240918518,114,0.956140350877193,0.9726826939861888,0.016542343108995827,0.031054102313888998,0.05656099355432103,0.08451192363226567,0.002269881675608284
Breast Cancer,0,Gradient Boosting,Temperature scaled,Gaussian noise,0.0,1.360795240918518,114,0.956140350877193,0.9594220385713391,0.0032816876941461626,0.038440126692293894,0.053514244489674095,0.08566952690879127,0.002269881675608284
Breast Cancer,0,Gradient Boosting,Raw,Gaussian noise,0.25,1.360795240918518,114,0.9385964912280702,0.9638531998616414,0.025256708633571212,0.041238226627525236,0.08019525324128132,0.11723490642891247,0.003813940818165823
Breast Cancer,0,Gradient Boosting,Temperature scaled,Gaussian noise,0.25,1.360795240918518,114,0.9385964912280702,0.9464357561843149,0.007839264956244651,0.04426578565204629,0.07515015586466464,0.11727480849222112,0.003813940818165823
Breast Cancer,0,Gradient Boosting,Raw,Gaussian noise,0.5,1.360795240918518,114,0.9210526315789473,0.9375663488093722,0.01651371723042483,0.05848138243849855,0.12432259539945852,0.21850372635225812,0.016657450061464418
Breast Cancer,0,Gradient Boosting,Temperature scaled,Gaussian noise,0.5,1.360795240918518,114,0.9210526315789473,0.9139274323632662,-0.007125199215681111,0.03767199419753178,0.12227746916717691,0.20790648754886853,0.016657450061464418
Breast Cancer,0,Gradient Boosting,Raw,Gaussian noise,1.0,1.360795240918518,114,0.8859649122807017,0.9182528813202697,0.03228796903956799,0.061889792437774295,0.17953942143781282,0.3136271064610065,0.034797788919758696
Breast Cancer,0,Gradient Boosting,Temperature scaled,Gaussian noise,1.0,1.360795240918518,114,0.8859649122807017,0.8853456761354662,-0.0006192361452355133,0.04644447634967019,0.17668586526859353,0.2944767279096851,0.034797788919758696
Breast Cancer,0,Gradient Boosting,Raw,Gaussian noise,1.5,1.360795240918518,114,0.7105263157894737,0.8801133781096494,0.16958706232017573,0.20134548938877236,0.386498620304436,0.5991215234077797,0.10952024677842029
Breast Cancer,0,Gradient Boosting,Temperature scaled,Gaussian noise,1.5,1.360795240918518,114,0.7105263157894737,0.8393859845180164,0.1288596687285427,0.14710734029840286,0.3579890814133721,0.5269796998878382,0.10952024677842029
Breast Cancer,0,Gradient Boosting,Raw,Gaussian noise,2.0,1.360795240918518,114,0.6929824561403509,0.8518767771192003,0.15889432097884937,0.16666868113210098,0.40546789167587166,0.6462320395304025,0.1498396584010666
Breast Cancer,0,Gradient Boosting,Temperature scaled,Gaussian noise,2.0,1.360795240918518,114,0.6929824561403509,0.811046144338064,0.11806368819771307,0.12099853210089971,0.3807122972396518,0.5724277443378586,0.1498396584010666
Breast Cancer,0,Gradient Boosting,Raw,Feature masking,0.0,1.360795240918518,114,0.956140350877193,0.9726826939861888,0.016542343108995827,0.031054102313888998,0.05656099355432103,0.08451192363226567,0.002269881675608284
Breast Cancer,0,Gradient Boosting,Temperature scaled,Feature masking,0.0,1.360795240918518,114,0.956140350877193,0.9594220385713391,0.0032816876941461626,0.038440126692293894,0.053514244489674095,0.08566952690879127,0.002269881675608284
Breast Cancer,0,Gradient Boosting,Raw,Feature masking,0.1,1.360795240918518,114,0.9473684210526315,0.9664100644134967,0.019041643360865224,0.03565443301296503,0.06234809699670153,0.09238918658423399,0.002711087853077173
Breast Cancer,0,Gradient Boosting,Temperature scaled,Feature masking,0.1,1.360795240918518,114,0.9473684210526315,0.9498783895021589,0.0025099684495273333,0.043229496171358926,0.05947310432586858,0.09710635385159795,0.002711087853077173
Breast Cancer,0,Gradient Boosting,Raw,Feature masking,0.2,1.360795240918518,114,0.9649122807017544,0.9713013405634793,0.006389059861724888,0.01699727576717607,0.04699108237686604,0.08389821245703716,0.002688602864278262
Breast Cancer,0,Gradient Boosting,Temperature scaled,Feature masking,0.2,1.360795240918518,114,0.9649122807017544,0.9515902258314438,-0.013322054870310573,0.030865576593008447,0.047651386122714544,0.09204833343676368,0.002688602864278262
Breast Cancer,0,Gradient Boosting,Raw,Feature masking,0.3,1.360795240918518,114,0.9473684210526315,0.9569493907407367,0.009580969688105179,0.039314233119774264,0.07288381868306891,0.12999476669342283,0.006297308545624888
Breast Cancer,0,Gradient Boosting,Temperature scaled,Feature masking,0.3,1.360795240918518,114,0.9473684210526315,0.9326590839692382,-0.014709337083393281,0.04834853422403306,0.0736856142957581,0.13619668252682618,0.006297308545624888
Breast Cancer,0,Gradient Boosting,Raw,Feature masking,0.4,1.360795240918518,114,0.956140350877193,0.9483977041724524,-0.007742646704740563,0.036629081971571276,0.0581435498605889,0.09585199623989077,0.0025113244850536688
Breast Cancer,0,Gradient Boosting,Temperature scaled,Feature masking,0.4,1.360795240918518,114,0.956140350877193,0.9208922568005214,-0.03524809407667151,0.055423618281809375,0.061155629535417304,0.11735072725998237,0.0025113244850536688
Breast Cancer,0,Gradient Boosting,Raw,Feature masking,0.5,1.360795240918518,114,0.9649122807017544,0.9192734197533262,-0.04563886094842817,0.061125567263206844,0.08289219508559889,0.15253583241879884,0.00812293989637335
Breast Cancer,0,Gradient Boosting,Temperature scaled,Feature masking,0.5,1.360795240918518,114,0.9649122807017544,0.8840046496019015,-0.08090763109985288,0.08804556932990883,0.09334762427225575,0.17806212294762064,0.00812293989637335
Breast Cancer,1,Logistic Regression,Raw,Gaussian noise,0.0,1.0202465820156168,114,0.9649122807017544,0.9652161855218171,0.0003039048200627059,0.03627569931895077,0.05870966697225898,0.10018758399384446,0.0031286324390624883
Breast Cancer,1,Logistic Regression,Temperature scaled,Gaussian noise,0.0,1.0202465820156168,114,0.9649122807017544,0.9644836234880663,-0.0004286572136881217,0.035781935930086994,0.058649389122527616,0.09985978507017924,0.0031286324390624883
Breast Cancer,1,Logistic Regression,Raw,Gaussian noise,0.25,1.0202465820156168,114,0.9649122807017544,0.9701116993130137,0.005199418611259277,0.022816300209996254,0.05917088267560491,0.09781820448842012,0.002751178554918721
Breast Cancer,1,Logistic Regression,Temperature scaled,Gaussian noise,0.25,1.0202465820156168,114,0.9649122807017544,0.9693534049956763,0.004441124293921961,0.024591725419376036,0.05906238978123186,0.09743569165677696,0.002751178554918721
Breast Cancer,1,Logistic Regression,Raw,Gaussian noise,0.5,1.0202465820156168,114,0.9385964912280702,0.9719510762448824,0.03335458501681221,0.043068129494580214,0.07876127787435697,0.12542203281127548,0.003960288725651905
Breast Cancer,1,Logistic Regression,Temperature scaled,Gaussian noise,0.5,1.0202465820156168,114,0.9385964912280702,0.9712027508018648,0.032606259573794594,0.04731724070195812,0.07839033629278493,0.1244376999775489,0.003960288725651905
Breast Cancer,1,Logistic Regression,Raw,Gaussian noise,1.0,1.0202465820156168,114,0.956140350877193,0.9478972594042903,-0.008243091472902697,0.04344245852781944,0.08519968572088694,0.15733261136012833,0.008781259741689987
Breast Cancer,1,Logistic Regression,Temperature scaled,Gaussian noise,1.0,1.0202465820156168,114,0.956140350877193,0.9467966080875434,-0.009343742789649556,0.047709774353717864,0.08529902567561014,0.15672420762190972,0.008781259741689987
Breast Cancer,1,Logistic Regression,Raw,Gaussian noise,1.5,1.0202465820156168,114,0.8596491228070176,0.9620559763819512,0.10240685357493362,0.12710565311947278,0.26335855973024835,0.6274966422074894,0.050911106440714476
Breast Cancer,1,Logistic Regression,Temperature scaled,Gaussian noise,1.5,1.0202465820156168,114,0.8596491228070176,0.9610087625130977,0.1013596397060802,0.12653837422282638,0.26283899755208306,0.6171126864273898,0.050911106440714476
Breast Cancer,1,Logistic Regression,Raw,Gaussian noise,2.0,1.0202465820156168,114,0.7894736842105263,0.9631204843504365,0.17364680013991018,0.18803792603832273,0.39788267868990795,1.279839241421643,0.1036242199462092
Breast Cancer,1,Logistic Regression,Temperature scaled,Gaussian noise,2.0,1.0202465820156168,114,0.7894736842105263,0.9622265881599648,0.17275290394943843,0.18963939402420152,0.3974022459559777,1.2563347820151467,0.1036242199462092
Breast Cancer,1,Logistic Regression,Raw,Feature masking,0.0,1.0202465820156168,114,0.9649122807017544,0.9652161855218171,0.0003039048200627059,0.03627569931895077,0.05870966697225898,0.10018758399384446,0.0031286324390624883
Breast Cancer,1,Logistic Regression,Temperature scaled,Feature masking,0.0,1.0202465820156168,114,0.9649122807017544,0.9644836234880663,-0.0004286572136881217,0.035781935930086994,0.058649389122527616,0.09985978507017924,0.0031286324390624883
Breast Cancer,1,Logistic Regression,Raw,Feature masking,0.1,1.0202465820156168,114,0.9385964912280702,0.9645071468745156,0.025910655646445346,0.02849907639248879,0.06861614924857969,0.11207353338797689,0.00403787518833839
Breast Cancer,1,Logistic Regression,Temperature scaled,Feature masking,0.1,1.0202465820156168,114,0.9385964912280702,0.9635461813119753,0.02494969008390513,0.032355823712200645,0.06839282831580099,0.11175348371065534,0.00403787518833839
Breast Cancer,1,Logistic Regression,Raw,Feature masking,0.2,1.0202465820156168,114,0.9473684210526315,0.9575103407211618,0.010141919668530286,0.02317993254392815,0.06834851603463843,0.11087301922324504,0.003886064270588541
Breast Cancer,1,Logistic Regression,Temperature scaled,Feature masking,0.2,1.0202465820156168,114,0.9473684210526315,0.9562924114341858,0.008923990381554225,0.023624267921977193,0.06824345470531826,0.11102570733426684,0.003886064270588541
Breast Cancer,1,Logistic Regression,Raw,Feature masking,0.3,1.0202465820156168,114,0.956140350877193,0.9541850021655685,-0.001955348711624505,0.028048797664614763,0.07914719880733247,0.15835844706334895,0.011344764464695567
Breast Cancer,1,Logistic Regression,Temperature scaled,Feature masking,0.3,1.0202465820156168,114,0.956140350877193,0.952871474874563,-0.003268876002629928,0.01714330797438204,0.07918780466353773,0.15774696729285625,0.011344764464695567
Breast Cancer,1,Logistic Regression,Raw,Feature masking,0.4,1.0202465820156168,114,0.9385964912280702,0.918998801632742,-0.01959768959532826,0.04459167209351769,0.07860985790558002,0.13453328485448748,0.0045870966075138315
Breast Cancer,1,Logistic Regression,Temperature scaled,Feature masking,0.4,1.0202465820156168,114,0.9385964912280702,0.9173052309678568,-0.02129126026021344,0.045866939436150334,0.07897128011439442,0.13576226321936558,0.0045870966075138315
Breast Cancer,1,Logistic Regression,Raw,Feature masking,0.5,1.0202465820156168,114,0.9385964912280702,0.9304027929094313,-0.00819369831863892,0.042032383830216256,0.0876867385632153,0.1527223530706263,0.007479247504383304
Breast Cancer,1,Logistic Regression,Temperature scaled,Feature masking,0.5,1.0202465820156168,114,0.9385964912280702,0.9283892074276465,-0.010207283800423683,0.04333927389171237,0.08785488639066771,0.1535708608256213,0.007479247504383304
Breast Cancer,1,Random Forest,Raw,Gaussian noise,0.0,0.6312597943406874,114,0.9649122807017544,0.9338913951543425,-0.03102088554741189,0.03897460317481365,0.07057059042526953,0.13806595908157077,0.009200307228942271
Breast Cancer,1,Random Forest,Temperature scaled,Gaussian noise,0.0,0.6312597943406874,114,0.9649122807017544,0.9598526497219321,-0.005059630979822316,0.0306507764357288,0.06647017488073921,0.14283591333507062,0.009200307228942271
Breast Cancer,1,Random Forest,Raw,Gaussian noise,0.25,0.6312597943406874,114,0.9473684210526315,0.913794987468584,-0.03357343358404752,0.045843609022644116,0.07691057524375312,0.1412838210586984,0.0047485122727797474
Breast Cancer,1,Random Forest,Temperature scaled,Gaussian noise,0.25,0.6312597943406874,114,0.9473684210526315,0.9519726716061511,0.00460425055351954,0.02827489219226427,0.071979800712146,0.12140528966298793,0.0047485122727797474
Breast Cancer,1,Random Forest,Raw,Gaussian noise,0.5,0.6312597943406874,114,0.9210526315789473,0.8420224171539786,-0.07903021442496871,0.109404817599572,0.12790456475173825,0.23719333581513402,0.013346748432700574
Breast Cancer,1,Random Forest,Temperature scaled,Gaussian noise,0.5,0.6312597943406874,114,0.9210526315789473,0.9054098779728377,-0.01564275360610967,0.0446833456374672,0.10931284207939415,0.19252407735345123,0.013346748432700574
Breast Cancer,1,Random Forest,Raw,Gaussian noise,1.0,0.6312597943406874,114,0.9035087719298246,0.7327152882205512,-0.17079348370927339,0.18905831244778606,0.2139178262524035,0.36514611317028106,0.024702010481794514
Breast Cancer,1,Random Forest,Temperature scaled,Gaussian noise,1.0,0.6312597943406874,114,0.9035087719298246,0.8030693376906005,-0.10043943423922408,0.11912519736521897,0.17138514842351632,0.29587758207136394,0.024702010481794514
Breast Cancer,1,Random Forest,Raw,Gaussian noise,1.5,0.6312597943406874,114,0.7719298245614035,0.6711452520189363,-0.1007845725424672,0.10078457254246732,0.3389141707446747,0.5161992614096479,0.11389197626179037
Breast Cancer,1,Random Forest,Temperature scaled,Gaussian noise,1.5,0.6312597943406874,114,0.7719298245614035,0.7383285037689614,-0.033601320792442047,0.04320841446789229,0.31826167249842546,0.4855140064037291,0.11389197626179037
Breast Cancer,1,Random Forest,Raw,Gaussian noise,2.0,0.6312597943406874,114,0.6578947368421053,0.6519307156780842,-0.0059640211640210605,0.07525040378724593,0.39609144110151917,0.5777150603051858,0.17170664084245327
Breast Cancer,1,Random Forest,Temperature scaled,Gaussian noise,2.0,0.6312597943406874,114,0.6578947368421053,0.7165365442866485,0.05864180744454317,0.08864101778457704,0.39553189223192375,0.5687315976737559,0.17170664084245327
Breast Cancer,1,Random Forest,Raw,Feature masking,0.0,0.6312597943406874,114,0.9649122807017544,0.9338913951543425,-0.03102088554741189,0.03897460317481366,0.07057059042526953,0.1380659590815708,0.009200307228942271
Breast Cancer,1,Random Forest,Temperature scaled,Feature masking,0.0,0.6312597943406874,114,0.9649122807017544,0.9598526497219321,-0.005059630979822316,0.030650776435728794,0.06647017488073922,0.14283591333507062,0.009200307228942271
Breast Cancer,1,Random Forest,Raw,Feature masking,0.1,0.6312597943406874,114,0.9649122807017544,0.9011402673349166,-0.0637720133668378,0.06585956558070592,0.08168463340414528,0.16993831175949017,0.01613123084245322
Breast Cancer,1,Random Forest,Temperature scaled,Feature masking,0.1,0.6312597943406874,114,0.9649122807017544,0.9420460518018668,-0.022866228899887542,0.03429382669657656,0.0705343199214639,0.15472748376669132,0.01613123084245322
Breast Cancer,1,Random Forest,Raw,Feature masking,0.2,0.6312597943406874,114,0.956140350877193,0.8828141186298903,-0.07332623224730261,0.08321294903928227,0.09267160013844136,0.18457406894490913,0.01142586594928762
Breast Cancer,1,Random Forest,Temperature scaled,Feature masking,0.2,0.6312597943406874,114,0.956140350877193,0.9358291335812379,-0.020311217295955086,0.034337862152540005,0.0773528280997765,0.15271114022516816,0.01142586594928762
Breast Cancer,1,Random Forest,Raw,Feature masking,0.3,0.6312597943406874,114,0.9473684210526315,0.8656762740183793,-0.0816921470342522,0.09077485380116955,0.107678461822811,0.21386100338164843,0.018801836829799357
Breast Cancer,1,Random Forest,Temperature scaled,Feature masking,0.3,0.6312597943406874,114,0.9473684210526315,0.9271814353897898,-0.020186985662841717,0.04497614153600925,0.09185043574640368,0.17772677122091932,0.018801836829799357
Breast Cancer,1,Random Forest,Raw,Feature masking,0.4,0.6312597943406874,114,0.956140350877193,0.8206291562238932,-0.13551119465329975,0.13911704260651633,0.12308117790826273,0.2514222807588357,0.02627927881100479
Breast Cancer,1,Random Forest,Temperature scaled,Feature masking,0.4,0.6312597943406874,114,0.956140350877193,0.8917296792744571,-0.06441067160273584,0.0690898522012222,0.0898632450225945,0.19149855842761498,0.02627927881100479
Breast Cancer,1,Random Forest,Raw,Feature masking,0.5,0.6312597943406874,114,0.956140350877193,0.7916394319131161,-0.16450091896407681,0.1649361737677527,0.1349492912312527,0.2691584691348366,0.008768407093875233
Breast Cancer,1,Random Forest,Temperature scaled,Feature masking,0.5,0.6312597943406874,114,0.956140350877193,0.8697846199807487,-0.08635573089644422,0.08704513144863905,0.09320978941939137,0.18867472510329616,0.008768407093875233
Breast Cancer,1,Gradient Boosting,Raw,Gaussian noise,0.0,1.0824259199371193,114,0.9736842105263158,0.9734447351058839,-0.0002394754204319005,0.023836429156269115,0.04646761224014238,0.09315061910359962,0.0040944635074631145
Breast Cancer,1,Gradient Boosting,Temperature scaled,Gaussian noise,0.0,1.0824259199371193,114,0.9736842105263158,0.9703683988564156,-0.0033158116699002482,0.02949486025024269,0.04657346952825921,0.09188938667576584,0.0040944635074631145
Breast Cancer,1,Gradient Boosting,Raw,Gaussian noise,0.25,1.0824259199371193,114,0.9736842105263158,0.9690056963064305,-0.004678514219885299,0.02272291337025639,0.03720922443637164,0.06577609444007478,0.0014971943890483969
Breast Cancer,1,Gradient Boosting,Temperature scaled,Gaussian noise,0.25,1.0824259199371193,114,0.9736842105263158,0.9652145702672084,-0.008469640259107458,0.02485923484099836,0.037625580655166364,0.06775646323127905,0.0014971943890483969
Breast Cancer,1,Gradient Boosting,Raw,Gaussian noise,0.5,1.0824259199371193,114,0.9385964912280702,0.9583850293293373,0.019788538101267128,0.03912849543081241,0.10038158918681978,0.17287392237495924,0.008179502804813929
Breast Cancer,1,Gradient Boosting,Temperature scaled,Gaussian noise,0.5,1.0824259199371193,114,0.9385964912280702,0.9533054508513505,0.014708959623280338,0.03569986203106668,0.0992735216873178,0.16899797191408059,0.008179502804813929
Breast Cancer,1,Gradient Boosting,Raw,Gaussian noise,1.0,1.0824259199371193,114,0.8596491228070176,0.8981881210115635,0.03853899820454598,0.0496508168089983,0.15570089302482998,0.24259654139771686,0.019881629083885216
Breast Cancer,1,Gradient Boosting,Temperature scaled,Gaussian noise,1.0,1.0824259199371193,114,0.8596491228070176,0.8900835651330617,0.030434442326044198,0.05784976348137736,0.1548919705454563,0.2430203121672159,0.019881629083885216
Breast Cancer,1,Gradient Boosting,Raw,Gaussian noise,1.5,1.0824259199371193,114,0.7982456140350878,0.8433205586977761,0.045074944662688354,0.06625295453485959,0.2938288035839429,0.45118493628153045,0.08271959514495206
Breast Cancer,1,Gradient Boosting,Temperature scaled,Gaussian noise,1.5,1.0824259199371193,114,0.7982456140350878,0.8326363767767007,0.0343907627416129,0.0573830591277618,0.2913103252412961,0.44421780717614867,0.08271959514495206
Breast Cancer,1,Gradient Boosting,Raw,Gaussian noise,2.0,1.0824259199371193,114,0.6754385964912281,0.8321240143084875,0.15668541781725942,0.15668541781725942,0.42942458167690295,0.6385028565542452,0.1656577843310061
Breast Cancer,1,Gradient Boosting,Temperature scaled,Gaussian noise,2.0,1.0824259199371193,114,0.6754385964912281,0.819908184560036,0.14446958806880794,0.144469588068808,0.4214097831782353,0.6199705589497707,0.1656577843310061
Breast Cancer,1,Gradient Boosting,Raw,Feature masking,0.0,1.0824259199371193,114,0.9736842105263158,0.9734447351058839,-0.0002394754204319005,0.023836429156269115,0.04646761224014238,0.09315061910359962,0.0040944635074631145
Breast Cancer,1,Gradient Boosting,Temperature scaled,Feature masking,0.0,1.0824259199371193,114,0.9736842105263158,0.9703683988564156,-0.0033158116699002482,0.02949486025024269,0.04657346952825921,0.09188938667576584,0.0040944635074631145
Breast Cancer,1,Gradient Boosting,Raw,Feature masking,0.1,1.0824259199371193,114,0.9736842105263158,0.9606327768298178,-0.013051433696497972,0.022957996190509717,0.05426709365841346,0.10811159997307687,0.004764269786531367
Breast Cancer,1,Gradient Boosting,Temperature scaled,Feature masking,0.1,1.0824259199371193,114,0.9736842105263158,0.9568241293479671,-0.016860081178348696,0.030538682815090826,0.05487925476979398,0.10780799400372489,0.004764269786531367
Breast Cancer,1,Gradient Boosting,Raw,Feature masking,0.2,1.0824259199371193,114,0.9649122807017544,0.964742038669144,-0.0001702420326104015,0.02565514103809334,0.06549564880809465,0.11884026898585415,0.004689219343579808
Breast Cancer,1,Gradient Boosting,Temperature scaled,Feature masking,0.2,1.0824259199371193,114,0.9649122807017544,0.9601388973656748,-0.004773383336079573,0.01761393742633176,0.06531101131695487,0.11799164108273469,0.004689219343579808
Breast Cancer,1,Gradient Boosting,Raw,Feature masking,0.3,1.0824259199371193,114,0.956140350877193,0.9529870321406545,-0.0031533187365384574,0.02144444998644431,0.06449563159250336,0.12413509420326664,0.007587086651988871
Breast Cancer,1,Gradient Boosting,Temperature scaled,Feature masking,0.3,1.0824259199371193,114,0.956140350877193,0.9481003195859362,-0.008040031291256744,0.02518454219573584,0.06483222444833306,0.12439631529317256,0.007587086651988871
Breast Cancer,1,Gradient Boosting,Raw,Feature masking,0.4,1.0824259199371193,114,0.9649122807017544,0.9432591389787546,-0.021653141722999814,0.039360567570695046,0.057908381388899206,0.12478618970015097,0.008768932573830318
Breast Cancer,1,Gradient Boosting,Temperature scaled,Feature masking,0.4,1.0824259199371193,114,0.9649122807017544,0.9361628009503186,-0.028749479751435825,0.04042115760257346,0.059560344437915164,0.12821680343539346,0.008768932573830318
Breast Cancer,1,Gradient Boosting,Raw,Feature masking,0.5,1.0824259199371193,114,0.9649122807017544,0.9129843523034465,-0.05192792839830784,0.06443860076165478,0.08260383316078035,0.15173052852691607,0.007031259871288751
Breast Cancer,1,Gradient Boosting,Temperature scaled,Feature masking,0.5,1.0824259199371193,114,0.9649122807017544,0.9050129511645755,-0.059899329537178914,0.060995119641775064,0.08510889343185077,0.15730867233875884,0.007031259871288751
Breast Cancer,2,Logistic Regression,Raw,Gaussian noise,0.0,1.2551740223624765,114,0.9649122807017544,0.9777881062765414,0.012875825574787059,0.03148841382442358,0.053627853729939,0.08869777840955859,0.0024285580842751363
Breast Cancer,2,Logistic Regression,Temperature scaled,Gaussian noise,0.0,1.2551740223624765,114,0.9649122807017544,0.9694030396786736,0.004490758976919196,0.038655445145247526,0.052325238476109176,0.08538445545884625,0.0024285580842751363
Breast Cancer,2,Logistic Regression,Raw,Gaussian noise,0.25,1.2551740223624765,114,0.956140350877193,0.9750040016797358,0.01886365080254282,0.036846568989073035,0.05911778534404906,0.09009899863091507,0.0021937040036387454
Breast Cancer,2,Logistic Regression,Temperature scaled,Gaussian noise,0.25,1.2551740223624765,114,0.956140350877193,0.9669951259670027,0.010854775089809698,0.03388651626004255,0.05658312940272026,0.08694475216326347,0.0021937040036387454
Breast Cancer,2,Logistic Regression,Raw,Gaussian noise,0.5,1.2551740223624765,114,0.956140350877193,0.966783086425086,0.010642735547893079,0.03682560212407441,0.07335336486923812,0.11667431249219333,0.003537171672189422
Breast Cancer,2,Logistic Regression,Temperature scaled,Gaussian noise,0.5,1.2551740223624765,114,0.956140350877193,0.9585653213579548,0.0024249704807618455,0.03502848261828601,0.07105530511075776,0.11072311130658559,0.003537171672189422
Breast Cancer,2,Logistic Regression,Raw,Gaussian noise,1.0,1.2551740223624765,114,0.9473684210526315,0.9695492589165423,0.022180837863910785,0.03600030579778781,0.09576564776935305,0.22923520147620305,0.013575575651555054
Breast Cancer,2,Logistic Regression,Temperature scaled,Gaussian noise,1.0,1.2551740223624765,114,0.9473684210526315,0.9587568962898693,0.011388475237237738,0.03675137780343628,0.09501808874756669,0.2021807542018595,0.013575575651555054
Breast Cancer,2,Logistic Regression,Raw,Gaussian noise,1.5,1.2551740223624765,114,0.8859649122807017,0.9371816026045157,0.05121669032381393,0.05121669032381401,0.14366965647149482,0.2079410501792906,0.014216719258111845
Breast Cancer,2,Logistic Regression,Temperature scaled,Gaussian noise,1.5,1.2551740223624765,114,0.8859649122807017,0.9249235003665661,0.03895858808586439,0.0638954164673112,0.13679992382059017,0.19630893170443794,0.014216719258111845
Breast Cancer,2,Logistic Regression,Raw,Gaussian noise,2.0,1.2551740223624765,114,0.8070175438596491,0.9811966357818437,0.1741790919221946,0.19611605941653293,0.3797502115466801,1.1217487573915117,0.06501447865388314
Breast Cancer,2,Logistic Regression,Temperature scaled,Gaussian noise,2.0,1.2551740223624765,114,0.8070175438596491,0.9735113900558564,0.16649384619620733,0.19078952123585494,0.37089083425345765,0.9067088905995806,0.06501447865388314
Breast Cancer,2,Logistic Regression,Raw,Feature masking,0.0,1.2551740223624765,114,0.9649122807017544,0.9777881062765414,0.012875825574787059,0.03148841382442358,0.053627853729939,0.08869777840955859,0.0024285580842751363
Breast Cancer,2,Logistic Regression,Temperature scaled,Feature masking,0.0,1.2551740223624765,114,0.9649122807017544,0.9694030396786736,0.004490758976919196,0.038655445145247526,0.052325238476109176,0.08538445545884625,0.0024285580842751363
Breast Cancer,2,Logistic Regression,Raw,Feature masking,0.1,1.2551740223624765,114,0.9736842105263158,0.9737598661484882,7.565562217237698e-05,0.03248071826440781,0.05228475174099882,0.09502248116232061,0.002680268297358497
Breast Cancer,2,Logistic Regression,Temperature scaled,Feature masking,0.1,1.2551740223624765,114,0.9736842105263158,0.9642517264912882,-0.00943248403502761,0.028341949687844398,0.052448233456817886,0.09265379065920508,0.002680268297358497
Breast Cancer,2,Logistic Regression,Raw,Feature masking,0.2,1.2551740223624765,114,0.956140350877193,0.9603835203412712,0.004243169464078211,0.009318346668127466,0.05862256741030189,0.09525517936653081,0.002625194400377723
Breast Cancer,2,Logistic Regression,Temperature scaled,Feature masking,0.2,1.2551740223624765,114,0.956140350877193,0.9483369276779197,-0.007803423199273296,0.04116919452762039,0.05858028353451532,0.09919376437671207,0.002625194400377723
Breast Cancer,2,Logistic Regression,Raw,Feature masking,0.3,1.2551740223624765,114,0.9824561403508771,0.9550510652111062,-0.027405075139770974,0.041654453879082384,0.03171460343858964,0.06322739772868848,0.0006353451092417802
Breast Cancer,2,Logistic Regression,Temperature scaled,Feature masking,0.3,1.2551740223624765,114,0.9824561403508771,0.9386750508586169,-0.04378108949226023,0.05465981433097086,0.03660885153354352,0.07949391454396453,0.0006353451092417802
Breast Cancer,2,Logistic Regression,Raw,Feature masking,0.4,1.2551740223624765,114,0.9473684210526315,0.9520822721360052,0.0047138510833736325,0.029477319026441164,0.07270509046092707,0.11662710831411265,0.004083913466515164
Breast Cancer,2,Logistic Regression,Temperature scaled,Feature masking,0.4,1.2551740223624765,114,0.9473684210526315,0.9345379761487798,-0.012830444903851768,0.04444005342147435,0.07255936131755927,0.12408914905319329,0.004083913466515164
Breast Cancer,2,Logistic Regression,Raw,Feature masking,0.5,1.2551740223624765,114,0.9473684210526315,0.942359814162776,-0.005008606889855494,0.03490235039617507,0.08746246935783349,0.15932435685859195,0.010169997896657365
Breast Cancer,2,Logistic Regression,Temperature scaled,Feature masking,0.5,1.2551740223624765,114,0.9473684210526315,0.9180236075392428,-0.02934481351338869,0.04297838908818798,0.0898554745495034,0.16753496748027386,0.010169997896657365
Breast Cancer,2,Random Forest,Raw,Gaussian noise,0.0,0.7110455582388786,114,0.9736842105263158,0.938813116123423,-0.03487109440289282,0.03487109440289267,0.053543499673787645,0.09800798712558659,0.002266141405288373
Breast Cancer,2,Random Forest,Temperature scaled,Gaussian noise,0.0,0.7110455582388786,114,0.9736842105263158,0.9588486536737498,-0.01483555685256599,0.025998818092960636,0.05010776814003194,0.08578142656839555,0.002266141405288373
Breast Cancer,2,Random Forest,Raw,Gaussian noise,0.25,0.7110455582388786,114,0.9473684210526315,0.9052852548035618,-0.042083166249069714,0.07337238930671384,0.07092468639097745,0.13300637810083912,0.0027919608076964753
Breast Cancer,2,Random Forest,Temperature scaled,Gaussian noise,0.25,0.7110455582388786,114,0.9473684210526315,0.9348993375212242,-0.012469083531407299,0.04573613875668893,0.063436572561876,0.1071965740600243,0.0027919608076964753
Breast Cancer,2,Random Forest,Raw,Gaussian noise,0.5,0.7110455582388786,114,0.9649122807017544,0.8486248120300665,-0.11628746867168793,0.12134761904762781,0.10528828018697539,0.20340738774978737,0.006308085598063124
Breast Cancer,2,Random Forest,Temperature scaled,Gaussian noise,0.5,0.7110455582388786,114,0.9649122807017544,0.8917791325142559,-0.0731331481874985,0.07313314818749854,0.08532532195852169,0.16145690093212026,0.006308085598063124
Breast Cancer,2,Random Forest,Raw,Gaussian noise,1.0,0.7110455582388786,114,0.9122807017543859,0.7480190476190389,-0.164261654135347,0.16426165413534707,0.20013527356486452,0.34749778937455017,0.02069564882240381
Breast Cancer,2,Random Forest,Temperature scaled,Gaussian noise,1.0,0.7110455582388786,114,0.9122807017543859,0.8027290708882356,-0.10955163086615027,0.11131015890164807,0.1691077372213145,0.2943174523625769,0.02069564882240381
Breast Cancer,2,Random Forest,Raw,Gaussian noise,1.5,0.7110455582388786,114,0.8245614035087719,0.673613575605681,-0.15094782790309091,0.15094782790309108,0.2991549362489556,0.4666109311881167,0.061509212003372574
Breast Cancer,2,Random Forest,Temperature scaled,Gaussian noise,1.5,0.7110455582388786,114,0.8245614035087719,0.7184647269871152,-0.10609667652165677,0.10609667652165673,0.2735735376339763,0.4269208788568051,0.061509212003372574
Breast Cancer,2,Random Forest,Raw,Gaussian noise,2.0,0.7110455582388786,114,0.7192982456140351,0.663154887218045,-0.05614335839599005,0.10202773600668336,0.36288063153757416,0.539896853529122,0.1376045575648102
Breast Cancer,2,Random Forest,Temperature scaled,Gaussian noise,2.0,0.7110455582388786,114,0.7192982456140351,0.7091683520909045,-0.01012989352313065,0.0671257675899241,0.35298030267761016,0.522678648873413,0.1376045575648102
Breast Cancer,2,Random Forest,Raw,Feature masking,0.0,0.7110455582388786,114,0.9736842105263158,0.938813116123423,-0.03487109440289282,0.03487109440289267,0.05354349967378764,0.09800798712558659,0.002266141405288373
Breast Cancer,2,Random Forest,Temperature scaled,Feature masking,0.0,0.7110455582388786,114,0.9736842105263158,0.9588486536737498,-0.01483555685256599,0.02599881809296063,0.050107768140031934,0.08578142656839552,0.002266141405288373
Breast Cancer,2,Random Forest,Raw,Feature masking,0.1,0.7110455582388786,114,0.9736842105263158,0.9096962406014424,-0.06398796992487343,0.0664173767753329,0.0649627822397263,0.13165551041531967,0.003505888932409492
Breast Cancer,2,Random Forest,Temperature scaled,Feature masking,0.1,0.7110455582388786,114,0.9736842105263158,0.9420189478711669,-0.03166526265514891,0.04378786986703062,0.05644819357731621,0.10601168934736153,0.003505888932409492
Breast Cancer,2,Random Forest,Raw,Feature masking,0.2,0.7110455582388786,114,0.9649122807017544,0.8703296992481114,-0.09458258145364296,0.09534156223893939,0.07915881123403745,0.16912950741032054,0.0026212294323632816
Breast Cancer,2,Random Forest,Temperature scaled,Feature masking,0.2,0.7110455582388786,114,0.9649122807017544,0.916135948279253,-0.048776332422501345,0.06615363645717744,0.06353222383044292,0.12443898746667714,0.0026212294323632816
Breast Cancer,2,Random Forest,Raw,Feature masking,0.3,0.7110455582388786,114,0.9736842105263158,0.8234073517126149,-0.1502768588137009,0.15027685881370087,0.1044240871162032,0.21923302168643488,0.002551244094550515
Breast Cancer,2,Random Forest,Temperature scaled,Feature masking,0.3,0.7110455582388786,114,0.9736842105263158,0.8767927447780078,-0.09689146574830798,0.09903548770262471,0.07534247014987364,0.1602356273181779,0.002551244094550515
Breast Cancer,2,Random Forest,Raw,Feature masking,0.4,0.7110455582388786,114,0.956140350877193,0.8213763993316626,-0.13476395154553034,0.1355626148705096,0.10904336060508413,0.2254875507719463,0.0031315729582506594
Breast Cancer,2,Random Forest,Temperature scaled,Feature masking,0.4,0.7110455582388786,114,0.956140350877193,0.8760324289712222,-0.08010792190597071,0.0993942383189607,0.08173676684012211,0.16682815435228274,0.0031315729582506594
Breast Cancer,2,Random Forest,Raw,Feature masking,0.5,0.7110455582388786,114,0.9385964912280702,0.763154344193818,-0.1754421470342522,0.17544214703425232,0.16651722894179893,0.3073957022486017,0.007995960480854302
Breast Cancer,2,Random Forest,Temperature scaled,Feature masking,0.5,0.7110455582388786,114,0.9385964912280702,0.8189810914204937,-0.11961539980757652,0.12598868912200326,0.13195822437816615,0.24615483481986158,0.007995960480854302
Breast Cancer,2,Gradient Boosting,Raw,Gaussian noise,0.0,1.410020757359065,114,0.9649122807017544,0.9805447003751042,0.01563241967334983,0.02492592415021371,0.0595588932258456,0.11233029856173508,0.002975885904737007
Breast Cancer,2,Gradient Boosting,Temperature scaled,Gaussian noise,0.0,1.410020757359065,114,0.9649122807017544,0.9659988207183203,0.00108654001656594,0.01811604449834594,0.05729929433541703,0.10226432585273286,0.002975885904737007
Breast Cancer,2,Gradient Boosting,Raw,Gaussian noise,0.25,1.410020757359065,114,0.9385964912280702,0.9738331672563325,0.035236676028262304,0.04574719791914869,0.0874237980344603,0.14003148221697534,0.00425017366128433
Breast Cancer,2,Gradient Boosting,Temperature scaled,Gaussian noise,0.25,1.410020757359065,114,0.9385964912280702,0.9559163435659636,0.01731985233789335,0.03203731092778751,0.08014422780501268,0.12814311819925403,0.00425017366128433
Breast Cancer,2,Gradient Boosting,Raw,Gaussian noise,0.5,1.410020757359065,114,0.9385964912280702,0.958722572235533,0.020126081007462826,0.042805206218428676,0.08950769753807389,0.17498842508737106,0.011171647273788438
Breast Cancer,2,Gradient Boosting,Temperature scaled,Gaussian noise,0.5,1.410020757359065,114,0.9385964912280702,0.9327165135987808,-0.005879977629289379,0.040188792003452115,0.09083890823586489,0.16724107434430502,0.011171647273788438
Breast Cancer,2,Gradient Boosting,Raw,Gaussian noise,1.0,1.410020757359065,114,0.868421052631579,0.9066185124178764,0.038197459786297405,0.0672212347941114,0.21011136692297064,0.36023391824809575,0.04682431189556924
Breast Cancer,2,Gradient Boosting,Temperature scaled,Gaussian noise,1.0,1.410020757359065,114,0.868421052631579,0.8664289398138098,-0.0019921128177692315,0.056267237844208055,0.20584337020571913,0.33505007176067886,0.04682431189556924
Breast Cancer,2,Gradient Boosting,Raw,Gaussian noise,1.5,1.410020757359065,114,0.7807017543859649,0.8744914918193663,0.09378973743340135,0.11480365354171343,0.32008834617555326,0.49255034533230213,0.08528667868992239
Breast Cancer,2,Gradient Boosting,Temperature scaled,Gaussian noise,1.5,1.410020757359065,114,0.7807017543859649,0.8276200148303287,0.04691826044436376,0.08214653772286834,0.3010579102029837,0.44932375067954533,0.08528667868992239
Breast Cancer,2,Gradient Boosting,Raw,Gaussian noise,2.0,1.410020757359065,114,0.7631578947368421,0.8512429177475487,0.08808502301070653,0.12538879688827023,0.33906680390652505,0.593633332008746,0.14382808775375033
Breast Cancer,2,Gradient Boosting,Temperature scaled,Gaussian noise,2.0,1.410020757359065,114,0.7631578947368421,0.8047208169240796,0.04156292218723745,0.08924692074543936,0.33062211961010446,0.5305580306664693,0.14382808775375033
Breast Cancer,2,Gradient Boosting,Raw,Feature masking,0.0,1.410020757359065,114,0.9649122807017544,0.9805447003751042,0.01563241967334983,0.02492592415021371,0.0595588932258456,0.11233029856173508,0.002975885904737007
Breast Cancer,2,Gradient Boosting,Temperature scaled,Feature masking,0.0,1.410020757359065,114,0.9649122807017544,0.9659988207183203,0.00108654001656594,0.01811604449834594,0.05729929433541703,0.10226432585273286,0.002975885904737007
Breast Cancer,2,Gradient Boosting,Raw,Feature masking,0.1,1.410020757359065,114,0.9649122807017544,0.975156788215936,0.0102445075141816,0.02666673385381843,0.06137601079542762,0.11805859596363295,0.0043447593147149105
Breast Cancer,2,Gradient Boosting,Temperature scaled,Feature masking,0.1,1.410020757359065,114,0.9649122807017544,0.9569966299104635,-0.007915650791290862,0.022272943854662827,0.060795233326177214,0.11222373325614021,0.0043447593147149105
Breast Cancer,2,Gradient Boosting,Raw,Feature masking,0.2,1.410020757359065,114,0.956140350877193,0.9626336923404684,0.006493341463275404,0.023805891830891893,0.07606147072227147,0.12457234798236588,0.004990168865640764
Breast Cancer,2,Gradient Boosting,Temperature scaled,Feature masking,0.2,1.410020757359065,114,0.956140350877193,0.9364124434959887,-0.019727907381204224,0.03123055081362746,0.07498195694767722,0.13028240065257382,0.004990168865640764
Breast Cancer,2,Gradient Boosting,Raw,Feature masking,0.3,1.410020757359065,114,0.9298245614035088,0.9272477835652578,-0.002576777838250943,0.03764010964726636,0.08827207394569561,0.1382072461820012,0.005854074177342399
Breast Cancer,2,Gradient Boosting,Temperature scaled,Feature masking,0.3,1.410020757359065,114,0.9298245614035088,0.8960070071872195,-0.03381755421628929,0.07334112538090685,0.09233162502100735,0.1599545480295646,0.005854074177342399
Breast Cancer,2,Gradient Boosting,Raw,Feature masking,0.4,1.410020757359065,114,0.9210526315789473,0.9454326483034107,0.024380016724463327,0.052966826977027,0.11859461033105037,0.18857426353943807,0.010032698442708477
Breast Cancer,2,Gradient Boosting,Temperature scaled,Feature masking,0.4,1.410020757359065,114,0.9210526315789473,0.9133555649715182,-0.007697066607429193,0.0548284146866079,0.11416425966443136,0.1886286931760483,0.010032698442708477
Breast Cancer,2,Gradient Boosting,Raw,Feature masking,0.5,1.410020757359065,114,0.8596491228070176,0.8827066231132386,0.023057500306221,0.0801361368705985,0.20851901277572524,0.3462884198203907,0.0414317750485063
Breast Cancer,2,Gradient Boosting,Temperature scaled,Feature masking,0.5,1.410020757359065,114,0.8596491228070176,0.8496636268379744,-0.00998549596904319,0.04092647053093802,0.20645687651747077,0.32808624673887415,0.0414317750485063
Breast Cancer,3,Logistic Regression,Raw,Gaussian noise,0.0,0.9008438847841291,114,0.9824561403508771,0.9708425767066863,-0.01161356364419086,0.03274081507054524,0.028421169010954015,0.0546425651937261,0.0009711511993068919
Breast Cancer,3,Logistic Regression,Temperature scaled,Gaussian noise,0.0,0.9008438847841291,114,0.9824561403508771,0.9749662521220765,-0.00748988822880059,0.023245841448670812,0.027599378119224836,0.052343360899738824,0.0009711511993068919
Breast Cancer,3,Logistic Regression,Raw,Gaussian noise,0.25,0.9008438847841291,114,0.9736842105263158,0.9681156294049067,-0.005568581121409122,0.030486660047988924,0.04334593023406348,0.07486047959708728,0.0015733980720289776
Breast Cancer,3,Logistic Regression,Temperature scaled,Gaussian noise,0.25,0.9008438847841291,114,0.9736842105263158,0.9720931415470048,-0.00159106897931105,0.031184237428364806,0.043240613149000344,0.0744560237476071,0.0015733980720289776
Breast Cancer,3,Logistic Regression,Raw,Gaussian noise,0.5,0.9008438847841291,114,0.9649122807017544,0.9684827056758214,0.00357042497406701,0.037733368756857455,0.0617007257616964,0.0970249658237857,0.002415256082338473
Breast Cancer,3,Logistic Regression,Temperature scaled,Gaussian noise,0.5,0.9008438847841291,114,0.9649122807017544,0.9727920122484347,0.007879731546680313,0.03645447211954938,0.0630389214581384,0.09886798032976742,0.002415256082338473
Breast Cancer,3,Logistic Regression,Raw,Gaussian noise,1.0,0.9008438847841291,114,0.9385964912280702,0.9715111517495943,0.03291466052152414,0.06490276331779299,0.11032202525813294,0.213650288966247,0.010224877262782577
Breast Cancer,3,Logistic Regression,Temperature scaled,Gaussian noise,1.0,0.9008438847841291,114,0.9385964912280702,0.9752195438241555,0.03662305259608534,0.06742097946325139,0.11160428486471058,0.22929637827328234,0.010224877262782577
Breast Cancer,3,Logistic Regression,Raw,Gaussian noise,1.5,0.9008438847841291,114,0.8859649122807017,0.9618167714768273,0.07585185919612558,0.09726540825826821,0.1579908338165398,0.38313663458221103,0.028872607283142455
Breast Cancer,3,Logistic Regression,Temperature scaled,Gaussian noise,1.5,0.9008438847841291,114,0.8859649122807017,0.9657096964319369,0.0797447841512352,0.09388544008496434,0.16046641470111844,0.4157989576838697,0.028872607283142455
Breast Cancer,3,Logistic Regression,Raw,Gaussian noise,2.0,0.9008438847841291,114,0.7982456140350878,0.959111267086303,0.16086565305121525,0.17380784934402366,0.34899181039442007,0.7993846359791386,0.05963657483042833
Breast Cancer,3,Logistic Regression,Temperature scaled,Gaussian noise,2.0,0.9008438847841291,114,0.7982456140350878,0.9637337077974197,0.16548809376233198,0.17795181768520346,0.3556668625163361,0.876761011359734,0.05963657483042833
Breast Cancer,3,Logistic Regression,Raw,Feature masking,0.0,0.9008438847841291,114,0.9824561403508771,0.9708425767066863,-0.01161356364419086,0.03274081507054524,0.028421169010954015,0.0546425651937261,0.0009711511993068919
Breast Cancer,3,Logistic Regression,Temperature scaled,Feature masking,0.0,0.9008438847841291,114,0.9824561403508771,0.9749662521220765,-0.00748988822880059,0.023245841448670812,0.027599378119224836,0.052343360899738824,0.0009711511993068919
Breast Cancer,3,Logistic Regression,Raw,Feature masking,0.1,0.9008438847841291,114,0.9912280701754386,0.959925026596441,-0.0313030435789976,0.04220280120405924,0.034705661178849614,0.06804357158445863,0.0013713620632456623
Breast Cancer,3,Logistic Regression,Temperature scaled,Feature masking,0.1,0.9008438847841291,114,0.9912280701754386,0.9647923057920118,-0.026435764383426763,0.03420959259735564,0.033105445970087174,0.06479869090254221,0.0013713620632456623
Breast Cancer,3,Logistic Regression,Raw,Feature masking,0.2,0.9008438847841291,114,0.9736842105263158,0.9610206691587476,-0.012663541367568198,0.040048598493166956,0.03842496144296413,0.07180492047232001,0.0015037701734537108
Breast Cancer,3,Logistic Regression,Temperature scaled,Feature masking,0.2,0.9008438847841291,114,0.9736842105263158,0.966870582259531,-0.006813628266784777,0.03463750676991629,0.03770395168834932,0.06827142714894047,0.0015037701734537108
Breast Cancer,3,Logistic Regression,Raw,Feature masking,0.3,0.9008438847841291,114,0.9649122807017544,0.9319193242838241,-0.03299295641793032,0.039899328089308995,0.06871469918345238,0.1198889904342257,0.0043113248945817455
Breast Cancer,3,Logistic Regression,Temperature scaled,Feature masking,0.3,0.9008438847841291,114,0.9649122807017544,0.9389573955110772,-0.025954885190677235,0.05006589267180292,0.06697591240623017,0.11590277339244236,0.0043113248945817455
Breast Cancer,3,Logistic Regression,Raw,Feature masking,0.4,0.9008438847841291,114,0.9649122807017544,0.9430593382732528,-0.021852942428501554,0.03928361695602895,0.06241620714951344,0.11226613307023123,0.0033625275947288848
Breast Cancer,3,Logistic Regression,Temperature scaled,Feature masking,0.4,0.9008438847841291,114,0.9649122807017544,0.9514104839746191,-0.013501796727135251,0.039038723736043855,0.06172334435749591,0.10810326558771634,0.0033625275947288848
Breast Cancer,3,Logistic Regression,Raw,Feature masking,0.5,0.9008438847841291,114,0.9210526315789473,0.9097389797833243,-0.011313651795623048,0.056440300195514034,0.08972388424234362,0.15171939256024766,0.006173996652289985
Breast Cancer,3,Logistic Regression,Temperature scaled,Feature masking,0.5,0.9008438847841291,114,0.9210526315789473,0.9192226598968497,-0.001829971682097642,0.05384329476912987,0.08839145596788106,0.14555389190753787,0.006173996652289985
Breast Cancer,3,Random Forest,Raw,Gaussian noise,0.0,2.087539042796967,114,0.9649122807017544,0.9436765246446562,-0.021235756057098154,0.038722305764121466,0.06353296999960217,0.11868640707346371,0.004871697832906611
Breast Cancer,3,Random Forest,Temperature scaled,Gaussian noise,0.0,2.087539042796967,114,0.9649122807017544,0.8678418758052379,-0.09707040489651653,0.09707040489651664,0.09258553290237295,0.18062217053058627,0.004871697832906611
Breast Cancer,3,Random Forest,Raw,Gaussian noise,0.25,2.087539042796967,114,0.9649122807017544,0.9181029100527782,-0.04680937064897617,0.046809370648975945,0.07496354542392135,0.15251378207498686,0.009984562230788476
Breast Cancer,3,Random Forest,Temperature scaled,Gaussian noise,0.25,2.087539042796967,114,0.9649122807017544,0.8178905325751633,-0.14702174812659108,0.14702174812659105,0.12479624417321272,0.24301977720736825,0.009984562230788476
Breast Cancer,3,Random Forest,Raw,Gaussian noise,0.5,2.087539042796967,114,0.9385964912280702,0.8535040239487258,-0.08509246727934439,0.10059285714289223,0.10401485010193032,0.20029067600330006,0.005182560842119172
Breast Cancer,3,Random Forest,Temperature scaled,Gaussian noise,0.5,2.087539042796967,114,0.9385964912280702,0.7346463210909273,-0.2039501701371429,0.21274275013203983,0.1831169273057085,0.3357193881855802,0.005182560842119172
Breast Cancer,3,Random Forest,Raw,Gaussian noise,1.0,2.087539042796967,114,0.8947368421052632,0.7470362851573292,-0.14770055694793394,0.14770055694793413,0.2177862993859428,0.36178761518579977,0.031085066920402773
Breast Cancer,3,Random Forest,Temperature scaled,Gaussian noise,1.0,2.087539042796967,114,0.8947368421052632,0.6459090138445608,-0.24882782826070238,0.2488278282607023,0.2970607863233143,0.4741465394367393,0.031085066920402773
Breast Cancer,3,Random Forest,Raw,Gaussian noise,1.5,2.087539042796967,114,0.7807017543859649,0.694315984405458,-0.08638576998050684,0.12805792258423837,0.31203675911135864,0.4781526434547042,0.0862266657608155
Breast Cancer,3,Random Forest,Temperature scaled,Gaussian noise,1.5,2.087539042796967,114,0.7807017543859649,0.6067369142405742,-0.1739648401453907,0.1739648401453907,0.3689235134074851,0.5546313258813412,0.0862266657608155
Breast Cancer,3,Random Forest,Raw,Gaussian noise,2.0,2.087539042796967,114,0.6842105263157895,0.6556909635199109,-0.02851956279587864,0.06094150654413809,0.39319308461060065,0.5724508243987287,0.17429779116614638
Breast Cancer,3,Random Forest,Temperature scaled,Gaussian noise,2.0,2.087539042796967,114,0.6842105263157895,0.5817652843273509,-0.10244524198843863,0.1024452419884386,0.4230238079434124,0.612889322268764,0.17429779116614638
Breast Cancer,3,Random Forest,Raw,Feature masking,0.0,2.087539042796967,114,0.9649122807017544,0.9436765246446562,-0.021235756057098154,0.038722305764121466,0.06353296999960217,0.11868640707346371,0.004871697832906611
Breast Cancer,3,Random Forest,Temperature scaled,Feature masking,0.0,2.087539042796967,114,0.9649122807017544,0.8678418758052379,-0.09707040489651653,0.09707040489651664,0.09258553290237295,0.18062217053058627,0.004871697832906611
Breast Cancer,3,Random Forest,Raw,Feature masking,0.1,2.087539042796967,114,0.9649122807017544,0.9296315232524441,-0.03528075744931025,0.04661642996392989,0.06988791195148365,0.13904510205546192,0.00826012684089301
Breast Cancer,3,Random Forest,Temperature scaled,Feature masking,0.1,2.087539042796967,114,0.9649122807017544,0.8277374253043428,-0.1371748553974116,0.14006924754226532,0.1135539967256057,0.22898202681909927,0.00826012684089301
Breast Cancer,3,Random Forest,Raw,Feature masking,0.2,2.087539042796967,114,0.9649122807017544,0.9036755082149468,-0.06123677248680759,0.061236772486807596,0.07543784063125185,0.15729779337403682,0.00861821996181207
Breast Cancer,3,Random Forest,Temperature scaled,Feature masking,0.2,2.087539042796967,114,0.9649122807017544,0.7808348034462199,-0.18407747725553447,0.18407747725553433,0.140751032388252,0.28078821693606254,0.00861821996181207
Breast Cancer,3,Random Forest,Raw,Feature masking,0.3,2.087539042796967,114,0.9649122807017544,0.8818026037315513,-0.0831096769702031,0.08310967697020331,0.09636271435604003,0.19420776290695702,0.014224192397709313
Breast Cancer,3,Random Forest,Temperature scaled,Feature masking,0.3,2.087539042796967,114,0.9649122807017544,0.751205039651586,-0.21370724105016836,0.2137072410501684,0.16912800330157682,0.3235359991714004,0.014224192397709313
Breast Cancer,3,Random Forest,Raw,Feature masking,0.4,2.087539042796967,114,0.9473684210526315,0.8477632971317183,-0.09960512392091325,0.10056201615148977,0.12274744604960373,0.23499483264076904,0.017613919430470533
Breast Cancer,3,Random Forest,Temperature scaled,Feature masking,0.4,2.087539042796967,114,0.9473684210526315,0.7186429910378824,-0.2287254300147491,0.22872543001474904,0.20367748019062862,0.3679230946852321,0.017613919430470533
Breast Cancer,3,Random Forest,Raw,Feature masking,0.5,2.087539042796967,114,0.9473684210526315,0.8238360345307714,-0.12353238652186016,0.12353238652186019,0.14050511823465184,0.2645955585087047,0.02187095367922669
Breast Cancer,3,Random Forest,Temperature scaled,Feature masking,0.5,2.087539042796967,114,0.9473684210526315,0.6953385234496443,-0.2520298976029872,0.2520298976029872,0.2286708603928604,0.4001491919159598,0.02187095367922669
Breast Cancer,3,Gradient Boosting,Raw,Gaussian noise,0.0,1.826481998916538,114,0.9649122807017544,0.9861459200986907,0.021233639396936344,0.03232204997319569,0.06584750159877832,0.12435365973468161,0.003667785034720166
Breast Cancer,3,Gradient Boosting,Temperature scaled,Gaussian noise,0.0,1.826481998916538,114,0.9649122807017544,0.9464383685193514,-0.01847391218240302,0.0493318483274616,0.06184471904318913,0.11788383627781313,0.003667785034720166
Breast Cancer,3,Gradient Boosting,Raw,Gaussian noise,0.25,1.826481998916538,114,0.9736842105263158,0.9799787872899791,0.0062945767636632954,0.03193949743582445,0.057209979426641744,0.11774774144551935,0.004323661975615191
Breast Cancer,3,Gradient Boosting,Temperature scaled,Gaussian noise,0.25,1.826481998916538,114,0.9736842105263158,0.934522641547844,-0.039161568978471784,0.039161568978471756,0.06070935735147156,0.12418117781518755,0.004323661975615191
Breast Cancer,3,Gradient Boosting,Raw,Gaussian noise,0.5,1.826481998916538,114,0.9385964912280702,0.9500122524415261,0.011415761213455888,0.0379160328488391,0.08709598453009922,0.14108615547044165,0.006396501996692658
Breast Cancer,3,Gradient Boosting,Temperature scaled,Gaussian noise,0.5,1.826481998916538,114,0.9385964912280702,0.8932123526999682,-0.04538413852810197,0.06335413116677555,0.09188802098659868,0.1690405506908167,0.006396501996692658
Breast Cancer,3,Gradient Boosting,Raw,Gaussian noise,1.0,1.826481998916538,114,0.868421052631579,0.9086118093906291,0.04019075675905015,0.08271469160926698,0.21126462818099917,0.3345378675731914,0.03979753073303541
Breast Cancer,3,Gradient Boosting,Temperature scaled,Gaussian noise,1.0,1.826481998916538,114,0.868421052631579,0.8343913829496952,-0.03402966968188381,0.10431534504374375,0.20346893051917012,0.3210713486528977,0.03979753073303541
Breast Cancer,3,Gradient Boosting,Raw,Gaussian noise,1.5,1.826481998916538,114,0.7280701754385965,0.876886730097348,0.14881655465875143,0.15749326573215508,0.3953549906900215,0.6444497969279432,0.12454795617439444
Breast Cancer,3,Gradient Boosting,Temperature scaled,Gaussian noise,1.5,1.826481998916538,114,0.7280701754385965,0.7934587292962153,0.06538855385761877,0.08967389362100121,0.35327233686876236,0.5216016946459575,0.12454795617439444
Breast Cancer,3,Gradient Boosting,Raw,Gaussian noise,2.0,1.826481998916538,114,0.631578947368421,0.8683866685881833,0.23680772121976223,0.24954710627886248,0.5390245150735065,0.8957779235690629,0.2082845846261794
Breast Cancer,3,Gradient Boosting,Temperature scaled,Gaussian noise,2.0,1.826481998916538,114,0.631578947368421,0.7806732166179814,0.14909426924956037,0.15994805947837398,0.4668727186242392,0.6691175841857828,0.2082845846261794
Breast Cancer,3,Gradient Boosting,Raw,Feature masking,0.0,1.826481998916538,114,0.9649122807017544,0.9861459200986907,0.021233639396936344,0.03232204997319569,0.06584750159877832,0.12435365973468161,0.003667785034720166
Breast Cancer,3,Gradient Boosting,Temperature scaled,Feature masking,0.0,1.826481998916538,114,0.9649122807017544,0.9464383685193514,-0.01847391218240302,0.0493318483274616,0.06184471904318913,0.11788383627781313,0.003667785034720166
Breast Cancer,3,Gradient Boosting,Raw,Feature masking,0.1,1.826481998916538,114,0.956140350877193,0.9791480526738531,0.02300770179666012,0.04047913337316408,0.08013931395719029,0.15759746914633443,0.006515718659886685
Breast Cancer,3,Gradient Boosting,Temperature scaled,Feature masking,0.1,1.826481998916538,114,0.956140350877193,0.9352512925025243,-0.0208890583746687,0.03690345744193716,0.0763907507101582,0.14486714576924153,0.006515718659886685
Breast Cancer,3,Gradient Boosting,Raw,Feature masking,0.2,1.826481998916538,114,0.9649122807017544,0.973757606001259,0.008845325299504658,0.024135838045463206,0.05816657153676452,0.112665078849814,0.006097871414706976
Breast Cancer,3,Gradient Boosting,Temperature scaled,Feature masking,0.2,1.826481998916538,114,0.9649122807017544,0.9211776158250294,-0.04373466487672495,0.059779144831536714,0.06279952130686554,0.13299342831173708,0.006097871414706976
Breast Cancer,3,Gradient Boosting,Raw,Feature masking,0.3,1.826481998916538,114,0.9473684210526315,0.9583977170406885,0.01102929598805702,0.03187341952358809,0.08660942434630745,0.17167285453210077,0.010782164330450292
Breast Cancer,3,Gradient Boosting,Temperature scaled,Feature masking,0.3,1.826481998916538,114,0.9473684210526315,0.9018509757299289,-0.04551744532270263,0.06859508554729274,0.09419594365146834,0.17960005369122575,0.010782164330450292
Breast Cancer,3,Gradient Boosting,Raw,Feature masking,0.4,1.826481998916538,114,0.9385964912280702,0.9586953022040741,0.020098810976003856,0.05651924308686378,0.09694681696481183,0.2214140395578757,0.02793666192672725
Breast Cancer,3,Gradient Boosting,Temperature scaled,Feature masking,0.4,1.826481998916538,114,0.9385964912280702,0.8894659161153657,-0.04913057511270447,0.07108980582411664,0.10954100569298521,0.2200096952647396,0.02793666192672725
Breast Cancer,3,Gradient Boosting,Raw,Feature masking,0.5,1.826481998916538,114,0.9385964912280702,0.9363270269154074,-0.002269464312662839,0.029412017597108035,0.09307709527414096,0.17660760822012758,0.015664409775510382
Breast Cancer,3,Gradient Boosting,Temperature scaled,Feature masking,0.5,1.826481998916538,114,0.9385964912280702,0.8612434542760645,-0.07735303695200568,0.0866567024426697,0.1109000845927167,0.2167161395853408,0.015664409775510382
Breast Cancer,4,Logistic Regression,Raw,Gaussian noise,0.0,1.5348696868028555,114,0.9736842105263158,0.9816401188186871,0.00795590829237125,0.02177683224624364,0.04386896258091215,0.078361612112722,0.0018962923525240082
Breast Cancer,4,Logistic Regression,Temperature scaled,Gaussian noise,0.0,1.5348696868028555,114,0.9736842105263158,0.9606766657120965,-0.013007544814219285,0.033701969167547995,0.04415991572142445,0.08148158855460942,0.0018962923525240082
Breast Cancer,4,Logistic Regression,Raw,Gaussian noise,0.25,1.5348696868028555,114,0.9736842105263158,0.9810795078684847,0.007395297342168927,0.021955975257624282,0.03966234293644662,0.06731007045990572,0.0013196563398807696
Breast Cancer,4,Logistic Regression,Temperature scaled,Gaussian noise,0.25,1.5348696868028555,114,0.9736842105263158,0.960437852794798,-0.013246357731517833,0.03248794737947925,0.03970521770468758,0.07418036017477486,0.0013196563398807696
Breast Cancer,4,Logistic Regression,Raw,Gaussian noise,0.5,1.5348696868028555,114,0.9649122807017544,0.9742289988899118,0.00931671818815738,0.01725106895394006,0.05087133696264014,0.1032647666061841,0.004074173866238036
Breast Cancer,4,Logistic Regression,Temperature scaled,Gaussian noise,0.5,1.5348696868028555,114,0.9649122807017544,0.9521587170709823,-0.012753563630772069,0.027177484718653038,0.05319935008979988,0.10256382990786038,0.004074173866238036
Breast Cancer,4,Logistic Regression,Raw,Gaussian noise,1.0,1.5348696868028555,114,0.9385964912280702,0.9665948952214556,0.02799840399338538,0.04463287643865888,0.0885194081327196,0.1594641905504281,0.008179744444650368
Breast Cancer,4,Logistic Regression,Temperature scaled,Gaussian noise,1.0,1.5348696868028555,114,0.9385964912280702,0.9439874685074429,0.005390977279372655,0.0362077557568096,0.08588919120726475,0.14348159443428424,0.008179744444650368
Breast Cancer,4,Logistic Regression,Raw,Gaussian noise,1.5,1.5348696868028555,114,0.868421052631579,0.9569329941002721,0.08851194146869312,0.11704052707620248,0.22567959077009817,0.4732181514565804,0.02919364730301403
Breast Cancer,4,Logistic Regression,Temperature scaled,Gaussian noise,1.5,1.5348696868028555,114,0.868421052631579,0.9358941825853637,0.06747312995378474,0.08931271455552348,0.21008562732379926,0.3513934047573732,0.02919364730301403
Breast Cancer,4,Logistic Regression,Raw,Gaussian noise,2.0,1.5348696868028555,114,0.8245614035087719,0.961575464951136,0.13701406144236405,0.15318659137921514,0.30991725727024083,1.0304000943276577,0.07101319109204011
Breast Cancer,4,Logistic Regression,Temperature scaled,Gaussian noise,2.0,1.5348696868028555,114,0.8245614035087719,0.9428503662511114,0.11828896274233947,0.1375516423446768,0.2934037028869481,0.7097030464564216,0.07101319109204011
Breast Cancer,4,Logistic Regression,Raw,Feature masking,0.0,1.5348696868028555,114,0.9736842105263158,0.9816401188186871,0.00795590829237125,0.02177683224624364,0.04386896258091215,0.078361612112722,0.0018962923525240082
Breast Cancer,4,Logistic Regression,Temperature scaled,Feature masking,0.0,1.5348696868028555,114,0.9736842105263158,0.9606766657120965,-0.013007544814219285,0.033701969167547995,0.04415991572142445,0.08148158855460942,0.0018962923525240082
Breast Cancer,4,Logistic Regression,Raw,Feature masking,0.1,1.5348696868028555,114,0.9824561403508771,0.9730576994713726,-0.009398440879504588,0.02350161660325125,0.04089403001266644,0.07228600464847804,0.0017023996580493388
Breast Cancer,4,Logistic Regression,Temperature scaled,Feature masking,0.1,1.5348696868028555,114,0.9824561403508771,0.9496542010947155,-0.032801939256161594,0.04048917335984874,0.04404502752951784,0.08427269221320428,0.0017023996580493388
Breast Cancer,4,Logistic Regression,Raw,Feature masking,0.2,1.5348696868028555,114,0.956140350877193,0.9584845675060445,0.0023442166288515365,0.05182946014033573,0.06675047854423675,0.10991722746570103,0.004077014604080073
Breast Cancer,4,Logistic Regression,Temperature scaled,Feature masking,0.2,1.5348696868028555,114,0.956140350877193,0.927280149759014,-0.028860201118178996,0.05808243580719322,0.07000351585245951,0.12434294791291679,0.004077014604080073
Breast Cancer,4,Logistic Regression,Raw,Feature masking,0.3,1.5348696868028555,114,0.9736842105263158,0.9568397704163008,-0.01684444011001507,0.038580541915439345,0.04861940744764621,0.08400240348669377,0.0015499457913921092
Breast Cancer,4,Logistic Regression,Temperature scaled,Feature masking,0.3,1.5348696868028555,114,0.9736842105263158,0.9235292046557229,-0.05015500587059296,0.05705171345986021,0.05598294712724574,0.1103027744787769,0.0015499457913921092
Breast Cancer,4,Logistic Regression,Raw,Feature masking,0.4,1.5348696868028555,114,0.9473684210526315,0.9483741065283047,0.001005685475673146,0.044974784186389914,0.0791655492141273,0.12950651159629278,0.005399180249633477
Breast Cancer,4,Logistic Regression,Temperature scaled,Feature masking,0.4,1.5348696868028555,114,0.9473684210526315,0.9097823659973436,-0.03758605505528789,0.06937232882889788,0.0832049494901252,0.14965120282657834,0.005399180249633477
Breast Cancer,4,Logistic Regression,Raw,Feature masking,0.5,1.5348696868028555,114,0.9385964912280702,0.9168333792990404,-0.0217631119290298,0.04017455146881302,0.1056072517104704,0.17429382740983787,0.008837153918984339
Breast Cancer,4,Logistic Regression,Temperature scaled,Feature masking,0.5,1.5348696868028555,114,0.9385964912280702,0.8668938729922513,-0.07170261823581892,0.09026173251785623,0.1157825043953523,0.2064640557071731,0.008837153918984339
Breast Cancer,4,Random Forest,Raw,Gaussian noise,0.0,1.0315983717890045,114,0.9122807017543859,0.934178195488371,0.021897493733985085,0.04482859927561717,0.08682857188358906,0.13970283806682626,0.00654121536723657
Breast Cancer,4,Random Forest,Temperature scaled,Gaussian noise,0.0,1.0315983717890045,114,0.9122807017543859,0.9321577276109279,0.01987702585654194,0.0469832724574511,0.08683127509218916,0.14021872984396874,0.00654121536723657
Breast Cancer,4,Random Forest,Raw,Gaussian noise,0.25,1.0315983717890045,114,0.9473684210526315,0.8995798384849351,-0.04778858256769647,0.06669908103608987,0.07890424645255113,0.14130948486412795,0.0037459293723324312
Breast Cancer,4,Random Forest,Temperature scaled,Gaussian noise,0.25,1.0315983717890045,114,0.9473684210526315,0.8966612142725473,-0.050707206780084224,0.06910378696931113,0.07998693284275105,0.14414447750704876,0.0037459293723324312
Breast Cancer,4,Random Forest,Raw,Gaussian noise,0.5,1.0315983717890045,114,0.9473684210526315,0.8545606655527445,-0.09280775549988707,0.1205114592035907,0.09964557135294143,0.1927095302528982,0.00462394444802667
Breast Cancer,4,Random Forest,Temperature scaled,Gaussian noise,0.5,1.0315983717890045,114,0.9473684210526315,0.8503576024670924,-0.09701081858553917,0.12467208897526105,0.10190259403189171,0.1972048766972275,0.00462394444802667
Breast Cancer,4,Random Forest,Raw,Gaussian noise,1.0,1.0315983717890045,114,0.8771929824561403,0.7316667641325537,-0.1455262183235866,0.16280566694514068,0.22063551450712318,0.3734539987074866,0.028633336801761784
Breast Cancer,4,Random Forest,Temperature scaled,Gaussian noise,1.0,1.0315983717890045,114,0.8771929824561403,0.7269694925398791,-0.15022348991626122,0.16338865017664622,0.22395498183298249,0.37837781027792344,0.028633336801761784
Breast Cancer,4,Random Forest,Raw,Gaussian noise,1.5,1.0315983717890045,114,0.8245614035087719,0.7032146616541354,-0.12134674185463656,0.19444902534113062,0.2682819262902848,0.43526444435901884,0.05990770258773397
Breast Cancer,4,Random Forest,Temperature scaled,Gaussian noise,1.5,1.0315983717890045,114,0.8245614035087719,0.698615067499672,-0.1259463360091,0.19076168916092054,0.2712970755422423,0.43944586732485585,0.05990770258773397
Breast Cancer,4,Random Forest,Raw,Gaussian noise,2.0,1.0315983717890045,114,0.8157894736842105,0.6570508493455862,-0.1587386243386243,0.15873862433862423,0.3269309896721522,0.5049705640400621,0.09290811191725688
Breast Cancer,4,Random Forest,Temperature scaled,Gaussian noise,2.0,1.0315983717890045,114,0.8157894736842105,0.6531450548508148,-0.16264441883339575,0.1626444188333957,0.3295770961966396,0.5083821397413275,0.09281479351486795
Breast Cancer,4,Random Forest,Raw,Feature masking,0.0,1.0315983717890045,114,0.9122807017543859,0.934178195488371,0.021897493733985085,0.044828599275617165,0.08682857188358904,0.13970283806682623,0.00654121536723657
Breast Cancer,4,Random Forest,Temperature scaled,Feature masking,0.0,1.0315983717890045,114,0.9122807017543859,0.932157727610928,0.019877025856542052,0.0469832724574511,0.08683127509218914,0.14021872984396874,0.00654121536723657
Breast Cancer,4,Random Forest,Raw,Feature masking,0.1,1.0315983717890045,114,0.9298245614035088,0.9038395572262853,-0.025985004177223492,0.06160302144260909,0.09542343888190494,0.17117066857635718,0.010075706041253352
Breast Cancer,4,Random Forest,Temperature scaled,Feature masking,0.1,1.0315983717890045,114,0.9298245614035088,0.9004081686595047,-0.029416392744004094,0.06945599721619777,0.09618260920897115,0.17337622678241232,0.010075706041253352
Breast Cancer,4,Random Forest,Raw,Feature masking,0.2,1.0315983717890045,114,0.9122807017543859,0.8717599415204328,-0.040520760233953124,0.08014473684214035,0.1129356138031587,0.2040825562128207,0.00853373913184378
Breast Cancer,4,Random Forest,Temperature scaled,Feature masking,0.2,1.0315983717890045,114,0.9122807017543859,0.8672164482795626,-0.045064253474823346,0.09594534127510458,0.11425602866029425,0.2077680512824836,0.00853373913184378
Breast Cancer,4,Random Forest,Raw,Feature masking,0.3,1.0315983717890045,114,0.9122807017543859,0.8605322055137845,-0.051748496240601405,0.09896679197994984,0.1063209203210407,0.2015513776161765,0.008919395003284505
Breast Cancer,4,Random Forest,Temperature scaled,Feature masking,0.3,1.0315983717890045,114,0.9122807017543859,0.8557599402608038,-0.056520761493582095,0.10175028300861651,0.10800626320337066,0.20597484081091458,0.008919395003284505
Breast Cancer,4,Random Forest,Raw,Feature masking,0.4,1.0315983717890045,114,0.9122807017543859,0.8189670008354043,-0.09331370091898161,0.0933137009189816,0.15342770279808873,0.27965136625892517,0.022914908790295115
Breast Cancer,4,Random Forest,Temperature scaled,Feature masking,0.4,1.0315983717890045,114,0.9122807017543859,0.8135820490713181,-0.09869865268306777,0.10758922734391285,0.1557703887108914,0.28419064504806246,0.022914908790295115
Breast Cancer,4,Random Forest,Raw,Feature masking,0.5,1.0315983717890045,114,0.9035087719298246,0.7721813561681984,-0.1313274157616262,0.13248764967975493,0.17818674535204854,0.31953282383283715,0.01752943699327586
Breast Cancer,4,Random Forest,Temperature scaled,Feature masking,0.5,1.0315983717890045,114,0.9035087719298246,0.7667934990413962,-0.13671527288842844,0.14509922117172758,0.1814353281440117,0.32497820636084856,0.01752943699327586
Breast Cancer,4,Gradient Boosting,Raw,Gaussian noise,0.0,1.5355925179302203,114,0.956140350877193,0.9699423928491248,0.0138020419719318,0.04220507617099124,0.06937778031121451,0.12548074917251856,0.004079125949133573
Breast Cancer,4,Gradient Boosting,Temperature scaled,Gaussian noise,0.0,1.5355925179302203,114,0.956140350877193,0.949402340237062,-0.006738010640130909,0.03044400222956468,0.0682831498342727,0.11761167176151321,0.004079125949133573
Breast Cancer,4,Gradient Boosting,Raw,Gaussian noise,0.25,1.5355925179302203,114,0.9473684210526315,0.9553225485833168,0.007954127530685251,0.04657272335469048,0.06517209079644604,0.10880044310853004,0.0035572212579353325
Breast Cancer,4,Gradient Boosting,Temperature scaled,Gaussian noise,0.25,1.5355925179302203,114,0.9473684210526315,0.9285872439260603,-0.018781177126571236,0.0390177621786058,0.06806866602558187,0.12036834997165421,0.0035572212579353325
Breast Cancer,4,Gradient Boosting,Raw,Gaussian noise,0.5,1.5355925179302203,114,0.956140350877193,0.9512544238219527,-0.004885927055240269,0.029709446164573307,0.07711847416810974,0.15023460608323672,0.009685947862641911
Breast Cancer,4,Gradient Boosting,Temperature scaled,Gaussian noise,0.5,1.5355925179302203,114,0.956140350877193,0.91457671690659,-0.04156363397060292,0.05429168008371058,0.08416003515547715,0.15970797157877162,0.009685947862641911
Breast Cancer,4,Gradient Boosting,Raw,Gaussian noise,1.0,1.5355925179302203,114,0.8771929824561403,0.9081698088902973,0.030976826434157,0.053999395001107856,0.18872191914815034,0.31402927747404685,0.03849411486860432
Breast Cancer,4,Gradient Boosting,Temperature scaled,Gaussian noise,1.0,1.5355925179302203,114,0.8771929824561403,0.8546517397284339,-0.022541242727706412,0.04536437292875164,0.18619540266878085,0.3054831091186846,0.03849411486860432
Breast Cancer,4,Gradient Boosting,Raw,Gaussian noise,1.5,1.5355925179302203,114,0.8245614035087719,0.8956833531845536,0.07112194967578167,0.07958757031948084,0.23920540699872306,0.45207314586556824,0.10777941296436995
Breast Cancer,4,Gradient Boosting,Temperature scaled,Gaussian noise,1.5,1.5355925179302203,114,0.8245614035087719,0.8405663972912364,0.01600499378246445,0.09902117719542874,0.23404343246289727,0.4027346865230998,0.10777941296436995
Breast Cancer,4,Gradient Boosting,Raw,Gaussian noise,2.0,1.5355925179302203,114,0.7456140350877193,0.8520693553457037,0.10645532025798443,0.12733804800714965,0.3844669356728373,0.6371071919799179,0.15898471735110442
Breast Cancer,4,Gradient Boosting,Temperature scaled,Gaussian noise,2.0,1.5355925179302203,114,0.7456140350877193,0.7893808212295296,0.04376678614181029,0.07643487222498813,0.36216090399792644,0.5542633519731304,0.15898471735110442
Breast Cancer,4,Gradient Boosting,Raw,Feature masking,0.0,1.5355925179302203,114,0.956140350877193,0.9699423928491248,0.0138020419719318,0.04220507617099124,0.06937778031121451,0.12548074917251856,0.004079125949133573
Breast Cancer,4,Gradient Boosting,Temperature scaled,Feature masking,0.0,1.5355925179302203,114,0.956140350877193,0.949402340237062,-0.006738010640130909,0.03044400222956468,0.0682831498342727,0.11761167176151321,0.004079125949133573
Breast Cancer,4,Gradient Boosting,Raw,Feature masking,0.1,1.5355925179302203,114,0.9473684210526315,0.9660631334952774,0.018694712442645867,0.04242758618687891,0.08029865326022484,0.13878569840246974,0.005649498182259903
Breast Cancer,4,Gradient Boosting,Temperature scaled,Feature masking,0.1,1.5355925179302203,114,0.9473684210526315,0.9398979997620488,-0.007470421290582729,0.03866111215681991,0.0778635901651493,0.13387849975755603,0.005649498182259903
Breast Cancer,4,Gradient Boosting,Raw,Feature masking,0.2,1.5355925179302203,114,0.9385964912280702,0.9557145801791987,0.01711808895112854,0.04151242695597747,0.08870324410634017,0.1634264422643899,0.007963971208214259
Breast Cancer,4,Gradient Boosting,Temperature scaled,Feature masking,0.2,1.5355925179302203,114,0.9385964912280702,0.9242516987201346,-0.014344792507935633,0.029818439786324508,0.09070684744411342,0.1606063669318471,0.007963971208214259
Breast Cancer,4,Gradient Boosting,Raw,Feature masking,0.3,1.5355925179302203,114,0.9649122807017544,0.9566351561245098,-0.00827712457724461,0.04725397060126582,0.0779334868792987,0.15960233369381574,0.009089812238793692
Breast Cancer,4,Gradient Boosting,Temperature scaled,Feature masking,0.3,1.5355925179302203,114,0.9649122807017544,0.9252370297910802,-0.03967525091067414,0.044130760716395,0.08318943617164538,0.1574309572913938,0.009089812238793692
Breast Cancer,4,Gradient Boosting,Raw,Feature masking,0.4,1.5355925179302203,114,0.9298245614035088,0.941724366901665,0.01189980549815628,0.05223011177011576,0.13319196237913183,0.22590269232842997,0.015592291935589857
Breast Cancer,4,Gradient Boosting,Temperature scaled,Feature masking,0.4,1.5355925179302203,114,0.9298245614035088,0.9003747606192596,-0.02944980078424919,0.05766830381154414,0.13101484798238944,0.2185397636885847,0.015592291935589857
Breast Cancer,4,Gradient Boosting,Raw,Feature masking,0.5,1.5355925179302203,114,0.9210526315789473,0.9120214030659529,-0.009031228512994427,0.03801103590194733,0.12336143045811095,0.19802250705300856,0.012802621198387912
Breast Cancer,4,Gradient Boosting,Temperature scaled,Feature masking,0.5,1.5355925179302203,114,0.9210526315789473,0.8608677506632004,-0.06018488091574692,0.06356360116720584,0.13038460180765946,0.22543801243549158,0.012802621198387912
Breast Cancer,5,Logistic Regression,Raw,Gaussian noise,0.0,0.3024847722559437,114,0.9824561403508771,0.9578550945757055,-0.024601045775171637,0.02959960215136121,0.03057265886974325,0.057807626828955926,0.0003895493447928917
Breast Cancer,5,Logistic Regression,Temperature scaled,Gaussian noise,0.0,0.3024847722559437,114,0.9824561403508771,0.9892994866738868,0.006843346323009647,0.014366220961160841,0.02643371136282095,0.039285814066081094,0.0003895493447928917
Breast Cancer,5,Logistic Regression,Raw,Gaussian noise,0.25,0.3024847722559437,114,0.9912280701754386,0.9594456856071484,-0.03178238456829019,0.03431215598954193,0.027199734093294507,0.05476991231265727,0.00035319308739380825
Breast Cancer,5,Logistic Regression,Temperature scaled,Gaussian noise,0.25,0.3024847722559437,114,0.9912280701754386,0.9917707702804194,0.0005427001049808089,0.013335794150557283,0.018746375751612653,0.03501616995617065,0.00035319308739380825
Breast Cancer,5,Logistic Regression,Raw,Gaussian noise,0.5,0.3024847722559437,114,0.9736842105263158,0.9573227117485502,-0.016361498777765604,0.023479832740117643,0.037773611637841445,0.066528555864995,0.0009073946827952887
Breast Cancer,5,Logistic Regression,Temperature scaled,Gaussian noise,0.5,0.3024847722559437,114,0.9736842105263158,0.9893055745183058,0.01562136399198999,0.027833382565384618,0.04165620467941228,0.06701542443803721,0.0009073946827952887
Breast Cancer,5,Logistic Regression,Raw,Gaussian noise,1.0,0.3024847722559437,114,0.8947368421052632,0.9466919325791018,0.05195509047383862,0.07022028422519323,0.17731711000418718,0.3391523428230566,0.027402056269376533
Breast Cancer,5,Logistic Regression,Temperature scaled,Gaussian noise,1.0,0.3024847722559437,114,0.8947368421052632,0.9854950948138022,0.09075825270853899,0.10641806734962113,0.19849576318146814,0.9324302965023009,0.027402056269376533
Breast Cancer,5,Logistic Regression,Raw,Gaussian noise,1.5,0.3024847722559437,114,0.8771929824561403,0.9559515389730301,0.07875855651688979,0.09261139223951867,0.1997332555908899,0.3629861317614172,0.02603993290929924
Breast Cancer,5,Logistic Regression,Temperature scaled,Gaussian noise,1.5,0.3024847722559437,114,0.8771929824561403,0.9905509203544,0.11335793789825965,0.1220251487601988,0.24045868902304185,1.0430905994025157,0.02603993290929924
Breast Cancer,5,Logistic Regression,Raw,Gaussian noise,2.0,0.3024847722559437,114,0.7894736842105263,0.961290371133528,0.17181668692300167,0.17181668692300173,0.34338353266283367,0.8482796951785617,0.06694625852910122
Breast Cancer,5,Logistic Regression,Temperature scaled,Gaussian noise,2.0,0.3024847722559437,114,0.7894736842105263,0.9959789918559747,0.2065053076454484,0.20650530764544847,0.4084261374009931,2.5417547174756843,0.07056198470465
Breast Cancer,5,Logistic Regression,Raw,Feature masking,0.0,0.3024847722559437,114,0.9824561403508771,0.9578550945757055,-0.024601045775171637,0.02959960215136121,0.03057265886974325,0.057807626828955926,0.0003895493447928917
Breast Cancer,5,Logistic Regression,Temperature scaled,Feature masking,0.0,0.3024847722559437,114,0.9824561403508771,0.9892994866738868,0.006843346323009647,0.014366220961160841,0.02643371136282095,0.039285814066081094,0.0003895493447928917
Breast Cancer,5,Logistic Regression,Raw,Feature masking,0.1,0.3024847722559437,114,0.9736842105263158,0.950657386551695,-0.023026823974620858,0.032235458280772546,0.03714484182633575,0.06952566274160839,0.0007455911550330298
Breast Cancer,5,Logistic Regression,Temperature scaled,Feature masking,0.1,0.3024847722559437,114,0.9736842105263158,0.9880862232696381,0.014402012743322312,0.018052034792369623,0.03465099893344271,0.05238116464148999,0.0007455911550330298
Breast Cancer,5,Logistic Regression,Raw,Feature masking,0.2,0.3024847722559437,114,0.9736842105263158,0.9430391794688381,-0.030645031057477734,0.03469816623541824,0.045838817703657816,0.08758562718973076,0.0012310381233702089
Breast Cancer,5,Logistic Regression,Temperature scaled,Feature masking,0.2,0.3024847722559437,114,0.9736842105263158,0.9929815539107354,0.019297343384419574,0.02463459992680503,0.04789213895685848,0.08393991052414146,0.0012310381233702089
Breast Cancer,5,Logistic Regression,Raw,Feature masking,0.3,0.3024847722559437,114,0.9473684210526315,0.9295164362402014,-0.01785198481243011,0.03898720117308393,0.06633427099375033,0.11584956998845569,0.003333977303642945
Breast Cancer,5,Logistic Regression,Temperature scaled,Feature masking,0.3,0.3024847722559437,114,0.9473684210526315,0.9794373862780279,0.03206896522539637,0.04319495176904584,0.07380108916745018,0.1334310689180957,0.003333977303642945
Breast Cancer,5,Logistic Regression,Raw,Feature masking,0.4,0.3024847722559437,114,0.9649122807017544,0.9136388705266693,-0.05127341017508513,0.06685440288134747,0.060387164383871005,0.11805133495713788,0.0019149366485654066
Breast Cancer,5,Logistic Regression,Temperature scaled,Feature masking,0.4,0.3024847722559437,114,0.9649122807017544,0.9798243815782043,0.014912100876449896,0.02998523509035852,0.05353109231474383,0.0810286523197302,0.0019149366485654066
Breast Cancer,5,Logistic Regression,Raw,Feature masking,0.5,0.3024847722559437,114,0.9210526315789473,0.9077462877518949,-0.013306343827052425,0.07017731692037314,0.10023720511112605,0.1667841051185705,0.0082178046877366
Breast Cancer,5,Logistic Regression,Temperature scaled,Feature masking,0.5,0.3024847722559437,114,0.9210526315789473,0.9752907833472811,0.0542381517683338,0.06245954176714241,0.12085142881634053,0.22330107010073313,0.0082178046877366
Breast Cancer,5,Random Forest,Raw,Gaussian noise,0.0,0.6243996872924269,114,0.9649122807017544,0.924313366750042,-0.040598913951712334,0.06055304929005802,0.058305488018458855,0.10977764770641864,0.001955333284029572
Breast Cancer,5,Random Forest,Temperature scaled,Gaussian noise,0.0,0.6243996872924269,114,0.9649122807017544,0.9555381435504465,-0.00937413715130786,0.04913785363722044,0.0502593120922755,0.08592765638796211,0.001955333284029572
Breast Cancer,5,Random Forest,Raw,Gaussian noise,0.25,0.6243996872924269,114,0.9473684210526315,0.9055093149539815,-0.04185910609865007,0.07285451127826567,0.06819080574332657,0.13321202598423,0.002134529899043277
Breast Cancer,5,Random Forest,Temperature scaled,Gaussian noise,0.25,0.6243996872924269,114,0.9473684210526315,0.9483912682085266,0.001022847155895068,0.047796740601986354,0.059807381508030916,0.09818668901342378,0.002134529899043277
Breast Cancer,5,Random Forest,Raw,Gaussian noise,0.5,0.6243996872924269,114,0.9385964912280702,0.849985797827868,-0.08861069340020222,0.0989727652464845,0.10986091675458488,0.20966876529126688,0.007018307535056504
Breast Cancer,5,Random Forest,Temperature scaled,Gaussian noise,0.5,0.6243996872924269,114,0.9385964912280702,0.91135367693714,-0.02724281429093023,0.04139685959667704,0.08913524470657214,0.1574507731870001,0.007018307535056504
Breast Cancer,5,Random Forest,Raw,Gaussian noise,1.0,0.6243996872924269,114,0.8508771929824561,0.7321660818713362,-0.11871111111111987,0.12232230576441981,0.2369657848422644,0.3879543707268774,0.04118761869096246
Breast Cancer,5,Random Forest,Temperature scaled,Gaussian noise,1.0,0.6243996872924269,114,0.8508771929824561,0.8012219728470822,-0.049655220135373934,0.06300418840472953,0.20750657341226747,0.33405079785757014,0.04118761869096246
Breast Cancer,5,Random Forest,Raw,Gaussian noise,1.5,0.6243996872924269,114,0.868421052631579,0.6859813700918965,-0.18243968253968246,0.18243968253968249,0.2750505722878625,0.4418944037251732,0.04692825583504097
Breast Cancer,5,Random Forest,Temperature scaled,Gaussian noise,1.5,0.6243996872924269,114,0.868421052631579,0.7542539212202237,-0.11416713141135526,0.11416713141135514,0.23391339808875491,0.3796799895770956,0.04692825583504097
Breast Cancer,5,Random Forest,Raw,Gaussian noise,2.0,0.6243996872924269,114,0.7543859649122807,0.6659980785296574,-0.08838788638262329,0.11008395989974928,0.35792078090146,0.5343403817511099,0.1328336790661753
Breast Cancer,5,Random Forest,Temperature scaled,Gaussian noise,2.0,0.6243996872924269,114,0.7543859649122807,0.7325997816610123,-0.021786183251268465,0.08827170341169466,0.34680175652551,0.5117079475859327,0.1328336790661753
Breast Cancer,5,Random Forest,Raw,Feature masking,0.0,0.6243996872924269,114,0.9649122807017544,0.924313366750042,-0.040598913951712334,0.06055304929005802,0.058305488018458855,0.10977764770641864,0.001955333284029572
Breast Cancer,5,Random Forest,Temperature scaled,Feature masking,0.0,0.6243996872924269,114,0.9649122807017544,0.9555381435504465,-0.00937413715130786,0.04913785363722046,0.05025931209227551,0.08592765638796214,0.001955333284029572
Breast Cancer,5,Random Forest,Raw,Feature masking,0.1,0.6243996872924269,114,0.9649122807017544,0.8953360066833225,-0.06957627401843192,0.07859515455310188,0.07059806494967578,0.1419776827474846,0.0031093866783254162
Breast Cancer,5,Random Forest,Temperature scaled,Feature masking,0.1,0.6243996872924269,114,0.9649122807017544,0.9399509657321135,-0.024961314969640935,0.034128582352238625,0.05531747051660106,0.10199049746511894,0.0031093866783254162
Breast Cancer,5,Random Forest,Raw,Feature masking,0.2,0.6243996872924269,114,0.9649122807017544,0.861930952380926,-0.1029813283208284,0.11450296574772902,0.08978487370211242,0.1840318738118882,0.0051256110421811826
Breast Cancer,5,Random Forest,Temperature scaled,Feature masking,0.2,0.6243996872924269,114,0.9649122807017544,0.9207042431929957,-0.04420803750875868,0.05653851488492117,0.06804529980993249,0.12964925961677956,0.0051256110421811826
Breast Cancer,5,Random Forest,Raw,Feature masking,0.3,0.6243996872924269,114,0.9385964912280702,0.8393686716791893,-0.09922781954888094,0.1243944862155476,0.10142639561045469,0.20677163459339526,0.0034269229453499977
Breast Cancer,5,Random Forest,Temperature scaled,Feature masking,0.3,0.6243996872924269,114,0.9385964912280702,0.9055266681640299,-0.03306982306404027,0.0626893665993516,0.07515876326563448,0.1402315846709564,0.0034269229453499977
Breast Cancer,5,Random Forest,Raw,Feature masking,0.4,0.6243996872924269,114,0.9736842105263158,0.7939223893066,-0.17976182121971584,0.17976182121971596,0.12058494255639098,0.25137115414476374,0.001806725486641353
Breast Cancer,5,Random Forest,Temperature scaled,Feature masking,0.4,0.6243996872924269,114,0.9736842105263158,0.8729412332754349,-0.10074297725088088,0.10074297725088076,0.07281602423575737,0.16082614170623186,0.001806725486641353
Breast Cancer,5,Random Forest,Raw,Feature masking,0.5,0.6243996872924269,114,0.9385964912280702,0.7719245614035086,-0.16667192982456158,0.16792105263157886,0.15243998231212955,0.2904284348676235,0.005782031203429648
Breast Cancer,5,Random Forest,Temperature scaled,Feature masking,0.5,0.6243996872924269,114,0.9385964912280702,0.8485836694885962,-0.090012821739474,0.09410726215337645,0.10751813091322877,0.206226186485928,0.005782031203429648
Breast Cancer,5,Gradient Boosting,Raw,Gaussian noise,0.0,1.1115092534956459,114,0.9736842105263158,0.9822203986154614,0.00853618808914558,0.020771198340155554,0.03863738344817341,0.06367487741525886,0.0009087933800486663
Breast Cancer,5,Gradient Boosting,Temperature scaled,Gaussian noise,0.0,1.1115092534956459,114,0.9736842105263158,0.9778304842386233,0.004146273712307469,0.026672059986494124,0.0379387747692495,0.06403762445763117,0.0009087933800486663
Breast Cancer,5,Gradient Boosting,Raw,Gaussian noise,0.25,1.1115092534956459,114,0.9736842105263158,0.9790017219416538,0.005317511415337983,0.020289204418339306,0.03813915902355255,0.06091577056377278,0.0008232188525955204
Breast Cancer,5,Gradient Boosting,Temperature scaled,Gaussian noise,0.25,1.1115092534956459,114,0.9736842105263158,0.974219909914704,0.0005356993883881556,0.028714962361845328,0.03740895541690607,0.06237728723495499,0.0008232188525955204
Breast Cancer,5,Gradient Boosting,Raw,Gaussian noise,0.5,1.1115092534956459,114,0.9298245614035088,0.9598474948177114,0.03002293341420259,0.04697623079766896,0.09156375231475902,0.14048521812478956,0.005049298980874599
Breast Cancer,5,Gradient Boosting,Temperature scaled,Gaussian noise,0.5,1.1115092534956459,114,0.9298245614035088,0.9522215606119842,0.022396999208475377,0.0611220193062091,0.08917248394318716,0.13943789645135105,0.005049298980874599
Breast Cancer,5,Gradient Boosting,Raw,Gaussian noise,1.0,1.1115092534956459,114,0.8596491228070176,0.9003139033882498,0.04066478058123224,0.07686771456596234,0.22817480931505382,0.38719542113458516,0.05592860615905312
Breast Cancer,5,Gradient Boosting,Temperature scaled,Gaussian noise,1.0,1.1115092534956459,114,0.8596491228070176,0.8883550077463147,0.028705884939297155,0.06037270324037973,0.22555413456855994,0.3741983807807951,0.05592860615905312
Breast Cancer,5,Gradient Boosting,Raw,Gaussian noise,1.5,1.1115092534956459,114,0.7982456140350878,0.8674673298761997,0.06922171584111192,0.0878374656678545,0.2668882436016322,0.43774213517574934,0.07865945031024296
Breast Cancer,5,Gradient Boosting,Temperature scaled,Gaussian noise,1.5,1.1115092534956459,114,0.7982456140350878,0.8537233859908202,0.05547777195573245,0.08321820516651911,0.2644497801885534,0.42620303458333614,0.07865945031024296
Breast Cancer,5,Gradient Boosting,Raw,Gaussian noise,2.0,1.1115092534956459,114,0.6929824561403509,0.8598745916879781,0.16689213554762716,0.1958712373103877,0.4358129118970231,0.7206458353043045,0.16189636710598748
Breast Cancer,5,Gradient Boosting,Temperature scaled,Gaussian noise,2.0,1.1115092534956459,114,0.6929824561403509,0.8471749818446688,0.15419252570431785,0.16880494738742746,0.42684817025913563,0.680833751751783,0.16189636710598748
Breast Cancer,5,Gradient Boosting,Raw,Feature masking,0.0,1.1115092534956459,114,0.9736842105263158,0.9822203986154614,0.00853618808914558,0.020771198340155554,0.03863738344817341,0.06367487741525886,0.0009087933800486663
Breast Cancer,5,Gradient Boosting,Temperature scaled,Feature masking,0.0,1.1115092534956459,114,0.9736842105263158,0.9778304842386233,0.004146273712307469,0.026672059986494124,0.0379387747692495,0.06403762445763117,0.0009087933800486663
Breast Cancer,5,Gradient Boosting,Raw,Feature masking,0.1,1.1115092534956459,114,0.9736842105263158,0.9776884943179405,0.004004283791624652,0.021813772643134423,0.0429516906583517,0.07658275284813178,0.0018186646549615177
Breast Cancer,5,Gradient Boosting,Temperature scaled,Feature masking,0.1,1.1115092534956459,114,0.9736842105263158,0.9724051626243972,-0.001279047901918573,0.03924092115240238,0.04278720860740938,0.0771438805348516,0.0018186646549615177
Breast Cancer,5,Gradient Boosting,Raw,Feature masking,0.2,1.1115092534956459,114,0.956140350877193,0.9679953424119299,0.011854991534736903,0.03685469750897412,0.06866379203750411,0.11598415497145541,0.0033974070962652482
Breast Cancer,5,Gradient Boosting,Temperature scaled,Feature masking,0.2,1.1115092534956459,114,0.956140350877193,0.9616320191419983,0.005491668264805294,0.0226031670736281,0.067685193441051,0.11501524849644856,0.0033974070962652482
Breast Cancer,5,Gradient Boosting,Raw,Feature masking,0.3,1.1115092534956459,114,0.9298245614035088,0.9438535445365211,0.014028983133012374,0.04506550629320886,0.07723484401020408,0.12364446976247309,0.004606529336321063
Breast Cancer,5,Gradient Boosting,Temperature scaled,Feature masking,0.3,1.1115092534956459,114,0.9298245614035088,0.9361475943379804,0.006323032934471673,0.04241598438876072,0.07719925023914027,0.12672674243099324,0.004606529336321063
Breast Cancer,5,Gradient Boosting,Raw,Feature masking,0.4,1.1115092534956459,114,0.956140350877193,0.9306715243456343,-0.025468826531558686,0.05371759951125877,0.05598999451581624,0.10228976610859176,0.0019461280491989113
Breast Cancer,5,Gradient Boosting,Temperature scaled,Feature masking,0.4,1.1115092534956459,114,0.956140350877193,0.9212493273696967,-0.03489102350749629,0.05062798509057528,0.05839141855065925,0.11101705391124018,0.0019461280491989113
Breast Cancer,5,Gradient Boosting,Raw,Feature masking,0.5,1.1115092534956459,114,0.9473684210526315,0.9257506046520658,-0.021617816400565704,0.038406872133559,0.08553114231285472,0.14565288396294365,0.0065349800485017305
Breast Cancer,5,Gradient Boosting,Temperature scaled,Feature masking,0.5,1.1115092534956459,114,0.9473684210526315,0.9156551824761395,-0.031713238576492,0.04130082588329953,0.08691022997968832,0.1514210565863251,0.0065349800485017305
Breast Cancer,6,Logistic Regression,Raw,Gaussian noise,0.0,1.220650037354073,114,0.9649122807017544,0.974802413358953,0.009890132657198625,0.018888424790847735,0.05402534251004092,0.08751420084520115,0.0021713944562540776
Breast Cancer,6,Logistic Regression,Temperature scaled,Gaussian noise,0.0,1.220650037354073,114,0.9649122807017544,0.9660732675202416,0.0011609868184871974,0.026359608540039485,0.05290618747441233,0.08680241335542582,0.0021713944562540776
Breast Cancer,6,Logistic Regression,Raw,Gaussian noise,0.25,1.220650037354073,114,0.9649122807017544,0.9783393031495923,0.013427022447837889,0.03221848619397662,0.05241793497014242,0.08137907477280731,0.0017614195670755811
Breast Cancer,6,Logistic Regression,Temperature scaled,Gaussian noise,0.25,1.220650037354073,114,0.9649122807017544,0.9699379327405304,0.0050256520387760295,0.024707182109495844,0.05026695526724572,0.08046169075929263,0.0017614195670755811
Breast Cancer,6,Logistic Regression,Raw,Gaussian noise,0.5,1.220650037354073,114,0.9298245614035088,0.9665323347945588,0.036707773391050025,0.05836724185896204,0.09745170350256459,0.1551487268838596,0.006151938570756826
Breast Cancer,6,Logistic Regression,Temperature scaled,Gaussian noise,0.5,1.220650037354073,114,0.9298245614035088,0.9577636947743686,0.027939133370859848,0.04607501384803155,0.09326795078527307,0.14431914269002497,0.006151938570756826
Breast Cancer,6,Logistic Regression,Raw,Gaussian noise,1.0,1.220650037354073,114,0.9473684210526315,0.9565682957096029,0.009199874656971363,0.0334272039427553,0.07799289316897126,0.1463676453194121,0.007270824032550809
Breast Cancer,6,Logistic Regression,Temperature scaled,Gaussian noise,1.0,1.220650037354073,114,0.9473684210526315,0.9464938772343534,-0.0008745438182781173,0.03433983774758507,0.07826957144344754,0.14107832812776597,0.007270824032550809
Breast Cancer,6,Logistic Regression,Raw,Gaussian noise,1.5,1.220650037354073,114,0.8771929824561403,0.9534982501840118,0.0763052677278715,0.10742314702620066,0.2194321481752143,0.5577579876765688,0.044262156620674974
Breast Cancer,6,Logistic Regression,Temperature scaled,Gaussian noise,1.5,1.220650037354073,114,0.8771929824561403,0.9432898905829797,0.06609690812683944,0.09039876077390588,0.21543867175579728,0.479009624720915,0.044262156620674974
Breast Cancer,6,Logistic Regression,Raw,Gaussian noise,2.0,1.220650037354073,114,0.8596491228070176,0.963335109772837,0.10368598696581943,0.1264520010782868,0.24813786017706257,0.5657121622083285,0.04006526253768563
Breast Cancer,6,Logistic Regression,Temperature scaled,Gaussian noise,2.0,1.220650037354073,114,0.8596491228070176,0.9542373104376735,0.0945881876306559,0.11798901971695738,0.23941849416793703,0.4818712674418202,0.04006526253768563
Breast Cancer,6,Logistic Regression,Raw,Feature masking,0.0,1.220650037354073,114,0.9649122807017544,0.974802413358953,0.009890132657198625,0.018888424790847735,0.05402534251004092,0.08751420084520115,0.0021713944562540776
Breast Cancer,6,Logistic Regression,Temperature scaled,Feature masking,0.0,1.220650037354073,114,0.9649122807017544,0.9660732675202416,0.0011609868184871974,0.026359608540039485,0.05290618747441233,0.08680241335542582,0.0021713944562540776
Breast Cancer,6,Logistic Regression,Raw,Feature masking,0.1,1.220650037354073,114,0.9736842105263158,0.9666820383936118,-0.007002172132704043,0.0330765734863587,0.04824477528068265,0.0881247202588622,0.0027124139809183525
Breast Cancer,6,Logistic Regression,Temperature scaled,Feature masking,0.1,1.220650037354073,114,0.9736842105263158,0.9571975280162028,-0.016486682510112982,0.029272834909386234,0.04971303336208583,0.09014711333065435,0.0027124139809183525
Breast Cancer,6,Logistic Regression,Raw,Feature masking,0.2,1.220650037354073,114,0.956140350877193,0.9560357993408248,-0.00010455153636812486,0.03831624925616407,0.07538096667610822,0.11831171791514275,0.004267517103808715
Breast Cancer,6,Logistic Regression,Temperature scaled,Feature masking,0.2,1.220650037354073,114,0.956140350877193,0.9427473246085417,-0.013393026268651242,0.055300759702239105,0.07445391215366776,0.12135968814568711,0.004267517103808715
Breast Cancer,6,Logistic Regression,Raw,Feature masking,0.3,1.220650037354073,114,0.9385964912280702,0.9529440527813384,0.014347561553268218,0.04456607634525242,0.07985006780756083,0.13192787953608642,0.005202176039418398
Breast Cancer,6,Logistic Regression,Temperature scaled,Feature masking,0.3,1.220650037354073,114,0.9385964912280702,0.9404468737183108,0.0018503824902406096,0.05255170623676761,0.07950558735416886,0.13242449564876063,0.005202176039418398
Breast Cancer,6,Logistic Regression,Raw,Feature masking,0.4,1.220650037354073,114,0.956140350877193,0.9315790777341131,-0.024561273143079876,0.028842786480463015,0.07593563732081854,0.129600057152096,0.004976163181764675
Breast Cancer,6,Logistic Regression,Temperature scaled,Feature masking,0.4,1.220650037354073,114,0.956140350877193,0.9139024244070455,-0.04223792647014746,0.04223792647014758,0.07948296156199787,0.14130179883976426,0.004976163181764675
Breast Cancer,6,Logistic Regression,Raw,Feature masking,0.5,1.220650037354073,114,0.9298245614035088,0.9226862487152916,-0.0071383126882171855,0.04126131872776961,0.09806253112182647,0.1610831184386336,0.007675153959271834
Breast Cancer,6,Logistic Regression,Temperature scaled,Feature masking,0.5,1.220650037354073,114,0.9298245614035088,0.9029468271489062,-0.026877734254602603,0.03237046237094176,0.10003613196135877,0.17132701196351602,0.007675153959271834
Breast Cancer,6,Random Forest,Raw,Gaussian noise,0.0,0.8707394203948815,114,0.9473684210526315,0.948518504594531,0.0011500835418994937,0.04339394319102218,0.09239957437439304,0.3714984287851687,0.01786704537024823
Breast Cancer,6,Random Forest,Temperature scaled,Gaussian noise,0.0,0.8707394203948815,114,0.9473684210526315,0.956700937790387,0.00933251673775548,0.04069575353065822,0.09193698152434225,0.3723395190451416,0.01786704537024823
Breast Cancer,6,Random Forest,Raw,Gaussian noise,0.25,0.8707394203948815,114,0.956140350877193,0.9182307852964606,-0.03790956558073233,0.0394875104428877,0.09022399391057007,0.18151555648758952,0.01664312572287818
Breast Cancer,6,Random Forest,Temperature scaled,Gaussian noise,0.25,0.8707394203948815,114,0.956140350877193,0.9301956964116443,-0.02594465446554861,0.04541145930511398,0.08702554573839495,0.18029959888244268,0.01664312572287818
Breast Cancer,6,Random Forest,Raw,Gaussian noise,0.5,0.8707394203948815,114,0.9035087719298246,0.8546345029239415,-0.0488742690058831,0.06830701754389468,0.13608518037156384,0.22978988518380009,0.013291680791408887
Breast Cancer,6,Random Forest,Temperature scaled,Gaussian noise,0.5,0.8707394203948815,114,0.9035087719298246,0.8720636791824607,-0.031445092747363845,0.05516870271619843,0.13195374702306775,0.21711975742670092,0.013291680791408887
Breast Cancer,6,Random Forest,Raw,Gaussian noise,1.0,0.8707394203948815,114,0.8947368421052632,0.7504771929824562,-0.14425964912280698,0.14564862155388472,0.2108752933086685,0.35185620247638955,0.027193799269459022
Breast Cancer,6,Random Forest,Temperature scaled,Gaussian noise,1.0,0.8707394203948815,114,0.8947368421052632,0.7705223118585652,-0.12421453024669793,0.12580947640704704,0.199874217068144,0.3325711518049899,0.027193799269459022
Breast Cancer,6,Random Forest,Raw,Gaussian noise,1.5,0.8707394203948815,114,0.8157894736842105,0.6819148705096074,-0.1338746031746031,0.13393884711779444,0.30269393200938854,0.47152292530449963,0.07825652643363439
Breast Cancer,6,Random Forest,Temperature scaled,Gaussian noise,1.5,0.8707394203948815,114,0.8157894736842105,0.7000515107989903,-0.1157379628852202,0.1291385845619152,0.29288048478500367,0.45719451614732215,0.07825652643363439
Breast Cancer,6,Random Forest,Raw,Gaussian noise,2.0,0.8707394203948815,114,0.7105263157894737,0.6681516290726817,-0.04237468671679201,0.1440054302422723,0.3367116305867844,0.5104537674310976,0.1041799145114851
Breast Cancer,6,Random Forest,Temperature scaled,Gaussian noise,2.0,0.8707394203948815,114,0.7105263157894737,0.6866552918477109,-0.02387102394176277,0.1264088736661128,0.3291315405223879,0.4984057035662091,0.1041799145114851
Breast Cancer,6,Random Forest,Raw,Feature masking,0.0,0.8707394203948815,114,0.9473684210526315,0.948518504594531,0.0011500835418994937,0.04339394319102227,0.09239957437439304,0.3714984287851687,0.01786704537024823
Breast Cancer,6,Random Forest,Temperature scaled,Feature masking,0.0,0.8707394203948815,114,0.9473684210526315,0.956700937790387,0.00933251673775548,0.040695753530658206,0.09193698152434225,0.3723395190451416,0.01786704537024823
Breast Cancer,6,Random Forest,Raw,Feature masking,0.1,0.8707394203948815,114,0.9473684210526315,0.9185229323307219,-0.028845488721909618,0.04148809523799005,0.09606324551577355,0.1821866608977107,0.015338856304222138
Breast Cancer,6,Random Forest,Temperature scaled,Feature masking,0.1,0.8707394203948815,114,0.9473684210526315,0.9324385320222692,-0.014929889030362298,0.028989023608853026,0.09338758275384011,0.17939801252954415,0.015338856304222138
Breast Cancer,6,Random Forest,Raw,Feature masking,0.2,0.8707394203948815,114,0.9385964912280702,0.8936018796992307,-0.044994611528839545,0.06831282372599914,0.10621191861916696,0.19361014705163626,0.013550053958536184
Breast Cancer,6,Random Forest,Temperature scaled,Feature masking,0.2,0.8707394203948815,114,0.9385964912280702,0.9106553534724435,-0.027941137755626677,0.04807149806549735,0.10324068706356228,0.18450825034861576,0.013550053958536184
Breast Cancer,6,Random Forest,Raw,Feature masking,0.3,0.8707394203948815,114,0.9298245614035088,0.8701368003341688,-0.05968776106933993,0.08179853801169584,0.11862609723236661,0.2257983575731394,0.021110473259365995
Breast Cancer,6,Random Forest,Temperature scaled,Feature masking,0.3,0.8707394203948815,114,0.9298245614035088,0.8906845234740587,-0.03914003792945009,0.05460811346303762,0.11263676748775224,0.21315074054078914,0.021110473259365995
Breast Cancer,6,Random Forest,Raw,Feature masking,0.4,0.8707394203948815,114,0.9385964912280702,0.8295923558897242,-0.10900413533834596,0.10960881370091898,0.13094399501253132,0.25459933170188376,0.02175367608028349
Breast Cancer,6,Random Forest,Temperature scaled,Feature masking,0.4,0.8707394203948815,114,0.9385964912280702,0.8531926632892592,-0.08540382793881096,0.09425232057393527,0.12046824968869153,0.2346832497368589,0.02175367608028349
Breast Cancer,6,Random Forest,Raw,Feature masking,0.5,0.8707394203948815,114,0.9035087719298246,0.8102511278195488,-0.09325764411027582,0.10052314118629901,0.17707474539046025,0.31365237702565657,0.03415387095041731
Breast Cancer,6,Random Forest,Temperature scaled,Feature masking,0.5,0.8707394203948815,114,0.9035087719298246,0.835246187335562,-0.0682625845942626,0.09357493694402678,0.1683565701888347,0.29686988375523793,0.034274034372671576
Breast Cancer,6,Gradient Boosting,Raw,Gaussian noise,0.0,1.471917497523114,114,0.956140350877193,0.9838450665051794,0.027704715627986487,0.05015182613438016,0.08695529457615415,0.21814548631157288,0.010072479811534488
Breast Cancer,6,Gradient Boosting,Temperature scaled,Gaussian noise,0.0,1.471917497523114,114,0.956140350877193,0.9674091708090327,0.011268819931839702,0.044746959104687234,0.08578226986163107,0.1721421060101829,0.010072479811534488
Breast Cancer,6,Gradient Boosting,Raw,Gaussian noise,0.25,1.471917497523114,114,0.9473684210526315,0.9744102043769243,0.027041783324292745,0.04113231508780599,0.08741017524959101,0.20374170867480706,0.011021012319742955
Breast Cancer,6,Gradient Boosting,Temperature scaled,Gaussian noise,0.25,1.471917497523114,114,0.9473684210526315,0.9541811676342424,0.006812746581610907,0.03690732270203462,0.08764961742334483,0.1706325322940651,0.011021012319742955
Breast Cancer,6,Gradient Boosting,Raw,Gaussian noise,0.5,1.471917497523114,114,0.8947368421052632,0.9435349662676703,0.04879812416240714,0.05668057530745071,0.15818428369398688,0.26797012361135114,0.019347967571429932
Breast Cancer,6,Gradient Boosting,Temperature scaled,Gaussian noise,0.5,1.471917497523114,114,0.8947368421052632,0.9158290618950713,0.02109221978980813,0.04036747979330751,0.14781733502237265,0.2360023760995949,0.019347967571429932
Breast Cancer,6,Gradient Boosting,Raw,Gaussian noise,1.0,1.471917497523114,114,0.8070175438596491,0.894764265404589,0.0877467215449399,0.0877467215449399,0.26276649375132966,0.39907981036806095,0.049420645990201316
Breast Cancer,6,Gradient Boosting,Temperature scaled,Gaussian noise,1.0,1.471917497523114,114,0.8070175438596491,0.8536848133293846,0.04666726946973554,0.07442376014449954,0.24365371166912403,0.36156499078803483,0.049420645990201316
Breast Cancer,6,Gradient Boosting,Raw,Gaussian noise,1.5,1.471917497523114,114,0.7543859649122807,0.8716176964122844,0.11723173150000366,0.15393519807178582,0.3680426055558458,0.5948882115920714,0.12049057575068547
Breast Cancer,6,Gradient Boosting,Temperature scaled,Gaussian noise,1.5,1.471917497523114,114,0.7543859649122807,0.820657136325708,0.06627117141342731,0.10799764613206801,0.341011359631072,0.5156501555706582,0.12049057575068547
Breast Cancer,6,Gradient Boosting,Raw,Gaussian noise,2.0,1.471917497523114,114,0.7105263157894737,0.8747135109652414,0.16418719517576774,0.1810318858762282,0.4187370357888532,0.6703221659180175,0.1417310321326139
Breast Cancer,6,Gradient Boosting,Temperature scaled,Gaussian noise,2.0,1.471917497523114,114,0.7105263157894737,0.8196663249778856,0.10914000918841193,0.10914000918841181,0.3833990003824345,0.5694515703833722,0.1417310321326139
Breast Cancer,6,Gradient Boosting,Raw,Feature masking,0.0,1.471917497523114,114,0.956140350877193,0.9838450665051794,0.027704715627986487,0.05015182613438016,0.08695529457615415,0.21814548631157288,0.010072479811534488
Breast Cancer,6,Gradient Boosting,Temperature scaled,Feature masking,0.0,1.471917497523114,114,0.956140350877193,0.9674091708090327,0.011268819931839702,0.044746959104687234,0.08578226986163107,0.1721421060101829,0.010072479811534488
Breast Cancer,6,Gradient Boosting,Raw,Feature masking,0.1,1.471917497523114,114,0.9473684210526315,0.9687288788218408,0.02136045776920925,0.052382883376251924,0.10050876191093835,0.2333760874203383,0.013443839879056096
Breast Cancer,6,Gradient Boosting,Temperature scaled,Feature masking,0.1,1.471917497523114,114,0.9473684210526315,0.9500140078095429,0.0026455867569114,0.05216448986921905,0.09981891123665859,0.19166492540378333,0.013443839879056096
Breast Cancer,6,Gradient Boosting,Raw,Feature masking,0.2,1.471917497523114,114,0.9385964912280702,0.9634200931097261,0.024823601881655888,0.057288039372181535,0.10730672305732178,0.24456677359457513,0.018297309250522444
Breast Cancer,6,Gradient Boosting,Temperature scaled,Feature masking,0.2,1.471917497523114,114,0.9385964912280702,0.9399473524564188,0.0013508612283485988,0.0585178023018223,0.10789525723199532,0.20656165388108266,0.018297309250522444
Breast Cancer,6,Gradient Boosting,Raw,Feature masking,0.3,1.471917497523114,114,0.9385964912280702,0.963198041142192,0.02460154991412178,0.03188633884416481,0.095182955571345,0.19709629951548155,0.016030815455680015
Breast Cancer,6,Gradient Boosting,Temperature scaled,Feature masking,0.3,1.471917497523114,114,0.9385964912280702,0.9358817059998015,-0.0027147852282687346,0.015890939151761835,0.09438929789893202,0.17820421299697847,0.016030815455680015
Breast Cancer,6,Gradient Boosting,Raw,Feature masking,0.4,1.471917497523114,114,0.9473684210526315,0.944670012997502,-0.002698408055129553,0.05085820688619394,0.10555752892207013,0.21823272965365637,0.023500710615705595
Breast Cancer,6,Gradient Boosting,Temperature scaled,Feature masking,0.4,1.471917497523114,114,0.9473684210526315,0.9077745169543407,-0.03959390409829078,0.06178964652055076,0.11068053461040588,0.2109516159209965,0.023500710615705595
Breast Cancer,6,Gradient Boosting,Raw,Feature masking,0.5,1.471917497523114,114,0.9210526315789473,0.9308173754132267,0.009764743834279388,0.08138593155084174,0.12895045585468762,0.24939395204558837,0.027839107477858834
Breast Cancer,6,Gradient Boosting,Temperature scaled,Feature masking,0.5,1.471917497523114,114,0.9210526315789473,0.8856229378458021,-0.035429693733145196,0.08649792478101898,0.13609180721216782,0.24726764292822628,0.027839107477858834
Breast Cancer,7,Logistic Regression,Raw,Gaussian noise,0.0,0.34245726412784555,114,0.9736842105263158,0.9593824379278842,-0.014301772598431572,0.03652518462004277,0.038634763961457354,0.06626605261088646,0.001301753675448708
Breast Cancer,7,Logistic Regression,Temperature scaled,Gaussian noise,0.0,0.34245726412784555,114,0.9736842105263158,0.9875145095074574,0.013830298981141631,0.02643045758728994,0.04635390308180488,0.06915732130872165,0.001301753675448708
Breast Cancer,7,Logistic Regression,Raw,Gaussian noise,0.25,0.34245726412784555,114,0.9649122807017544,0.9575944103346863,-0.007317870367068102,0.03567889328247885,0.05461883640220013,0.0896881271365602,0.002592470517245168
Breast Cancer,7,Logistic Regression,Temperature scaled,Gaussian noise,0.25,0.34245726412784555,114,0.9649122807017544,0.9890893723199647,0.024177091618210356,0.03705774753948601,0.0625517677572702,0.13130223650317205,0.002592470517245168
Breast Cancer,7,Logistic Regression,Raw,Gaussian noise,0.5,0.34245726412784555,114,0.9824561403508771,0.9545722974932382,-0.027883842857638896,0.03528498937029797,0.051325796295679516,0.09403467703263008,0.003043563961796311
Breast Cancer,7,Logistic Regression,Temperature scaled,Gaussian noise,0.5,0.34245726412784555,114,0.9824561403508771,0.985691158394985,0.0032350180441078624,0.029765222465120835,0.04287763114994236,0.13618919856622444,0.003043563961796311
Breast Cancer,7,Logistic Regression,Raw,Gaussian noise,1.0,0.34245726412784555,114,0.9385964912280702,0.9558685363271083,0.017272045099038125,0.048849993870277206,0.10157275601679659,0.1685395927215302,0.00946268676152787
Breast Cancer,7,Logistic Regression,Temperature scaled,Gaussian noise,1.0,0.34245726412784555,114,0.9385964912280702,0.9903212727119074,0.05172478148383719,0.05941389392769384,0.10985385307509778,0.35649369365926226,0.00946268676152787
Breast Cancer,7,Logistic Regression,Raw,Gaussian noise,1.5,0.34245726412784555,114,0.8508771929824561,0.9454475735739049,0.09457038059144873,0.1297776526804223,0.24891493279486304,0.630020061529255,0.058968629253339226
Breast Cancer,7,Logistic Regression,Temperature scaled,Gaussian noise,1.5,0.34245726412784555,114,0.8508771929824561,0.9822369466749241,0.131359753692468,0.15018997445470533,0.28000759456345675,1.6720995452228506,0.058968629253339226
Breast Cancer,7,Logistic Regression,Raw,Gaussian noise,2.0,0.34245726412784555,114,0.7807017543859649,0.9363576863395909,0.15565593195362604,0.15861360583218653,0.37636710006518914,0.9203683084332686,0.09580786980522114
Breast Cancer,7,Logistic Regression,Temperature scaled,Gaussian noise,2.0,0.34245726412784555,114,0.7807017543859649,0.9803789175313293,0.19967716314536443,0.2075295911590952,0.4150299766738925,2.464367685124828,0.11769372183083861
Breast Cancer,7,Logistic Regression,Raw,Feature masking,0.0,0.34245726412784555,114,0.9736842105263158,0.9593824379278842,-0.014301772598431572,0.03652518462004277,0.038634763961457354,0.06626605261088646,0.001301753675448708
Breast Cancer,7,Logistic Regression,Temperature scaled,Feature masking,0.0,0.34245726412784555,114,0.9736842105263158,0.9875145095074574,0.013830298981141631,0.02643045758728994,0.04635390308180488,0.06915732130872165,0.001301753675448708
Breast Cancer,7,Logistic Regression,Raw,Feature masking,0.1,0.34245726412784555,114,0.9736842105263158,0.9538907260766923,-0.019793484449623477,0.028790664768503213,0.04941206538979028,0.08559710083972938,0.0022172907383016098
Breast Cancer,7,Logistic Regression,Temperature scaled,Feature masking,0.1,0.34245726412784555,114,0.9736842105263158,0.989642212816706,0.015958002290390128,0.02671295227074981,0.052574382115862024,0.10720739180383335,0.0022172907383016098
Breast Cancer,7,Logistic Regression,Raw,Feature masking,0.2,0.34245726412784555,114,0.9649122807017544,0.9462543082316978,-0.018657972470056627,0.028285400241486673,0.062285700752376084,0.1093155492642611,0.003817685762646013
Breast Cancer,7,Logistic Regression,Temperature scaled,Feature masking,0.2,0.34245726412784555,114,0.9649122807017544,0.987312308250196,0.022400027548441614,0.038915771785891035,0.06662582741049648,0.15538537188039342,0.003817685762646013
Breast Cancer,7,Logistic Regression,Raw,Feature masking,0.3,0.34245726412784555,114,0.9736842105263158,0.9339888731240338,-0.03969533740228204,0.05964040051748583,0.041309751318191916,0.08597935578554669,0.0005839712207839096
Breast Cancer,7,Logistic Regression,Temperature scaled,Feature masking,0.3,0.34245726412784555,114,0.9736842105263158,0.982202516531699,0.00851830600538317,0.0275739214359428,0.03373697723680784,0.048497202591951984,0.0005839712207839096
Breast Cancer,7,Logistic Regression,Raw,Feature masking,0.4,0.34245726412784555,114,0.9912280701754386,0.9030185681020394,-0.08820950207339917,0.08820950207339918,0.05642689561143344,0.11786745800916695,0.00035319308739380825
Breast Cancer,7,Logistic Regression,Temperature scaled,Feature masking,0.4,0.34245726412784555,114,0.9912280701754386,0.9697427502669378,-0.021485319908500777,0.022105467891525992,0.023099316801236915,0.04480057676685789,0.00035319308739380825
Breast Cancer,7,Logistic Regression,Raw,Feature masking,0.5,0.34245726412784555,114,0.9824561403508771,0.9014776109521025,-0.08097852939877459,0.08526999530980389,0.05556205132026727,0.12093367475817071,0.0007129728068042708
Breast Cancer,7,Logistic Regression,Temperature scaled,Feature masking,0.5,0.34245726412784555,114,0.9824561403508771,0.9715848522647998,-0.010871288086077291,0.02923310566265871,0.030847031835285896,0.05128954456810409,0.0007129728068042708
Breast Cancer,7,Random Forest,Raw,Gaussian noise,0.0,0.5019104579647958,114,0.9649122807017544,0.9221983709271604,-0.042713909774593994,0.062368880534827864,0.06170521748140192,0.11254420613970464,0.002369104848532831
Breast Cancer,7,Random Forest,Temperature scaled,Gaussian noise,0.0,0.5019104579647958,114,0.9649122807017544,0.960165197968278,-0.004747082733476349,0.04835405931931293,0.05357835696511629,0.08798572235189524,0.002369104848532831
Breast Cancer,7,Random Forest,Raw,Gaussian noise,0.25,0.5019104579647958,114,0.9385964912280702,0.8882941938178255,-0.05030229741024472,0.08219870509612616,0.07948149322075028,0.15229502109118873,0.0034498748802976775
Breast Cancer,7,Random Forest,Temperature scaled,Gaussian noise,0.25,0.5019104579647958,114,0.9385964912280702,0.9463116659634653,0.0077151747353950695,0.048149560606863116,0.06532898461821156,0.10487618759258614,0.0034498748802976775
Breast Cancer,7,Random Forest,Raw,Gaussian noise,0.5,0.5019104579647958,114,0.9736842105263158,0.8354692982455966,-0.13821491228071925,0.13821491228071936,0.10931852812865497,0.21311966423723838,0.004884993523093732
Breast Cancer,7,Random Forest,Temperature scaled,Gaussian noise,0.5,0.5019104579647958,114,0.9736842105263158,0.9171156034266009,-0.056568607099714896,0.05656860709971497,0.07198590004993982,0.13296084450814055,0.004884993523093732
Breast Cancer,7,Random Forest,Raw,Gaussian noise,1.0,0.5019104579647958,114,0.9122807017543859,0.737386006683375,-0.17489469507101096,0.1748946950710108,0.201065734666428,0.34987219634711,0.01634376581993153
Breast Cancer,7,Random Forest,Temperature scaled,Gaussian noise,1.0,0.5019104579647958,114,0.9122807017543859,0.840485790082545,-0.07179491167184093,0.0804442939338057,0.14397766360422892,0.24746817192052242,0.01634376581993153
Breast Cancer,7,Random Forest,Raw,Gaussian noise,1.5,0.5019104579647958,114,0.7631578947368421,0.6720665831244779,-0.09109131161236428,0.14823291562238927,0.31885068665314076,0.4912507320214821,0.08278583848807382
Breast Cancer,7,Random Forest,Temperature scaled,Gaussian noise,1.5,0.5019104579647958,114,0.7631578947368421,0.7717268681246856,0.00856897338784346,0.08131107913431021,0.2874200361193536,0.43600305066073963,0.08278583848807382
Breast Cancer,7,Random Forest,Raw,Gaussian noise,2.0,0.5019104579647958,114,0.7982456140350878,0.6374927318295739,-0.16075288220551387,0.16170142021720973,0.35459735053904606,0.5340561193378723,0.10925435049458118
Breast Cancer,7,Random Forest,Temperature scaled,Gaussian noise,2.0,0.5019104579647958,114,0.7982456140350878,0.7213642218982997,-0.07688139213678802,0.09083601778026815,0.3180926825277904,0.4851801991155215,0.10925435049458118
Breast Cancer,7,Random Forest,Raw,Feature masking,0.0,0.5019104579647958,114,0.9649122807017544,0.9221983709271605,-0.04271390977459388,0.06236888053482786,0.06170521748140192,0.11254420613970463,0.002369104848532831
Breast Cancer,7,Random Forest,Temperature scaled,Feature masking,0.0,0.5019104579647958,114,0.9649122807017544,0.960165197968278,-0.004747082733476349,0.04835405931931292,0.05357835696511629,0.08798572235189525,0.002369104848532831
Breast Cancer,7,Random Forest,Raw,Feature masking,0.1,0.5019104579647958,114,0.956140350877193,0.8979193400166557,-0.058221010860537215,0.08260797827908356,0.06738284691132591,0.1349114568327411,0.0022098678326775926
Breast Cancer,7,Random Forest,Temperature scaled,Feature masking,0.1,0.5019104579647958,114,0.956140350877193,0.9525584895123459,-0.003581861364847061,0.0457106296925571,0.05395094380674878,0.08703157733487321,0.0022098678326775926
Breast Cancer,7,Random Forest,Raw,Feature masking,0.2,0.5019104579647958,114,0.956140350877193,0.8721996658312273,-0.08394068504596564,0.09825530492900673,0.07663131411226477,0.1606702532780527,0.0017046050221782624
Breast Cancer,7,Random Forest,Temperature scaled,Feature masking,0.2,0.5019104579647958,114,0.956140350877193,0.9421297273219198,-0.01401062355527316,0.04828834314274944,0.05179570630519352,0.0905518537347849,0.0017046050221782624
Breast Cancer,7,Random Forest,Raw,Feature masking,0.3,0.5019104579647958,114,0.9824561403508771,0.8490388471177945,-0.1334172932330826,0.1421962406015038,0.07582335126944345,0.17800330085281263,0.000553364456675786
Breast Cancer,7,Random Forest,Temperature scaled,Feature masking,0.3,0.5019104579647958,114,0.9824561403508771,0.9389196373598226,-0.04353650299105449,0.052322414471711313,0.0335337401245936,0.07762289217706866,0.000553364456675786
Breast Cancer,7,Random Forest,Raw,Feature masking,0.4,0.5019104579647958,114,0.9473684210526315,0.796835171261487,-0.15053324979114457,0.1505332497911445,0.12530116087759077,0.25473598683424487,0.003776854501680674
Breast Cancer,7,Random Forest,Temperature scaled,Feature masking,0.4,0.5019104579647958,114,0.9473684210526315,0.9042062262587298,-0.04316219479390171,0.05549806612385759,0.07690973875657678,0.14288298485651266,0.003776854501680674
Breast Cancer,7,Random Forest,Raw,Feature masking,0.5,0.5019104579647958,114,0.9298245614035088,0.7803690476190478,-0.14945551378446098,0.15954724310776944,0.1455759711457215,0.2794499842624518,0.005887542622313922
Breast Cancer,7,Random Forest,Temperature scaled,Feature masking,0.5,0.5019104579647958,114,0.9298245614035088,0.8840523901534504,-0.04577217125005839,0.08494268576952818,0.09640942416387634,0.17103752022496424,0.005887542622313922
Breast Cancer,7,Gradient Boosting,Raw,Gaussian noise,0.0,0.7676611730958204,114,0.9473684210526315,0.9723839647715382,0.025015543718906685,0.03467333253030748,0.0598687296325838,0.08908550255716752,0.002146574602267238
Breast Cancer,7,Gradient Boosting,Temperature scaled,Gaussian noise,0.0,0.7676611730958204,114,0.9473684210526315,0.9806056531633783,0.033237232110746806,0.03323723211074684,0.0648375853480915,0.09704022284841432,0.002146574602267238
Breast Cancer,7,Gradient Boosting,Raw,Gaussian noise,0.25,0.7676611730958204,114,0.956140350877193,0.9564243082734152,0.00028395739622222305,0.03620932467081535,0.06669473870922477,0.10343415601457638,0.0032592260699472538
Breast Cancer,7,Gradient Boosting,Temperature scaled,Gaussian noise,0.25,0.7676611730958204,114,0.956140350877193,0.9682534696687778,0.012113118791584832,0.035359562841172226,0.06977244189033097,0.10567209055810521,0.0032592260699472538
Breast Cancer,7,Gradient Boosting,Raw,Gaussian noise,0.5,0.7676611730958204,114,0.9473684210526315,0.9323240073115602,-0.01504441374107135,0.06134720573592688,0.0943224215392929,0.15410769283750822,0.007944422095728187
Breast Cancer,7,Gradient Boosting,Temperature scaled,Gaussian noise,0.5,0.7676611730958204,114,0.9473684210526315,0.9500992801194781,0.002730859066846558,0.04656957930926505,0.09531875569895827,0.15605673378886742,0.007944422095728187
Breast Cancer,7,Gradient Boosting,Raw,Gaussian noise,1.0,0.7676611730958204,114,0.8859649122807017,0.8872605777889357,0.0012956655082340118,0.07075386936629706,0.1854017485964944,0.2981406119648684,0.03320858481877884
Breast Cancer,7,Gradient Boosting,Temperature scaled,Gaussian noise,1.0,0.7676611730958204,114,0.8859649122807017,0.9129609477813916,0.026996035500689852,0.08905871868825573,0.18950937958518202,0.3171286179054446,0.03320858481877884
Breast Cancer,7,Gradient Boosting,Raw,Gaussian noise,1.5,0.7676611730958204,114,0.7719298245614035,0.8626957951820959,0.09076597062069247,0.11812073900806203,0.33844493265147946,0.5425425982462102,0.1124703400441333
Breast Cancer,7,Gradient Boosting,Temperature scaled,Gaussian noise,1.5,0.7676611730958204,114,0.7719298245614035,0.8942277170400456,0.12229789247864209,0.13707110025160874,0.35372245701064586,0.6198284525025551,0.1124703400441333
Breast Cancer,7,Gradient Boosting,Raw,Gaussian noise,2.0,0.7676611730958204,114,0.7280701754385965,0.8392294601168276,0.11115928467823111,0.1535236552830717,0.4080175446199862,0.6373073626414683,0.16803711641601993
Breast Cancer,7,Gradient Boosting,Temperature scaled,Gaussian noise,2.0,0.7676611730958204,114,0.7280701754385965,0.8750991925143848,0.1470290170757883,0.18349151086157867,0.4343212261805678,0.7291242872000802,0.16803711641601993
Breast Cancer,7,Gradient Boosting,Raw,Feature masking,0.0,0.7676611730958204,114,0.9473684210526315,0.9723839647715382,0.025015543718906685,0.03467333253030748,0.0598687296325838,0.08908550255716752,0.002146574602267238
Breast Cancer,7,Gradient Boosting,Temperature scaled,Feature masking,0.0,0.7676611730958204,114,0.9473684210526315,0.9806056531633783,0.033237232110746806,0.03323723211074684,0.0648375853480915,0.09704022284841432,0.002146574602267238
Breast Cancer,7,Gradient Boosting,Raw,Feature masking,0.1,0.7676611730958204,114,0.9473684210526315,0.9645787382561216,0.01721031720349009,0.041268190858228096,0.06267273190992621,0.09799239865921473,0.002654006362947762
Breast Cancer,7,Gradient Boosting,Temperature scaled,Feature masking,0.1,0.7676611730958204,114,0.9473684210526315,0.9756745866977787,0.028306165645147208,0.03429196491348291,0.06646590747181423,0.10281264436733058,0.002654006362947762
Breast Cancer,7,Gradient Boosting,Raw,Feature masking,0.2,0.7676611730958204,114,0.9473684210526315,0.9490843104419436,0.0017158893893121085,0.035753255937134305,0.06925011374333141,0.11479122900387576,0.004613675501483841
Breast Cancer,7,Gradient Boosting,Temperature scaled,Feature masking,0.2,0.7676611730958204,114,0.9473684210526315,0.9613609080453823,0.013992486992750797,0.03518630519221147,0.07059708617247855,0.11695249300726344,0.004613675501483841
Breast Cancer,7,Gradient Boosting,Raw,Feature masking,0.3,0.7676611730958204,114,0.9649122807017544,0.9462289085300245,-0.018683372171729884,0.04356554005417281,0.058038903901302195,0.10339227271899311,0.00306605164513845
Breast Cancer,7,Gradient Boosting,Temperature scaled,Feature masking,0.3,0.7676611730958204,114,0.9649122807017544,0.9616572852064632,-0.0032549954952911797,0.027076420235510747,0.05587280760671091,0.0980732204698697,0.00306605164513845
Breast Cancer,7,Gradient Boosting,Raw,Feature masking,0.4,0.7676611730958204,114,0.9298245614035088,0.9141036960233859,-0.01572086538012285,0.0476855184292466,0.11808049386778993,0.19078627305052664,0.01189830528966341
Breast Cancer,7,Gradient Boosting,Temperature scaled,Feature masking,0.4,0.7676611730958204,114,0.9298245614035088,0.9352062730920426,0.005381711688533852,0.0455066172995632,0.11950515721281017,0.19308488162204318,0.01189830528966341
Breast Cancer,7,Gradient Boosting,Raw,Feature masking,0.5,0.7676611730958204,114,0.9210526315789473,0.921013872043801,-3.875953514631547e-05,0.053963593459046375,0.11365263641594389,0.18785119783375337,0.011631645852172273
Breast Cancer,7,Gradient Boosting,Temperature scaled,Feature masking,0.5,0.7676611730958204,114,0.9210526315789473,0.9431596751213375,0.022107043542390126,0.038953757292702645,0.11670807209495268,0.19142490317654656,0.011631645852172273
Breast Cancer,8,Logistic Regression,Raw,Gaussian noise,0.0,0.7867545451792944,114,0.956140350877193,0.9530664719513865,-0.0030738789258064614,0.030364078434657035,0.05450534133729023,0.09142101874801054,0.0029188289191659695
Breast Cancer,8,Logistic Regression,Temperature scaled,Gaussian noise,0.0,0.7867545451792944,114,0.956140350877193,0.9613174739740232,0.005177123096830272,0.023536625607611616,0.05340356143363655,0.09082851590659635,0.0029188289191659695
Breast Cancer,8,Logistic Regression,Raw,Gaussian noise,0.25,0.7867545451792944,114,0.9385964912280702,0.9591228008522434,0.020526309624173233,0.04122365862532859,0.0824959297846918,0.137050929072871,0.005891223515595283
Breast Cancer,8,Logistic Regression,Temperature scaled,Gaussian noise,0.25,0.7867545451792944,114,0.9385964912280702,0.9683889434522505,0.029792452224180255,0.054089569804365425,0.08560756864055083,0.150297828557743,0.005891223515595283
Breast Cancer,8,Logistic Regression,Raw,Gaussian noise,0.5,0.7867545451792944,114,0.9473684210526315,0.9501295592454522,0.0027611381928206447,0.04322360330269538,0.06874297143151835,0.1139189085627323,0.004167211421193201
Breast Cancer,8,Logistic Regression,Temperature scaled,Gaussian noise,0.5,0.7867545451792944,114,0.9473684210526315,0.9601403713514249,0.01277195029879341,0.03551956149975709,0.06879113126796085,0.11657775522019381,0.004167211421193201
Breast Cancer,8,Logistic Regression,Raw,Gaussian noise,1.0,0.7867545451792944,114,0.8947368421052632,0.9486468965803007,0.053910054475037494,0.08681204779101469,0.1857794641924732,0.4623064180097219,0.0389364999657893
Breast Cancer,8,Logistic Regression,Temperature scaled,Gaussian noise,1.0,0.7867545451792944,114,0.8947368421052632,0.960465134969804,0.06572829286454085,0.08905521628375919,0.1904901911512403,0.5573903922758381,0.0389364999657893
Breast Cancer,8,Logistic Regression,Raw,Gaussian noise,1.5,0.7867545451792944,114,0.8947368421052632,0.9670383767950836,0.07230153468982048,0.09194845736350798,0.18375925121582684,0.4023979881501505,0.02863747673633278
Breast Cancer,8,Logistic Regression,Temperature scaled,Gaussian noise,1.5,0.7867545451792944,114,0.8947368421052632,0.9758493740825074,0.08111253197724422,0.10152011640796307,0.1891192644236113,0.49107971758518026,0.02863747673633278
Breast Cancer,8,Logistic Regression,Raw,Gaussian noise,2.0,0.7867545451792944,114,0.8333333333333334,0.9351154956911167,0.10178216235778337,0.11572613259742039,0.28994570280886967,0.6875366615255236,0.06384752623412036
Breast Cancer,8,Logistic Regression,Temperature scaled,Gaussian noise,2.0,0.7867545451792944,114,0.8333333333333334,0.947241706818566,0.11390837348523264,0.13152917091767663,0.29608531560185586,0.8379799297742606,0.06384752623412036
Breast Cancer,8,Logistic Regression,Raw,Feature masking,0.0,0.7867545451792944,114,0.956140350877193,0.9530664719513865,-0.0030738789258064614,0.030364078434657035,0.05450534133729023,0.09142101874801054,0.0029188289191659695
Breast Cancer,8,Logistic Regression,Temperature scaled,Feature masking,0.0,0.7867545451792944,114,0.956140350877193,0.9613174739740232,0.005177123096830272,0.023536625607611616,0.05340356143363655,0.09082851590659635,0.0029188289191659695
Breast Cancer,8,Logistic Regression,Raw,Feature masking,0.1,0.7867545451792944,114,0.9385964912280702,0.9455353060156504,0.006938814787580183,0.03684865241156714,0.07305275962245261,0.1125123719784612,0.004340687692253591
Breast Cancer,8,Logistic Regression,Temperature scaled,Feature masking,0.1,0.7867545451792944,114,0.9385964912280702,0.9570614976912396,0.018465006463169398,0.039589001736243946,0.07477812476114727,0.11171263588793236,0.004340687692253591
Breast Cancer,8,Logistic Regression,Raw,Feature masking,0.2,0.7867545451792944,114,0.9210526315789473,0.9515195752608999,0.030466943681952574,0.04693892015726583,0.0796976401649862,0.12558638158833635,0.005616964473633086
Breast Cancer,8,Logistic Regression,Temperature scaled,Feature masking,0.2,0.7867545451792944,114,0.9210526315789473,0.9621887080413395,0.041136076462392146,0.047859088150410775,0.08371472351192709,0.13144041588204428,0.005616964473633086
Breast Cancer,8,Logistic Regression,Raw,Feature masking,0.3,0.7867545451792944,114,0.9649122807017544,0.9247074217359725,-0.04020485896578185,0.04912461576057188,0.07703244643770588,0.13509120979080136,0.005946965530634417
Breast Cancer,8,Logistic Regression,Temperature scaled,Feature masking,0.3,0.7867545451792944,114,0.9649122807017544,0.9400234498881317,-0.024888830813622698,0.04151261177862411,0.07387855123134879,0.12922678793262596,0.005946965530634417
Breast Cancer,8,Logistic Regression,Raw,Feature masking,0.4,0.7867545451792944,114,0.9035087719298246,0.9275833886626316,0.024074616732806975,0.06399709808902929,0.12549253738785374,0.18854845909767007,0.010692930411744234
Breast Cancer,8,Logistic Regression,Temperature scaled,Feature masking,0.4,0.7867545451792944,114,0.9035087719298246,0.9456326123673598,0.042123840437535254,0.059113820546235256,0.13345043909675852,0.1958907401873213,0.010692930411744234
Breast Cancer,8,Logistic Regression,Raw,Feature masking,0.5,0.7867545451792944,114,0.9122807017543859,0.8957966131268258,-0.016484088627560123,0.048564462856611104,0.1336034796442589,0.2242477926416888,0.0181599036385492
Breast Cancer,8,Logistic Regression,Temperature scaled,Feature masking,0.5,0.7867545451792944,114,0.9122807017543859,0.9179935328124762,0.005712831058090284,0.037664513919781206,0.13171436554014446,0.22520174782457558,0.0181599036385492
Breast Cancer,8,Random Forest,Raw,Gaussian noise,0.0,0.4715668810147428,114,0.9473684210526315,0.9313629490390368,-0.0160054720135947,0.055237886382395296,0.08503967395671719,0.14231776245893749,0.0064949661849853044
Breast Cancer,8,Random Forest,Temperature scaled,Gaussian noise,0.0,0.4715668810147428,114,0.9473684210526315,0.9652021800655083,0.01783375901287676,0.05300337646597025,0.08704901788301352,0.1689734306257763,0.0064949661849853044
Breast Cancer,8,Random Forest,Raw,Gaussian noise,0.25,0.4715668810147428,114,0.9122807017543859,0.8984041771093612,-0.013876524645024757,0.07928137009197536,0.11285786247284879,0.1868074143000419,0.010636894629801493
Breast Cancer,8,Random Forest,Temperature scaled,Gaussian noise,0.25,0.4715668810147428,114,0.9122807017543859,0.9527330042383877,0.04045230248400178,0.07593373962898942,0.11663750558878773,0.1972540083125237,0.010636894629801493
Breast Cancer,8,Random Forest,Raw,Gaussian noise,0.5,0.4715668810147428,114,0.9298245614035088,0.8339906432748101,-0.09583391812869868,0.11393074352552421,0.12458471405338742,0.22788626031141068,0.007809229586967229
Breast Cancer,8,Random Forest,Temperature scaled,Gaussian noise,0.5,0.4715668810147428,114,0.9298245614035088,0.9181415328725251,-0.011683028530983686,0.04479400631124655,0.094266210489885,0.15898466581695783,0.007809229586967229
Breast Cancer,8,Random Forest,Raw,Gaussian noise,1.0,0.4715668810147428,114,0.7894736842105263,0.7202506683375105,-0.06922301587301583,0.09026746031746029,0.2782029455515773,0.4341901006070137,0.06849205250276906
Breast Cancer,8,Random Forest,Temperature scaled,Gaussian noise,1.0,0.4715668810147428,114,0.7894736842105263,0.8240615307283601,0.034587846517833754,0.07648585257351578,0.2616167211883361,0.39739145150973587,0.06849205250276906
Breast Cancer,8,Random Forest,Raw,Gaussian noise,1.5,0.4715668810147428,114,0.8157894736842105,0.6711765664160401,-0.14461290726817044,0.14461290726817033,0.30416579619405654,0.4766818042771648,0.06328149216927426
Breast Cancer,8,Random Forest,Temperature scaled,Gaussian noise,1.5,0.4715668810147428,114,0.8157894736842105,0.7835029998078974,-0.032286473876313115,0.05584762114616411,0.25804553141035447,0.39835995616712333,0.06328149216927426
Breast Cancer,8,Random Forest,Raw,Gaussian noise,2.0,0.4715668810147428,114,0.7017543859649122,0.6565519632414369,-0.0452024227234753,0.10329072681704261,0.3740472523085491,0.5530348524386991,0.1480177402309341
Breast Cancer,8,Random Forest,Temperature scaled,Gaussian noise,2.0,0.4715668810147428,114,0.7017543859649122,0.7650246570464578,0.06327027108154559,0.10442188706302492,0.3688964201253933,0.5388387020080948,0.1480177402309341
Breast Cancer,8,Random Forest,Raw,Feature masking,0.0,0.4715668810147428,114,0.9473684210526315,0.9313629490390368,-0.0160054720135947,0.05523788638239522,0.08503967395671719,0.14231776245893749,0.0064949661849853044
Breast Cancer,8,Random Forest,Temperature scaled,Feature masking,0.0,0.4715668810147428,114,0.9473684210526315,0.9652021800655083,0.01783375901287676,0.05300337646597027,0.08704901788301352,0.16897343062577627,0.0064949661849853044
Breast Cancer,8,Random Forest,Raw,Feature masking,0.1,0.4715668810147428,114,0.9385964912280702,0.9080732664995121,-0.030523224728558063,0.060841687552284106,0.0964077901977165,0.16560021837823133,0.007841323385191739
Breast Cancer,8,Random Forest,Temperature scaled,Feature masking,0.1,0.4715668810147428,114,0.9385964912280702,0.9585421278917026,0.01994563666363236,0.04816842908592509,0.097679029904299,0.17106821671698139,0.007841323385191739
Breast Cancer,8,Random Forest,Raw,Feature masking,0.2,0.4715668810147428,114,0.9122807017543859,0.8890817460317283,-0.02319895572265762,0.09609653299918212,0.10734697687432868,0.194819849917905,0.012850274603106882
Breast Cancer,8,Random Forest,Temperature scaled,Feature masking,0.2,0.4715668810147428,114,0.9122807017543859,0.9568064252513099,0.044525723496923963,0.0528666872819885,0.10948110733989591,0.19148803798113515,0.012850274603106882
Breast Cancer,8,Random Forest,Raw,Feature masking,0.3,0.4715668810147428,114,0.9298245614035088,0.8692643692564744,-0.06056019214703434,0.07079887218045111,0.12093333784500934,0.2235471775717983,0.014515784355675482
Breast Cancer,8,Random Forest,Temperature scaled,Feature masking,0.3,0.4715668810147428,114,0.9298245614035088,0.9541981048893157,0.024373543485806892,0.04853568394718863,0.11425035323427211,0.20894118721864133,0.014515784355675482
Breast Cancer,8,Random Forest,Raw,Feature masking,0.4,0.4715668810147428,114,0.9385964912280702,0.8409659983291563,-0.0976304928989139,0.09763049289891386,0.13487580135895294,0.25166048918081324,0.023051208301500727
Breast Cancer,8,Random Forest,Temperature scaled,Feature masking,0.4,0.4715668810147428,114,0.9385964912280702,0.9343181794161897,-0.004278311811880542,0.036779856815342724,0.11337056651683775,0.21623996730483186,0.022737925093480677
Breast Cancer,8,Random Forest,Raw,Feature masking,0.5,0.4715668810147428,114,0.9035087719298246,0.8029569757727655,-0.10055179615705911,0.10055179615705932,0.18194204498707087,0.3150332602339322,0.030337843838047555
Breast Cancer,8,Random Forest,Temperature scaled,Feature masking,0.5,0.4715668810147428,114,0.9035087719298246,0.9085541753658807,0.005045403436056084,0.07465263938881163,0.1631700602925638,0.2803148158736416,0.030337843838047555
Breast Cancer,8,Gradient Boosting,Raw,Gaussian noise,0.0,0.9197735689573819,114,0.9649122807017544,0.9620464209590684,-0.002865859742685939,0.023673317522571832,0.06428643586177746,0.12422676727897733,0.005087093909085242
Breast Cancer,8,Gradient Boosting,Temperature scaled,Gaussian noise,0.0,0.9197735689573819,114,0.9649122807017544,0.9654301771455378,0.0005178964437834166,0.025705922917619445,0.0640861247549935,0.12721011716227823,0.005087093909085242
Breast Cancer,8,Gradient Boosting,Raw,Gaussian noise,0.25,0.9197735689573819,114,0.9385964912280702,0.9557293181591869,0.01713282693111673,0.040524970667616095,0.09748219883866395,0.18210097496456112,0.012616173586587044
Breast Cancer,8,Gradient Boosting,Temperature scaled,Gaussian noise,0.25,0.9197735689573819,114,0.9385964912280702,0.9595510871474159,0.020954595919345675,0.039722986991253345,0.09842186668633766,0.1889194676882969,0.012616173586587044
Breast Cancer,8,Gradient Boosting,Raw,Gaussian noise,0.5,0.9197735689573819,114,0.9298245614035088,0.9301564756951654,0.0003319142916565765,0.058499710473670835,0.12023131159055261,0.2058036864527423,0.015261493481854243
Breast Cancer,8,Gradient Boosting,Temperature scaled,Gaussian noise,0.5,0.9197735689573819,114,0.9298245614035088,0.9364358693175646,0.006611307914055842,0.04353786868313046,0.12091281066085421,0.20921134723744772,0.015261493481854243
Breast Cancer,8,Gradient Boosting,Raw,Gaussian noise,1.0,0.9197735689573819,114,0.7982456140350878,0.8808281172349096,0.08258250319982186,0.1397252572238593,0.3253286365343995,0.5642032125021352,0.10333383900271509
Breast Cancer,8,Gradient Boosting,Temperature scaled,Gaussian noise,1.0,0.9197735689573819,114,0.7982456140350878,0.8892430224440342,0.09099740840894643,0.14831447959865077,0.3290745926531235,0.5907602913036575,0.10333383900271509
Breast Cancer,8,Gradient Boosting,Raw,Gaussian noise,1.5,0.9197735689573819,114,0.7280701754385965,0.8577213688637844,0.12965119342518783,0.1321069622145361,0.3609089502801035,0.563000964876135,0.1152807960513659
Breast Cancer,8,Gradient Boosting,Temperature scaled,Gaussian noise,1.5,0.9197735689573819,114,0.7280701754385965,0.8679609357616445,0.13989076032304792,0.13989076032304812,0.3669273571246912,0.5848643885371348,0.1152807960513659
Breast Cancer,8,Gradient Boosting,Raw,Gaussian noise,2.0,0.9197735689573819,114,0.6578947368421053,0.8402648594650909,0.18237012262298558,0.19656881293845302,0.5090578793562139,0.7937908919885367,0.21737940937896003
Breast Cancer,8,Gradient Boosting,Temperature scaled,Gaussian noise,2.0,0.9197735689573819,114,0.6578947368421053,0.8510963362607263,0.19320159941862103,0.19741233529687202,0.5196646458603218,0.833089246663672,0.21737940937896003
Breast Cancer,8,Gradient Boosting,Raw,Feature masking,0.0,0.9197735689573819,114,0.9649122807017544,0.9620464209590684,-0.002865859742685939,0.023673317522571832,0.06428643586177746,0.12422676727897733,0.005087093909085242
Breast Cancer,8,Gradient Boosting,Temperature scaled,Feature masking,0.0,0.9197735689573819,114,0.9649122807017544,0.9654301771455378,0.0005178964437834166,0.025705922917619445,0.0640861247549935,0.12721011716227823,0.005087093909085242
Breast Cancer,8,Gradient Boosting,Raw,Feature masking,0.1,0.9197735689573819,114,0.9473684210526315,0.9623675640914404,0.014999143038808893,0.041484268339629815,0.07036996097292761,0.12806542606837854,0.005502685606477357
Breast Cancer,8,Gradient Boosting,Temperature scaled,Feature masking,0.1,0.9197735689573819,114,0.9473684210526315,0.9663717496957959,0.01900332864316434,0.024168707442772733,0.0708148646843633,0.13085456811889745,0.005502685606477357
Breast Cancer,8,Gradient Boosting,Raw,Feature masking,0.2,0.9197735689573819,114,0.9122807017543859,0.9427441807824402,0.03046347902805424,0.034310823372980304,0.10126248046283823,0.15892762403458277,0.00851411797405885
Breast Cancer,8,Gradient Boosting,Temperature scaled,Feature masking,0.2,0.9197735689573819,114,0.9122807017543859,0.9470012659461471,0.03472056419176117,0.03824559588668166,0.1025224323928451,0.16172649844552778,0.00851411797405885
Breast Cancer,8,Gradient Boosting,Raw,Feature masking,0.3,0.9197735689573819,114,0.9122807017543859,0.9342773225335673,0.02199662077918141,0.029718586521469657,0.12048921140749438,0.2113044424662045,0.016563616177233127
Breast Cancer,8,Gradient Boosting,Temperature scaled,Feature masking,0.3,0.9197735689573819,114,0.9122807017543859,0.94043956682498,0.028158865070594064,0.051947949019650635,0.12120260014642247,0.21589034991612005,0.016563616177233127
Breast Cancer,8,Gradient Boosting,Raw,Feature masking,0.4,0.9197735689573819,114,0.9298245614035088,0.9007472960459811,-0.029077265357527637,0.050511648579293994,0.11684395637666026,0.22354071401983666,0.018536067227060162
Breast Cancer,8,Gradient Boosting,Temperature scaled,Feature masking,0.4,0.9197735689573819,114,0.9298245614035088,0.9071694395914792,-0.022655121812029555,0.04518118572403248,0.11474995042432674,0.22471376877447893,0.018536067227060162
Breast Cancer,8,Gradient Boosting,Raw,Feature masking,0.5,0.9197735689573819,114,0.8333333333333334,0.9066671726630002,0.07333383932966686,0.07333383932966685,0.22410338121147172,0.3586158801665889,0.04307240998588547
Breast Cancer,8,Gradient Boosting,Temperature scaled,Feature masking,0.5,0.9197735689573819,114,0.8333333333333334,0.9142804456861127,0.0809471123527793,0.08135004111506199,0.2279049508537786,0.3711991038038816,0.04307240998588547
Breast Cancer,9,Logistic Regression,Raw,Gaussian noise,0.0,0.7173502011981836,114,1.0,0.9778493059308584,-0.022150694069141608,0.022150694069141528,0.007121353703582654,0.02439416340104514,0.0
Breast Cancer,9,Logistic Regression,Temperature scaled,Gaussian noise,0.0,0.7173502011981836,114,1.0,0.9885521311203229,-0.011447868879677081,0.011447868879676864,0.0040867578871107025,0.0127613748184515,0.0
Breast Cancer,9,Logistic Regression,Raw,Gaussian noise,0.25,0.7173502011981836,114,0.9912280701754386,0.9751495895922495,-0.01607848058318906,0.026685982457369063,0.011978217250196448,0.031115381317826606,3.847337642351505e-05
Breast Cancer,9,Logistic Regression,Temperature scaled,Gaussian noise,0.25,0.7173502011981836,114,0.9912280701754386,0.9866186781371886,-0.004609392038249949,0.015905183894550617,0.009320158192673143,0.019880420759180697,3.847337642351505e-05
Breast Cancer,9,Logistic Regression,Raw,Gaussian noise,0.5,0.7173502011981836,114,0.9824561403508771,0.9694778986293359,-0.012978241721541273,0.03500809605287879,0.028849171131551266,0.0530500064640293,0.0004678701467979039
Breast Cancer,9,Logistic Regression,Temperature scaled,Gaussian noise,0.5,0.7173502011981836,114,0.9824561403508771,0.9823618518093854,-9.428854149173826e-05,0.025915173712007352,0.028914271543318833,0.046051847655783656,0.0004678701467979039
Breast Cancer,9,Logistic Regression,Raw,Gaussian noise,1.0,0.7173502011981836,114,0.9298245614035088,0.9645414390100808,0.03471687760657205,0.05528377048561574,0.11832828995282238,0.1974339390666355,0.009411799131737746
Breast Cancer,9,Logistic Regression,Temperature scaled,Gaussian noise,1.0,0.7173502011981836,114,0.9298245614035088,0.9759827638128007,0.046158202409291915,0.06172814373582005,0.12620924535585196,0.24561202106555532,0.009411799131737746
Breast Cancer,9,Logistic Regression,Raw,Gaussian noise,1.5,0.7173502011981836,114,0.9035087719298246,0.9573411142419221,0.05383234231209755,0.06831143543380723,0.1572761868304282,0.4051904587187565,0.02870704712616342
Breast Cancer,9,Logistic Regression,Temperature scaled,Gaussian noise,1.5,0.7173502011981836,114,0.9035087719298246,0.969688912785563,0.06618014085573842,0.08485710886436482,0.1639733061469891,0.530274153356212,0.02870704712616342
Breast Cancer,9,Logistic Regression,Raw,Gaussian noise,2.0,0.7173502011981836,114,0.8333333333333334,0.9501967638117441,0.11686343047841075,0.1292118463968967,0.2532164878285829,0.6636929134374309,0.054573320237854314
Breast Cancer,9,Logistic Regression,Temperature scaled,Gaussian noise,2.0,0.7173502011981836,114,0.8333333333333334,0.9639264237089459,0.1305930903756125,0.13721605300088352,0.2687494063205639,0.885664250588494,0.054573320237854314
Breast Cancer,9,Logistic Regression,Raw,Feature masking,0.0,0.7173502011981836,114,1.0,0.9778493059308584,-0.022150694069141608,0.022150694069141528,0.007121353703582654,0.02439416340104514,0.0
Breast Cancer,9,Logistic Regression,Temperature scaled,Feature masking,0.0,0.7173502011981836,114,1.0,0.9885521311203229,-0.011447868879677081,0.011447868879676864,0.0040867578871107025,0.0127613748184515,0.0
Breast Cancer,9,Logistic Regression,Raw,Feature masking,0.1,0.7173502011981836,114,1.0,0.9701272998251208,-0.029872700174879196,0.029872700174879117,0.0111689347580691,0.03341028342857496,0.0
Breast Cancer,9,Logistic Regression,Temperature scaled,Feature masking,0.1,0.7173502011981836,114,1.0,0.9831253183916672,-0.01687468160833283,0.016874681608332734,0.00664547153992249,0.018985137028591226,0.0
Breast Cancer,9,Logistic Regression,Raw,Feature masking,0.2,0.7173502011981836,114,0.9912280701754386,0.9543140036723975,-0.036914066503041076,0.03691406650304107,0.02268928996899275,0.05519521771948922,0.00011610107398600557
Breast Cancer,9,Logistic Regression,Temperature scaled,Feature masking,0.2,0.7173502011981836,114,0.9912280701754386,0.972206824343748,-0.019021245831690514,0.019021245831690584,0.01755417187341125,0.03647624707102774,0.00011610107398600557
Breast Cancer,9,Logistic Regression,Raw,Feature masking,0.3,0.7173502011981836,114,0.9824561403508771,0.9439211621340923,-0.038534978216784865,0.051271106526251435,0.030359998456803924,0.06955250288555416,0.0003105229499770234
Breast Cancer,9,Logistic Regression,Temperature scaled,Feature masking,0.3,0.7173502011981836,114,0.9824561403508771,0.9646967333580949,-0.017759406992782223,0.03904449583585904,0.023288179959838232,0.04795259930019674,0.0003105229499770234
Breast Cancer,9,Logistic Regression,Raw,Feature masking,0.4,0.7173502011981836,114,0.9912280701754386,0.934511707961046,-0.05671636221439258,0.05671636221439266,0.03690245884940018,0.08320867774823677,0.0005968717328182652
Breast Cancer,9,Logistic Regression,Temperature scaled,Feature masking,0.4,0.7173502011981836,114,0.9912280701754386,0.9586941389879886,-0.03253393118744996,0.03399071461481956,0.028614871888633396,0.058888907750891735,0.0005968717328182652
Breast Cancer,9,Logistic Regression,Raw,Feature masking,0.5,0.7173502011981836,114,0.9912280701754386,0.9016556992166105,-0.08957237095882808,0.08957237095882807,0.05621360423048487,0.12015669425896475,0.0005968717328182652
Breast Cancer,9,Logistic Regression,Temperature scaled,Feature masking,0.5,0.7173502011981836,114,0.9912280701754386,0.9316788644441589,-0.05954920573127964,0.05954920573127961,0.04185900541452404,0.08670239647783969,0.0005968717328182652
Breast Cancer,9,Random Forest,Raw,Gaussian noise,0.0,0.7026959062944069,114,0.956140350877193,0.9318055137842596,-0.02433483709293338,0.06185112781975069,0.05819821222978082,0.10236757537110795,0.002418029959038188
Breast Cancer,9,Random Forest,Temperature scaled,Gaussian noise,0.0,0.7026959062944069,114,0.956140350877193,0.9532551559332642,-0.002885194943928804,0.04875913249582375,0.05567463417229239,0.08647506671894929,0.002418029959038188
Breast Cancer,9,Random Forest,Raw,Gaussian noise,0.25,0.7026959062944069,114,0.9649122807017544,0.8984096073516425,-0.06650267335011184,0.08223291562245949,0.08166454780284044,0.14674611219460792,0.004714649618024718
Breast Cancer,9,Random Forest,Temperature scaled,Gaussian noise,0.25,0.7026959062944069,114,0.9649122807017544,0.928653535972043,-0.036258744729711356,0.06856840223427732,0.07472487298038982,0.12209658949456302,0.004714649618024718
Breast Cancer,9,Random Forest,Raw,Gaussian noise,0.5,0.7026959062944069,114,0.9298245614035088,0.8455482038429054,-0.08427635756060337,0.12046934001674355,0.1139351425906035,0.21290682594038798,0.008059262167914402
Breast Cancer,9,Random Forest,Temperature scaled,Gaussian noise,0.5,0.7026959062944069,114,0.9298245614035088,0.8893130152606266,-0.040511546142882215,0.08251217538644565,0.09529154321976441,0.17255953198127846,0.008059262167914402
Breast Cancer,9,Random Forest,Raw,Gaussian noise,1.0,0.7026959062944069,114,0.9210526315789473,0.7900097326649956,-0.1310428989139517,0.1407999582289056,0.1559954786517882,0.28114342177741847,0.010105114474800631
Breast Cancer,9,Random Forest,Temperature scaled,Gaussian noise,1.0,0.7026959062944069,114,0.9210526315789473,0.841384299656579,-0.07966833192236833,0.08984182657215052,0.12916245989148678,0.2289124878927871,0.010105114474800631
Breast Cancer,9,Random Forest,Raw,Gaussian noise,1.5,0.7026959062944069,114,0.7982456140350878,0.7113925647451963,-0.08685304928989146,0.13114644945697573,0.266189862764053,0.42216027821087804,0.051001027133794646
Breast Cancer,9,Random Forest,Temperature scaled,Gaussian noise,1.5,0.7026959062944069,114,0.7982456140350878,0.7609079006797225,-0.03733771335536529,0.1035407440883978,0.2443007230508502,0.3829953491101049,0.051001027133794646
Breast Cancer,9,Random Forest,Raw,Gaussian noise,2.0,0.7026959062944069,114,0.7456140350877193,0.6745611111111112,-0.07105292397660812,0.09901507936507939,0.3431609110900267,0.5118707608534994,0.11932749843984297
Breast Cancer,9,Random Forest,Temperature scaled,Gaussian noise,2.0,0.7026959062944069,114,0.7456140350877193,0.7186284833758942,-0.02698555171182504,0.09073540036047995,0.3335387131854411,0.49323544803107444,0.11932749843984297
Breast Cancer,9,Random Forest,Raw,Feature masking,0.0,0.7026959062944069,114,0.956140350877193,0.9318055137842596,-0.02433483709293338,0.061851127819750676,0.05819821222978082,0.10236757537110797,0.002418029959038188
Breast Cancer,9,Random Forest,Temperature scaled,Feature masking,0.0,0.7026959062944069,114,0.956140350877193,0.9532551559332642,-0.002885194943928804,0.048759132495823754,0.05567463417229238,0.08647506671894928,0.002418029959038188
Breast Cancer,9,Random Forest,Raw,Feature masking,0.1,0.7026959062944069,114,0.956140350877193,0.9013261487050171,-0.05481420217217581,0.09263341687560112,0.06766452953972232,0.1359613814168058,0.0028265280923539648
Breast Cancer,9,Random Forest,Temperature scaled,Feature masking,0.1,0.7026959062944069,114,0.956140350877193,0.9378297984948645,-0.018310552382328482,0.05509855812491561,0.059505394123976894,0.10356435631691054,0.0028265280923539648
Breast Cancer,9,Random Forest,Raw,Feature masking,0.2,0.7026959062944069,114,0.9298245614035088,0.867481829573926,-0.06234273182958272,0.08996553884712657,0.0893639054147273,0.1761399465652933,0.0044156826887602856
Breast Cancer,9,Random Forest,Temperature scaled,Feature masking,0.2,0.7026959062944069,114,0.9298245614035088,0.9106004963120234,-0.01922406509148533,0.06852033569739162,0.07630846693138887,0.13485290242562484,0.0044156826887602856
Breast Cancer,9,Random Forest,Raw,Feature masking,0.3,0.7026959062944069,114,0.956140350877193,0.8316203425229654,-0.12452000835422761,0.1249367167919887,0.10606849051318773,0.2186482547220042,0.003882447117970907
Breast Cancer,9,Random Forest,Temperature scaled,Feature masking,0.3,0.7026959062944069,114,0.956140350877193,0.8872902702900609,-0.06885008058713205,0.08477943375506032,0.08051129670623676,0.16216727120962104,0.003882447117970907
Breast Cancer,9,Random Forest,Raw,Feature masking,0.4,0.7026959062944069,114,0.956140350877193,0.819170634920635,-0.13696971595655794,0.136969715956558,0.11585854598281416,0.23312420484974156,0.004968742825939588
Breast Cancer,9,Random Forest,Temperature scaled,Feature masking,0.4,0.7026959062944069,114,0.956140350877193,0.8747955734601277,-0.08134477741706525,0.08408464143821374,0.08859888208683443,0.1752323484323179,0.004968742825939588
Breast Cancer,9,Random Forest,Raw,Feature masking,0.5,0.7026959062944069,114,0.9473684210526315,0.784536173767744,-0.16283224728488754,0.16283224728488757,0.1416770493026216,0.27700779924537977,0.005437365587386012
Breast Cancer,9,Random Forest,Temperature scaled,Feature masking,0.5,0.7026959062944069,114,0.9473684210526315,0.845505310118482,-0.10186311093414957,0.1108647060163979,0.1066980543604267,0.21131438990275805,0.005437365587386012
Breast Cancer,9,Gradient Boosting,Raw,Gaussian noise,0.0,1.5706489527383232,114,0.9824561403508771,0.9763890108717276,-0.006067129479149558,0.02375499369290257,0.026809379862179305,0.04662601492707423,0.0006353451092417802
Breast Cancer,9,Gradient Boosting,Temperature scaled,Gaussian noise,0.0,1.5706489527383232,114,0.9824561403508771,0.9516888619294003,-0.030767278421476862,0.03974686855857607,0.030415896427081722,0.06686406372472381,0.0006353451092417802
Breast Cancer,9,Gradient Boosting,Raw,Gaussian noise,0.25,1.5706489527383232,114,0.9736842105263158,0.9778863772222413,0.004202166695925436,0.017068438502379407,0.04708636445978727,0.08487158911855673,0.002262481554727391
Breast Cancer,9,Gradient Boosting,Temperature scaled,Gaussian noise,0.25,1.5706489527383232,114,0.9736842105263158,0.9468038444854237,-0.026880366040892167,0.03277826983151064,0.04819085613750529,0.09701909873668055,0.002262481554727391
Breast Cancer,9,Gradient Boosting,Raw,Gaussian noise,0.5,1.5706489527383232,114,0.9210526315789473,0.9441589469363846,0.023106315357437235,0.02886338535502981,0.09883671615354793,0.17682999406319674,0.011224627163818933
Breast Cancer,9,Gradient Boosting,Temperature scaled,Gaussian noise,0.5,1.5706489527383232,114,0.9210526315789473,0.9034033888782662,-0.017649242700681134,0.0526084277421274,0.10205498795959173,0.18345709125364754,0.011224627163818933
Breast Cancer,9,Gradient Boosting,Raw,Gaussian noise,1.0,1.5706489527383232,114,0.8596491228070176,0.9328913381442001,0.07324221533718256,0.0818784449320845,0.20614298328129285,0.3558126121332544,0.03480652127496242
Breast Cancer,9,Gradient Boosting,Temperature scaled,Gaussian noise,1.0,1.5706489527383232,114,0.8596491228070176,0.8880436930668375,0.02839457025981995,0.04689640488236114,0.19141428961804968,0.30724885821004,0.03480652127496242
Breast Cancer,9,Gradient Boosting,Raw,Gaussian noise,1.5,1.5706489527383232,114,0.7280701754385965,0.8763615889990286,0.14829141356043207,0.14829141356043207,0.357806108440573,0.5536901784563564,0.09970335790876915
Breast Cancer,9,Gradient Boosting,Temperature scaled,Gaussian noise,1.5,1.5706489527383232,114,0.7280701754385965,0.8189634658295531,0.09089329039095662,0.1143146818091679,0.32257402626049064,0.4766872737561948,0.09970335790876915
Breast Cancer,9,Gradient Boosting,Raw,Gaussian noise,2.0,1.5706489527383232,114,0.6929824561403509,0.8405984665466897,0.14761601040633876,0.14761601040633868,0.43314730326242074,0.7411814079512093,0.18404647492977563
Breast Cancer,9,Gradient Boosting,Temperature scaled,Gaussian noise,2.0,1.5706489527383232,114,0.6929824561403509,0.7825312975759109,0.08954884143555997,0.09718123470072491,0.40449057532426574,0.615694193041989,0.18404647492977563
Breast Cancer,9,Gradient Boosting,Raw,Feature masking,0.0,1.5706489527383232,114,0.9824561403508771,0.9763890108717276,-0.006067129479149558,0.02375499369290257,0.026809379862179305,0.04662601492707423,0.0006353451092417802
Breast Cancer,9,Gradient Boosting,Temperature scaled,Feature masking,0.0,1.5706489527383232,114,0.9824561403508771,0.9516888619294003,-0.030767278421476862,0.03974686855857607,0.030415896427081722,0.06686406372472381,0.0006353451092417802
Breast Cancer,9,Gradient Boosting,Raw,Feature masking,0.1,1.5706489527383232,114,0.9912280701754386,0.9685942375952711,-0.02263383258016749,0.03170810956615904,0.030362184962476564,0.057329162284545994,0.0009326778228833769
Breast Cancer,9,Gradient Boosting,Temperature scaled,Feature masking,0.1,1.5706489527383232,114,0.9912280701754386,0.9378475592774885,-0.05338051089795004,0.053380510897950095,0.03747850893645753,0.08395619289308581,0.0009326778228833769
Breast Cancer,9,Gradient Boosting,Raw,Feature masking,0.2,1.5706489527383232,114,0.9649122807017544,0.9563790810794744,-0.008533199622279941,0.03387439136935958,0.05539447162528654,0.093487677259077,0.002499944275651659
Breast Cancer,9,Gradient Boosting,Temperature scaled,Feature masking,0.2,1.5706489527383232,114,0.9649122807017544,0.9155513226171141,-0.04936095808464025,0.06501234327618118,0.06181556402277589,0.12391379652708079,0.002499944275651659
Breast Cancer,9,Gradient Boosting,Raw,Feature masking,0.3,1.5706489527383232,114,0.956140350877193,0.9518070836947425,-0.004333267182450418,0.04121362505901338,0.05766591247293337,0.09586852981327704,0.002600841807285923
Breast Cancer,9,Gradient Boosting,Temperature scaled,Feature masking,0.3,1.5706489527383232,114,0.956140350877193,0.9066452603544186,-0.04949509052277434,0.07316640788012846,0.0644583496478858,0.13211723602784411,0.002600841807285923
Breast Cancer,9,Gradient Boosting,Raw,Feature masking,0.4,1.5706489527383232,114,0.9649122807017544,0.9390083722992771,-0.02590390840247725,0.028355636431045,0.062069236434685364,0.11206351409898883,0.003626779432906942
Breast Cancer,9,Gradient Boosting,Temperature scaled,Feature masking,0.4,1.5706489527383232,114,0.9649122807017544,0.8957588579655701,-0.0691534227361843,0.06915342273618433,0.07347849300647984,0.14705264162291265,0.003626779432906942
Breast Cancer,9,Gradient Boosting,Raw,Feature masking,0.5,1.5706489527383232,114,0.9298245614035088,0.936096688012565,0.006272126609056183,0.05609930452807286,0.10712342575379011,0.17023579200597888,0.008045606957768016
Breast Cancer,9,Gradient Boosting,Temperature scaled,Feature masking,0.5,1.5706489527383232,114,0.9298245614035088,0.8831637585362762,-0.04666080286723262,0.09823807957107004,0.10918412442144833,0.1957310314669357,0.008045606957768016
Breast Cancer,10,Logistic Regression,Raw,Gaussian noise,0.0,1.5520771152434885,114,0.9736842105263158,0.9677916778191268,-0.0058925327071890354,0.0246918317950152,0.03953817544459325,0.06707717838707614,0.0015051688707070885
Breast Cancer,10,Logistic Regression,Temperature scaled,Gaussian noise,0.0,1.5520771152434885,114,0.9736842105263158,0.9458796141778383,-0.02780459634847754,0.03503113849205579,0.044758713710477835,0.08229799246293534,0.0015051688707070885
Breast Cancer,10,Logistic Regression,Raw,Gaussian noise,0.25,1.5520771152434885,114,0.956140350877193,0.9675084987978692,0.011368147920676197,0.023460137642869014,0.05304294186840852,0.07974130672033403,0.0021051469680935966
Breast Cancer,10,Logistic Regression,Temperature scaled,Gaussian noise,0.25,1.5520771152434885,114,0.956140350877193,0.9459842043097599,-0.010156146567433022,0.03269832071134833,0.05244904868533964,0.08989793510094458,0.0021051469680935966
Breast Cancer,10,Logistic Regression,Raw,Gaussian noise,0.5,1.5520771152434885,114,0.956140350877193,0.9502702562079839,-0.005870094669209069,0.04138833370921639,0.07300189587783938,0.11193133505803056,0.004063558237191801
Breast Cancer,10,Logistic Regression,Temperature scaled,Gaussian noise,0.5,1.5520771152434885,114,0.956140350877193,0.9298784390369658,-0.026261911840227192,0.048630026086737235,0.07405760700388694,0.11844940125648822,0.004063558237191801
Breast Cancer,10,Logistic Regression,Raw,Gaussian noise,1.0,1.5520771152434885,114,0.956140350877193,0.9681218362242661,0.011981485347073106,0.051884385465725595,0.0795058292472307,0.13448273083429746,0.004565080476922308
Breast Cancer,10,Logistic Regression,Temperature scaled,Gaussian noise,1.0,1.5520771152434885,114,0.956140350877193,0.9457307017268496,-0.01040964915034337,0.05476423608857016,0.07743823816646014,0.12586728497303498,0.004565080476922308
Breast Cancer,10,Logistic Regression,Raw,Gaussian noise,1.5,1.5520771152434885,114,0.8596491228070176,0.9559203784152399,0.09627125560822236,0.12733554840147734,0.24404221377696309,0.6251064087999518,0.04806765689782617
Breast Cancer,10,Logistic Regression,Temperature scaled,Gaussian noise,1.5,1.5520771152434885,114,0.8596491228070176,0.9307831452581908,0.07113402245117328,0.10209212881607843,0.23251121067541616,0.45117277289023894,0.04806765689782617
Breast Cancer,10,Logistic Regression,Raw,Gaussian noise,2.0,1.5520771152434885,114,0.8421052631578947,0.9529440571603446,0.11083879400244989,0.1251833399580033,0.26649226266612547,0.7161933759349456,0.055852030563656285
Breast Cancer,10,Logistic Regression,Temperature scaled,Gaussian noise,2.0,1.5520771152434885,114,0.8421052631578947,0.9284402792537513,0.08633501609585659,0.1133175105108889,0.24850108687691147,0.5105584853896872,0.055852030563656285
Breast Cancer,10,Logistic Regression,Raw,Feature masking,0.0,1.5520771152434885,114,0.9736842105263158,0.9677916778191268,-0.0058925327071890354,0.0246918317950152,0.03953817544459325,0.06707717838707614,0.0015051688707070885
Breast Cancer,10,Logistic Regression,Temperature scaled,Feature masking,0.0,1.5520771152434885,114,0.9736842105263158,0.9458796141778383,-0.02780459634847754,0.03503113849205579,0.044758713710477835,0.08229799246293534,0.0015051688707070885
Breast Cancer,10,Logistic Regression,Raw,Feature masking,0.1,1.5520771152434885,114,0.9736842105263158,0.9602758622023522,-0.013408348323963648,0.022385500360912147,0.044349709056632165,0.07357754044086502,0.0015748220866108875
Breast Cancer,10,Logistic Regression,Temperature scaled,Feature masking,0.1,1.5520771152434885,114,0.9736842105263158,0.9372834917250372,-0.0364007188012786,0.03849299868154802,0.049951461571359324,0.09127443950051295,0.0015748220866108875
Breast Cancer,10,Logistic Regression,Raw,Feature masking,0.2,1.5520771152434885,114,0.9649122807017544,0.9605337360660561,-0.0043785446356983115,0.04266925389718092,0.04813123128481052,0.077913109015115,0.0015050398179962524
Breast Cancer,10,Logistic Regression,Temperature scaled,Feature masking,0.2,1.5520771152434885,114,0.9649122807017544,0.9316750800328158,-0.03323720066893854,0.035638987684168615,0.05311079419697197,0.09997739480211441,0.0015050398179962524
Breast Cancer,10,Logistic Regression,Raw,Feature masking,0.3,1.5520771152434885,114,0.9649122807017544,0.9463469803639787,-0.018565300337775703,0.028027743296472826,0.05308797868883613,0.09363521066839531,0.0020853951442485735
Breast Cancer,10,Logistic Regression,Temperature scaled,Feature masking,0.3,1.5520771152434885,114,0.9649122807017544,0.9080011479446563,-0.05691113275709814,0.057264240216871945,0.06400920856294996,0.12695151377610278,0.0020853951442485735
Breast Cancer,10,Logistic Regression,Raw,Feature masking,0.4,1.5520771152434885,114,0.9473684210526315,0.942921041031499,-0.004447380021132541,0.04234567781251451,0.0640649136845126,0.1059296316428963,0.0026258410289423237
Breast Cancer,10,Logistic Regression,Temperature scaled,Feature masking,0.4,1.5520771152434885,114,0.9473684210526315,0.9015014092476031,-0.04586701180502839,0.08290054260169052,0.07220609192948657,0.13959576551607633,0.0026258410289423237
Breast Cancer,10,Logistic Regression,Raw,Feature masking,0.5,1.5520771152434885,114,0.9736842105263158,0.918654920513272,-0.0550292900130438,0.05502929001304353,0.07221856922033967,0.13051771110780208,0.004702924109902111
Breast Cancer,10,Logistic Regression,Temperature scaled,Feature masking,0.5,1.5520771152434885,114,0.9736842105263158,0.870069224431867,-0.10361498609444886,0.10361498609444875,0.08903312846685375,0.17503964877858672,0.004702924109902111
Breast Cancer,10,Random Forest,Raw,Gaussian noise,0.0,1.0999354682999214,114,0.9210526315789473,0.9463035923138028,0.025250960734855443,0.05636992481171432,0.10347169039742214,0.18131710172547194,0.012849248863193889
Breast Cancer,10,Random Forest,Temperature scaled,Gaussian noise,0.0,1.0999354682999214,114,0.9210526315789473,0.9402120697972347,0.01915943821828736,0.052193178767028545,0.10214038093651603,0.1777037775542392,0.012849248863193889
Breast Cancer,10,Random Forest,Raw,Gaussian noise,0.25,1.0999354682999214,114,0.9122807017543859,0.9129658312446296,0.0006851294902436855,0.05387944862170308,0.1100038475665354,0.17880758292449345,0.01039168956620519
Breast Cancer,10,Random Forest,Temperature scaled,Gaussian noise,0.25,1.0999354682999214,114,0.9122807017543859,0.9035843178531284,-0.008696383901257487,0.06457279235889624,0.1104231759826436,0.18283468332572758,0.01039168956620519
Breast Cancer,10,Random Forest,Raw,Gaussian noise,0.5,1.0999354682999214,114,0.9210526315789473,0.849988137009181,-0.07106449456976638,0.07166516290727698,0.12904293906194056,0.22864704980408776,0.012987777199975181
Breast Cancer,10,Random Forest,Temperature scaled,Gaussian noise,0.5,1.0999354682999214,114,0.9210526315789473,0.8367037705432155,-0.0843488610357318,0.08489505259301042,0.1345326406350823,0.24029798747408238,0.012987777199975181
Breast Cancer,10,Random Forest,Raw,Gaussian noise,1.0,1.0999354682999214,114,0.9122807017543859,0.7657125730994151,-0.14656812865497082,0.1583778195488722,0.18143310534152837,0.31463589577064843,0.014698672533045097
Breast Cancer,10,Random Forest,Temperature scaled,Gaussian noise,1.0,1.0999354682999214,114,0.9122807017543859,0.7514740115080281,-0.16080669024635785,0.17234081704397178,0.19049493737495415,0.3303780141833102,0.014698672533045097
Breast Cancer,10,Random Forest,Raw,Gaussian noise,1.5,1.0999354682999214,114,0.8070175438596491,0.7087498746867168,-0.09826766917293228,0.10337493734335843,0.2874614681600827,0.45005352779282015,0.07540040735274016
Breast Cancer,10,Random Forest,Temperature scaled,Gaussian noise,1.5,1.0999354682999214,114,0.8070175438596491,0.6955291424661518,-0.11148840139349725,0.11613240516870915,0.2941206302192515,0.4600630543695098,0.07540040735274016
Breast Cancer,10,Random Forest,Raw,Gaussian noise,2.0,1.0999354682999214,114,0.7543859649122807,0.6701630325814538,-0.0842229323308269,0.08422293233082702,0.3597880206997653,0.5384208515416586,0.14130894512660797
Breast Cancer,10,Random Forest,Temperature scaled,Gaussian noise,2.0,1.0999354682999214,114,0.7543859649122807,0.6575377135307636,-0.09684825138151709,0.09684825138151706,0.36451734190648005,0.5450650829786583,0.14130894512660797
Breast Cancer,10,Random Forest,Raw,Feature masking,0.0,1.0999354682999214,114,0.9210526315789473,0.9463035923138028,0.025250960734855443,0.05636992481171432,0.10347169039742214,0.18131710172547194,0.012849248863193889
Breast Cancer,10,Random Forest,Temperature scaled,Feature masking,0.0,1.0999354682999214,114,0.9210526315789473,0.9402120697972347,0.01915943821828736,0.052193178767028545,0.10214038093651603,0.17770377755423916,0.012849248863193889
Breast Cancer,10,Random Forest,Raw,Feature masking,0.1,1.0999354682999214,114,0.9210526315789473,0.9236370091895355,0.002584377610588162,0.06011086048464996,0.1031087713585551,0.19641454555722718,0.02135750215764561
Breast Cancer,10,Random Forest,Temperature scaled,Feature masking,0.1,1.0999354682999214,114,0.9210526315789473,0.9136717410346978,-0.007380890544249508,0.05670004181912459,0.10378524692815376,0.19804605344254406,0.02135750215764561
Breast Cancer,10,Random Forest,Raw,Feature masking,0.2,1.0999354682999214,114,0.9298245614035088,0.8931649958228379,-0.03665956558067085,0.07357836257315203,0.1077240298126268,0.19048236425636234,0.009404784435670176
Breast Cancer,10,Random Forest,Temperature scaled,Feature masking,0.2,1.0999354682999214,114,0.9298245614035088,0.8798619258514492,-0.0499626355520596,0.07413168797515288,0.11056066651180012,0.19986472377250386,0.009404784435670176
Breast Cancer,10,Random Forest,Raw,Feature masking,0.3,1.0999354682999214,114,0.9210526315789473,0.8483350041771093,-0.07271762740183807,0.10192397660818718,0.11513961491347416,0.21999255631060288,0.007400087310144189
Breast Cancer,10,Random Forest,Temperature scaled,Feature masking,0.3,1.0999354682999214,114,0.9210526315789473,0.8321530638129299,-0.08889956776601748,0.11707928513165,0.12185873415514337,0.23535254823627352,0.007400087310144189
Breast Cancer,10,Random Forest,Raw,Feature masking,0.4,1.0999354682999214,114,0.9298245614035088,0.8063988304093479,-0.12342573099416088,0.12342573099416083,0.15097927287424906,0.2806921540378759,0.01598622442900632
Breast Cancer,10,Random Forest,Temperature scaled,Feature masking,0.4,1.0999354682999214,114,0.9298245614035088,0.7893589600476053,-0.14046560135590347,0.1404656013559037,0.160176930855427,0.2970980429421063,0.01598622442900632
Breast Cancer,10,Random Forest,Raw,Feature masking,0.5,1.0999354682999214,114,0.9298245614035088,0.7789879699248121,-0.15083659147869666,0.1623846282372598,0.1706727784763496,0.32745054901931375,0.04795259996456492
Breast Cancer,10,Random Forest,Temperature scaled,Feature masking,0.5,1.0999354682999214,114,0.9298245614035088,0.7618141638718311,-0.16801039753167768,0.1899998185865928,0.1824003968127662,0.3434405031663118,0.04795259996456492
Breast Cancer,10,Gradient Boosting,Raw,Gaussian noise,0.0,1.8043236828893183,114,0.9736842105263158,0.9625855799809697,-0.0110986305453461,0.024419430974699178,0.045830822358618,0.09804333690390905,0.0027333431706684495
Breast Cancer,10,Gradient Boosting,Temperature scaled,Gaussian noise,0.0,1.8043236828893183,114,0.9736842105263158,0.9327669621679829,-0.04091724835833288,0.04091724835833289,0.05491627521023034,0.1088856444114683,0.0027333431706684495
Breast Cancer,10,Gradient Boosting,Raw,Gaussian noise,0.25,1.8043236828893183,114,0.9122807017543859,0.9684546005883332,0.0561738988339473,0.05617389883394707,0.10521296446563073,0.15881590874368387,0.00595694941872145
Breast Cancer,10,Gradient Boosting,Temperature scaled,Gaussian noise,0.25,1.8043236828893183,114,0.9122807017543859,0.9309498307477732,0.01866912899338724,0.06427833535454353,0.08989761284999241,0.14705398452422974,0.00595694941872145
Breast Cancer,10,Gradient Boosting,Raw,Gaussian noise,0.5,1.8043236828893183,114,0.9385964912280702,0.9485318821047638,0.009935390876693595,0.06113310738541712,0.10225310781693599,0.19673223389614602,0.012629592233978928
Breast Cancer,10,Gradient Boosting,Temperature scaled,Gaussian noise,0.5,1.8043236828893183,114,0.9385964912280702,0.8998097788052541,-0.03878671242281606,0.0595424370271904,0.10724192183609704,0.1925572205143403,0.012629592233978928
Breast Cancer,10,Gradient Boosting,Raw,Gaussian noise,1.0,1.8043236828893183,114,0.9210526315789473,0.9174779979426295,-0.0035746336363178255,0.05540975094607887,0.11623586121335089,0.18262891634204478,0.011128499946966117
Breast Cancer,10,Gradient Boosting,Temperature scaled,Gaussian noise,1.0,1.8043236828893183,114,0.9210526315789473,0.8542367703586812,-0.06681586122026617,0.0922067883947241,0.1260689615043055,0.22019176119387132,0.011128499946966117
Breast Cancer,10,Gradient Boosting,Raw,Gaussian noise,1.5,1.8043236828893183,114,0.7631578947368421,0.8752677055897287,0.11210981085288652,0.11210981085288674,0.3145790246830693,0.47978789117054893,0.07642932239844011
Breast Cancer,10,Gradient Boosting,Temperature scaled,Gaussian noise,1.5,1.8043236828893183,114,0.7631578947368421,0.8030093937783719,0.03985149904152974,0.06695733663011488,0.2841000201231613,0.4219414552105729,0.07642932239844011
Breast Cancer,10,Gradient Boosting,Raw,Gaussian noise,2.0,1.8043236828893183,114,0.7280701754385965,0.8596314696998572,0.13156129426126062,0.14761110441787484,0.39896194453533335,0.6344050575206149,0.13950639567156822
Breast Cancer,10,Gradient Boosting,Temperature scaled,Gaussian noise,2.0,1.8043236828893183,114,0.7280701754385965,0.7737802256223311,0.04571005018373453,0.06620717155003092,0.36031986324587656,0.5322607526453215,0.13950639567156822
Breast Cancer,10,Gradient Boosting,Raw,Feature masking,0.0,1.8043236828893183,114,0.9736842105263158,0.9625855799809697,-0.0110986305453461,0.024419430974699178,0.045830822358618,0.09804333690390905,0.0027333431706684495
Breast Cancer,10,Gradient Boosting,Temperature scaled,Feature masking,0.0,1.8043236828893183,114,0.9736842105263158,0.9327669621679829,-0.04091724835833288,0.04091724835833289,0.05491627521023034,0.1088856444114683,0.0027333431706684495
Breast Cancer,10,Gradient Boosting,Raw,Feature masking,0.1,1.8043236828893183,114,0.9649122807017544,0.9644919886276568,-0.0004202920740975502,0.03269378640292523,0.055130120282155144,0.10602520497079776,0.003504705178632031
Breast Cancer,10,Gradient Boosting,Temperature scaled,Feature masking,0.1,1.8043236828893183,114,0.9649122807017544,0.9306556975681508,-0.03425658313360358,0.044723608166066665,0.06060011309731546,0.11645548973549245,0.003504705178632031
Breast Cancer,10,Gradient Boosting,Raw,Feature masking,0.2,1.8043236828893183,114,0.9473684210526315,0.96273508639917,0.015366665346538522,0.0280766889720427,0.07317702200811384,0.12257884962175164,0.004994991808365294
Breast Cancer,10,Gradient Boosting,Temperature scaled,Feature masking,0.2,1.8043236828893183,114,0.9473684210526315,0.921748101811517,-0.02562031924111452,0.042307990813699216,0.07296794329680044,0.13416612815405943,0.004994991808365294
Breast Cancer,10,Gradient Boosting,Raw,Feature masking,0.3,1.8043236828893183,114,0.9649122807017544,0.9605678215607908,-0.004344459140963597,0.034219338886919276,0.055930251538468256,0.11867284291748816,0.006386745127914641
Breast Cancer,10,Gradient Boosting,Temperature scaled,Feature masking,0.3,1.8043236828893183,114,0.9649122807017544,0.9111478271546732,-0.05376445354708115,0.06309984151300707,0.06838572499483642,0.14222045615411838,0.006386745127914641
Breast Cancer,10,Gradient Boosting,Raw,Feature masking,0.4,1.8043236828893183,114,0.9298245614035088,0.9377002756944511,0.00787571429094236,0.03967962229130935,0.09462227741590655,0.1614077735009736,0.008674275441365625
Breast Cancer,10,Gradient Boosting,Temperature scaled,Feature masking,0.4,1.8043236828893183,114,0.9298245614035088,0.8784090234564114,-0.05141553794709741,0.07102559015728509,0.10415288971884411,0.19079123838264828,0.008674275441365625
Breast Cancer,10,Gradient Boosting,Raw,Feature masking,0.5,1.8043236828893183,114,0.9298245614035088,0.9405246612058504,0.010700099802341656,0.05560439097408598,0.1350849887535488,0.26490193007683127,0.03217403792732975
Breast Cancer,10,Gradient Boosting,Temperature scaled,Feature masking,0.5,1.8043236828893183,114,0.9298245614035088,0.8752671291356477,-0.05455743226786103,0.05455743226786089,0.1409247492375159,0.2532589644618727,0.03217403792732975
Breast Cancer,11,Logistic Regression,Raw,Gaussian noise,0.0,1.513257158606251,114,0.9912280701754386,0.9727206984233032,-0.01850737175213535,0.02342558355936473,0.016223714240911926,0.035718797071231656,3.847337642351505e-05
Breast Cancer,11,Logistic Regression,Temperature scaled,Gaussian noise,0.0,1.513257158606251,114,0.9912280701754386,0.9525842131279181,-0.03864385704752049,0.04194368845959256,0.024812460098172992,0.057501270173727075,3.847337642351505e-05
Breast Cancer,11,Logistic Regression,Raw,Gaussian noise,0.25,1.513257158606251,114,1.0,0.9738705517855906,-0.026129448214409434,0.026129448214409403,0.012852204114321893,0.03035403324535133,0.0
Breast Cancer,11,Logistic Regression,Temperature scaled,Gaussian noise,0.25,1.513257158606251,114,1.0,0.9548211402697635,-0.0451788597302365,0.04517885973023627,0.021131691458209048,0.05210492167292291,0.0
Breast Cancer,11,Logistic Regression,Raw,Gaussian noise,0.5,1.513257158606251,114,0.9649122807017544,0.970289450106058,0.005377169404303661,0.035230290320842544,0.03978849834596477,0.06482236891427945,0.0011965097820551642
Breast Cancer,11,Logistic Regression,Temperature scaled,Gaussian noise,0.5,1.513257158606251,114,0.9649122807017544,0.9504956503345219,-0.014416630367232508,0.03527672459313698,0.04265441074625828,0.07752548182505485,0.0011965097820551642
Breast Cancer,11,Logistic Regression,Raw,Gaussian noise,1.0,1.513257158606251,114,0.9298245614035088,0.9570549754952272,0.027230414091718447,0.061502427866814195,0.11335617324999572,0.17184319875818163,0.009137047125122023
Breast Cancer,11,Logistic Regression,Temperature scaled,Gaussian noise,1.0,1.513257158606251,114,0.9298245614035088,0.9321315261477668,0.0023069647442580665,0.04610996666698418,0.10542286123530713,0.16018326956023168,0.009137047125122023
Breast Cancer,11,Logistic Regression,Raw,Gaussian noise,1.5,1.513257158606251,114,0.8947368421052632,0.9575469595725226,0.0628101174672594,0.08353210792676782,0.15873955566060177,0.31584728819519314,0.01914464767813017
Breast Cancer,11,Logistic Regression,Temperature scaled,Gaussian noise,1.5,1.513257158606251,114,0.8947368421052632,0.9342601136024555,0.03952327149719237,0.0879393053210659,0.1509180951732409,0.2534075722583194,0.01914464767813017
Breast Cancer,11,Logistic Regression,Raw,Gaussian noise,2.0,1.513257158606251,114,0.8245614035087719,0.9686545516846382,0.14409314817586627,0.1547654870188046,0.28819459391709673,0.8588411763200233,0.05161991400080375
Breast Cancer,11,Logistic Regression,Temperature scaled,Gaussian noise,2.0,1.513257158606251,114,0.8245614035087719,0.951817886058503,0.1272564825497311,0.14853195387866175,0.2724380871636465,0.5999903197198473,0.05161991400080375
Breast Cancer,11,Logistic Regression,Raw,Feature masking,0.0,1.513257158606251,114,0.9912280701754386,0.9727206984233032,-0.01850737175213535,0.02342558355936473,0.016223714240911926,0.035718797071231656,3.847337642351505e-05
Breast Cancer,11,Logistic Regression,Temperature scaled,Feature masking,0.0,1.513257158606251,114,0.9912280701754386,0.9525842131279181,-0.03864385704752049,0.04194368845959256,0.024812460098172992,0.057501270173727075,3.847337642351505e-05
Breast Cancer,11,Logistic Regression,Raw,Feature masking,0.1,1.513257158606251,114,0.9912280701754386,0.9667045437585441,-0.02452352641689448,0.03624957304842499,0.022228032406800723,0.04468651931662737,0.00035319308739380825
Breast Cancer,11,Logistic Regression,Temperature scaled,Feature masking,0.1,1.513257158606251,114,0.9912280701754386,0.9445724040297553,-0.04665566614568328,0.050435306455397635,0.031111912251605523,0.06833213030331169,0.00035319308739380825
Breast Cancer,11,Logistic Regression,Raw,Feature masking,0.2,1.513257158606251,114,0.9824561403508771,0.9654164721118518,-0.017039668239025363,0.036640353526332825,0.030077266524874302,0.056561862982725516,0.0007129728068042708
Breast Cancer,11,Logistic Regression,Temperature scaled,Feature masking,0.2,1.513257158606251,114,0.9824561403508771,0.9386795303592724,-0.04377660999160471,0.04810415815288514,0.038041847931919934,0.08144399256213469,0.0007129728068042708
Breast Cancer,11,Logistic Regression,Raw,Feature masking,0.3,1.513257158606251,114,0.9649122807017544,0.9506728432076262,-0.014239437494128149,0.027429959726530714,0.06407382169742565,0.11224089127138127,0.004214930061344806
Breast Cancer,11,Logistic Regression,Temperature scaled,Feature masking,0.3,1.513257158606251,114,0.9649122807017544,0.9206894671325678,-0.04422281356918656,0.0626726471309443,0.07026152354515895,0.1285955873529825,0.004214930061344806
Breast Cancer,11,Logistic Regression,Raw,Feature masking,0.4,1.513257158606251,114,0.9736842105263158,0.9452824173896437,-0.028401793136672127,0.051278683581891575,0.03596883033476372,0.07202704745595674,0.000506343523221419
Breast Cancer,11,Logistic Regression,Temperature scaled,Feature masking,0.4,1.513257158606251,114,0.9736842105263158,0.9098408638599045,-0.06384334666641134,0.07763440559445287,0.05005777870269253,0.11025489912019583,0.000506343523221419
Breast Cancer,11,Logistic Regression,Raw,Feature masking,0.5,1.513257158606251,114,0.9736842105263158,0.9408051827538056,-0.03287902777251017,0.05550139604877219,0.05066024472157862,0.09770944239659529,0.0025551333518711865
Breast Cancer,11,Logistic Regression,Temperature scaled,Feature masking,0.5,1.513257158606251,114,0.9736842105263158,0.8979287848002595,-0.07575542572605631,0.0808392781492735,0.064881038199647,0.13700862034627198,0.0025551333518711865
Breast Cancer,11,Random Forest,Raw,Gaussian noise,0.0,1.2352830193011697,114,0.9649122807017544,0.9377860902252833,-0.027126190476471135,0.057704469507381555,0.05095693105104029,0.09246830330253454,0.001675420255070077
Breast Cancer,11,Random Forest,Temperature scaled,Gaussian noise,0.0,1.2352830193011697,114,0.9649122807017544,0.9213775930178552,-0.04353468768389923,0.055295631971423016,0.05625107318024356,0.10798061009410057,0.001675420255070077
Breast Cancer,11,Random Forest,Raw,Gaussian noise,0.25,1.2352830193011697,114,0.9824561403508771,0.9179286549706549,-0.06452748538022224,0.06452748538022207,0.05277670589012212,0.11094545750107769,0.0016448103340525487
Breast Cancer,11,Random Forest,Temperature scaled,Gaussian noise,0.25,1.2352830193011697,114,0.9824561403508771,0.8941318494323344,-0.08832429091854277,0.08832429091854267,0.06329723079070679,0.13573323789075845,0.0016448103340525487
Breast Cancer,11,Random Forest,Raw,Gaussian noise,0.5,1.2352830193011697,114,0.9649122807017544,0.8651734335839247,-0.09973884711782965,0.0997388471178295,0.0825012256800732,0.16910357370974968,0.001693771883443223
Breast Cancer,11,Random Forest,Temperature scaled,Gaussian noise,0.5,1.2352830193011697,114,0.9649122807017544,0.8354076341543997,-0.12950464654735472,0.12950464654735452,0.09976525756089977,0.20322622546566696,0.001693771883443223
Breast Cancer,11,Random Forest,Raw,Gaussian noise,1.0,1.2352830193011697,114,0.9122807017543859,0.7580925229741018,-0.15418817878028412,0.17306403508771928,0.17688887360186178,0.3159416675323003,0.010593029881069888
Breast Cancer,11,Random Forest,Temperature scaled,Gaussian noise,1.0,1.2352830193011697,114,0.9122807017543859,0.7258649237186149,-0.18641577803577103,0.19682181101453794,0.20203923367752485,0.35431266154296037,0.010593029881069888
Breast Cancer,11,Random Forest,Raw,Gaussian noise,1.5,1.2352830193011697,114,0.8947368421052632,0.7091620718462823,-0.18557477025898084,0.1890538011695906,0.22427763484186658,0.38359534406300183,0.01680877441477212
Breast Cancer,11,Random Forest,Temperature scaled,Gaussian noise,1.5,1.2352830193011697,114,0.8947368421052632,0.6784965041849998,-0.21624033792026331,0.22835489848803678,0.25144818747047093,0.42108031736830487,0.01680877441477212
Breast Cancer,11,Random Forest,Raw,Gaussian noise,2.0,1.2352830193011697,114,0.8421052631578947,0.6946410192147033,-0.14746424394319135,0.1474642439431913,0.2842872667088356,0.4554354071560819,0.07088732979981614
Breast Cancer,11,Random Forest,Temperature scaled,Gaussian noise,2.0,1.2352830193011697,114,0.8421052631578947,0.6643100420799395,-0.1777952210779552,0.17779522107795534,0.30533096888385847,0.48321771114533457,0.07088732979981614
Breast Cancer,11,Random Forest,Raw,Feature masking,0.0,1.2352830193011697,114,0.9649122807017544,0.9377860902252833,-0.027126190476471135,0.057704469507381555,0.05095693105104029,0.09246830330253454,0.001675420255070077
Breast Cancer,11,Random Forest,Temperature scaled,Feature masking,0.0,1.2352830193011697,114,0.9649122807017544,0.9213775930178552,-0.04353468768389923,0.055295631971423016,0.05625107318024356,0.10798061009410057,0.001675420255070077
Breast Cancer,11,Random Forest,Raw,Feature masking,0.1,1.2352830193011697,114,0.956140350877193,0.9094472848787761,-0.04669306599841683,0.07293099415213465,0.05922702894140112,0.12248076829777832,0.001707050066269853
Breast Cancer,11,Random Forest,Temperature scaled,Feature masking,0.1,1.2352830193011697,114,0.956140350877193,0.8824870671641561,-0.07365328371303681,0.10478426804713549,0.06995940200886992,0.1503702949369075,0.001707050066269853
Breast Cancer,11,Random Forest,Raw,Feature masking,0.2,1.2352830193011697,114,0.9649122807017544,0.8926088554719959,-0.07230342522975852,0.08064728487888131,0.06646226437283685,0.14209467783708665,0.001998843717081456
Breast Cancer,11,Random Forest,Temperature scaled,Feature masking,0.2,1.2352830193011697,114,0.9649122807017544,0.861162556416943,-0.10374972428481144,0.1059466962178027,0.0801518357345992,0.17523433088342527,0.001998843717081456
Breast Cancer,11,Random Forest,Raw,Feature masking,0.3,1.2352830193011697,114,0.956140350877193,0.8501120300751704,-0.10602832080202251,0.11490952380954131,0.09918751174841867,0.20410930494960725,0.0064020527495645355
Breast Cancer,11,Random Forest,Temperature scaled,Feature masking,0.3,1.2352830193011697,114,0.956140350877193,0.8138114085721282,-0.14232894230506477,0.15118933374489044,0.11900329586795542,0.24227914782101254,0.0064020527495645355
Breast Cancer,11,Random Forest,Raw,Feature masking,0.4,1.2352830193011697,114,0.956140350877193,0.8076391812865497,-0.1485011695906433,0.14850116959064322,0.12080526187611888,0.24651495278014462,0.006022928239983502
Breast Cancer,11,Random Forest,Temperature scaled,Feature masking,0.4,1.2352830193011697,114,0.956140350877193,0.769855183047015,-0.186285167830178,0.18731119614542469,0.14729087896055437,0.2901374563217157,0.006022928239983502
Breast Cancer,11,Random Forest,Raw,Feature masking,0.5,1.2352830193011697,114,0.9298245614035088,0.7827052213868004,-0.14711934001670834,0.20141700083542186,0.12998795728726575,0.26589110260870397,0.003105152991859543
Breast Cancer,11,Random Forest,Temperature scaled,Feature masking,0.5,1.2352830193011697,114,0.9298245614035088,0.7449634942922998,-0.18486106711120898,0.23061455031464664,0.16030934762810778,0.3126767449497978,0.003105152991859543
Breast Cancer,11,Gradient Boosting,Raw,Gaussian noise,0.0,1.6657585304723,114,0.9649122807017544,0.9710354693463367,0.006123188644582278,0.018081227920284215,0.039882777882721175,0.06159510232464621,0.001339614165004965
Breast Cancer,11,Gradient Boosting,Temperature scaled,Gaussian noise,0.0,1.6657585304723,114,0.9649122807017544,0.9447049688180554,-0.020207311883698953,0.040707014582445966,0.040704217015882366,0.08001656122834247,0.001339614165004965
Breast Cancer,11,Gradient Boosting,Raw,Gaussian noise,0.25,1.6657585304723,114,0.956140350877193,0.9709400412777762,0.014799690400583265,0.03454839680838799,0.05077387925570977,0.07341525581017834,0.0016122766254257315
Breast Cancer,11,Gradient Boosting,Temperature scaled,Gaussian noise,0.25,1.6657585304723,114,0.956140350877193,0.9400618203207377,-0.01607853055645525,0.046150835705991836,0.048416029638864704,0.09196666350913471,0.0016122766254257315
Breast Cancer,11,Gradient Boosting,Raw,Gaussian noise,0.5,1.6657585304723,114,0.956140350877193,0.9510636939404277,-0.005076656936765289,0.029975511827125,0.06830563421960528,0.1122186741505402,0.004094321949447387
Breast Cancer,11,Gradient Boosting,Temperature scaled,Gaussian noise,0.5,1.6657585304723,114,0.956140350877193,0.9095614909912214,-0.046578859885971546,0.05641580549277734,0.07382880227951397,0.13809664123728513,0.004094321949447387
Breast Cancer,11,Gradient Boosting,Raw,Gaussian noise,1.0,1.6657585304723,114,0.8596491228070176,0.9136082087292619,0.0539590859222443,0.08416871002521072,0.22038100922387296,0.33606275461485685,0.03472586725316437
Breast Cancer,11,Gradient Boosting,Temperature scaled,Gaussian noise,1.0,1.6657585304723,114,0.8596491228070176,0.8521313412416116,-0.0075177815654059454,0.07812087010111858,0.2036650600123034,0.3151542387448816,0.03472586725316437
Breast Cancer,11,Gradient Boosting,Raw,Gaussian noise,1.5,1.6657585304723,114,0.8508771929824561,0.8930884730240742,0.042211280041618116,0.08210277597671577,0.2262492767145485,0.34194716016836724,0.04037882575078323
Breast Cancer,11,Gradient Boosting,Temperature scaled,Gaussian noise,1.5,1.6657585304723,114,0.8508771929824561,0.8257625850269958,-0.025114607955460277,0.07399612730637474,0.21566746216612367,0.3368315168677115,0.04037882575078323
Breast Cancer,11,Gradient Boosting,Raw,Gaussian noise,2.0,1.6657585304723,114,0.7719298245614035,0.8756487446913672,0.10371892012996375,0.10371892012996364,0.30255026878241725,0.4899336083438398,0.09322782576700336
Breast Cancer,11,Gradient Boosting,Temperature scaled,Gaussian noise,2.0,1.6657585304723,114,0.7719298245614035,0.8023037165612021,0.030373891999798674,0.04658539246370376,0.28570780420151487,0.4419164135591581,0.09322782576700336
Breast Cancer,11,Gradient Boosting,Raw,Feature masking,0.0,1.6657585304723,114,0.9649122807017544,0.9710354693463367,0.006123188644582278,0.018081227920284215,0.039882777882721175,0.06159510232464621,0.001339614165004965
Breast Cancer,11,Gradient Boosting,Temperature scaled,Feature masking,0.0,1.6657585304723,114,0.9649122807017544,0.9447049688180554,-0.020207311883698953,0.040707014582445966,0.040704217015882366,0.08001656122834247,0.001339614165004965
Breast Cancer,11,Gradient Boosting,Raw,Feature masking,0.1,1.6657585304723,114,0.9649122807017544,0.9686672632992649,0.0037549825975105033,0.019291330619521135,0.04623011089981252,0.07346717909191082,0.0015931046106876555
Breast Cancer,11,Gradient Boosting,Temperature scaled,Feature masking,0.1,1.6657585304723,114,0.9649122807017544,0.9361838599361139,-0.028728420765640528,0.03762033340571247,0.047939485645091914,0.09492990680829384,0.0015931046106876555
Breast Cancer,11,Gradient Boosting,Raw,Feature masking,0.2,1.6657585304723,114,0.956140350877193,0.9678932739484198,0.011752923071226884,0.029615765485763234,0.044884480195676625,0.07612821499601216,0.0019042971724473582
Breast Cancer,11,Gradient Boosting,Temperature scaled,Feature masking,0.2,1.6657585304723,114,0.956140350877193,0.9320109020519354,-0.024129448825257582,0.05229493053303322,0.04904324861543391,0.10063399588336393,0.0019042971724473582
Breast Cancer,11,Gradient Boosting,Raw,Feature masking,0.3,1.6657585304723,114,0.9385964912280702,0.9607511105987188,0.022154619370648554,0.03528537568473837,0.08092605189443383,0.13925201779318003,0.006365122133776284
Breast Cancer,11,Gradient Boosting,Temperature scaled,Feature masking,0.3,1.6657585304723,114,0.9385964912280702,0.9164666532052238,-0.022129838022846404,0.05803306083303385,0.08277192327054651,0.1517683025287926,0.006365122133776284
Breast Cancer,11,Gradient Boosting,Raw,Feature masking,0.4,1.6657585304723,114,0.9473684210526315,0.9527412866645291,0.005372865611897537,0.024937715298901438,0.059158090681364885,0.10368248062100797,0.0033141045674502214
Breast Cancer,11,Gradient Boosting,Temperature scaled,Feature masking,0.4,1.6657585304723,114,0.9473684210526315,0.9005159191049465,-0.04685250194768498,0.08569187973781393,0.06921205461187023,0.1428961302922905,0.0033141045674502214
Breast Cancer,11,Gradient Boosting,Raw,Feature masking,0.5,1.6657585304723,114,0.9298245614035088,0.9237896106727168,-0.006034950730791966,0.05853716182619989,0.07517394697134563,0.12441452295644573,0.004331313030289239
Breast Cancer,11,Gradient Boosting,Temperature scaled,Feature masking,0.5,1.6657585304723,114,0.9298245614035088,0.869505852086668,-0.0603187093168408,0.09078392659089361,0.09057319413190647,0.17443967937547508,0.004331313030289239
Breast Cancer,12,Logistic Regression,Raw,Gaussian noise,0.0,0.33647302526881695,114,0.9736842105263158,0.96709692789522,-0.00658728263109587,0.026289197660563746,0.04173804670977815,0.0677420402329317,0.0013941601308105815
Breast Cancer,12,Logistic Regression,Temperature scaled,Gaussian noise,0.0,0.33647302526881695,114,0.9736842105263158,0.9884811701681682,0.014796959641852347,0.028102357705762526,0.04643259895068163,0.0998029832373377,0.0013941601308105815
Breast Cancer,12,Logistic Regression,Raw,Gaussian noise,0.25,0.33647302526881695,114,0.956140350877193,0.9614794842248517,0.0053391333476587866,0.030065839417008577,0.041970060647367684,0.06731307557426852,0.0013818152015613048
Breast Cancer,12,Logistic Regression,Temperature scaled,Gaussian noise,0.25,0.33647302526881695,114,0.956140350877193,0.9856436036137883,0.029503252736595376,0.03184667246751567,0.050823511051419586,0.0803836468956638,0.0013818152015613048
Breast Cancer,12,Logistic Regression,Raw,Gaussian noise,0.5,0.33647302526881695,114,0.956140350877193,0.9636813493824292,0.007540998505236263,0.04119282879986372,0.0512741795049895,0.08666302680195577,0.0024170560051369116
Breast Cancer,12,Logistic Regression,Temperature scaled,Gaussian noise,0.5,0.33647302526881695,114,0.956140350877193,0.9855571953194195,0.029416844442226586,0.03885206488067863,0.05814196601715427,0.14432261937610255,0.0024170560051369116
Breast Cancer,12,Logistic Regression,Raw,Gaussian noise,1.0,0.33647302526881695,114,0.9298245614035088,0.9484723981827242,0.018647836779215443,0.05715446772406503,0.12670762002166472,0.22619057752140204,0.012812992209496513
Breast Cancer,12,Logistic Regression,Temperature scaled,Gaussian noise,1.0,0.33647302526881695,114,0.9298245614035088,0.9790933345948611,0.049268773191352366,0.06797696325914906,0.13416458685131438,0.5125127882800128,0.012812992209496513
Breast Cancer,12,Logistic Regression,Raw,Gaussian noise,1.5,0.33647302526881695,114,0.8859649122807017,0.9453886668848639,0.05942375460416216,0.08608526658060503,0.16785473080174776,0.28741000058528515,0.01942053298737937
Breast Cancer,12,Logistic Regression,Temperature scaled,Gaussian noise,1.5,0.33647302526881695,114,0.8859649122807017,0.9764369865109728,0.09047207423027104,0.10990126940826705,0.20057936641331411,0.6855301165808338,0.01942053298737937
Breast Cancer,12,Logistic Regression,Raw,Gaussian noise,2.0,0.33647302526881695,114,0.8859649122807017,0.9569078557052562,0.07094294342455443,0.13234512222394004,0.2160146780049305,0.6541787249091594,0.048452534595055836
Breast Cancer,12,Logistic Regression,Temperature scaled,Gaussian noise,2.0,0.33647302526881695,114,0.8859649122807017,0.98776468086432,0.10179976858361828,0.11579420306288586,0.21526727893810596,1.646868972653952,0.05229221586043215
Breast Cancer,12,Logistic Regression,Raw,Feature masking,0.0,0.33647302526881695,114,0.9736842105263158,0.96709692789522,-0.00658728263109587,0.026289197660563746,0.04173804670977815,0.0677420402329317,0.0013941601308105815
Breast Cancer,12,Logistic Regression,Temperature scaled,Feature masking,0.0,0.33647302526881695,114,0.9736842105263158,0.9884811701681682,0.014796959641852347,0.028102357705762526,0.04643259895068163,0.0998029832373377,0.0013941601308105815
Breast Cancer,12,Logistic Regression,Raw,Feature masking,0.1,0.33647302526881695,114,0.9736842105263158,0.9596021208901387,-0.014082089636177075,0.029391780193043372,0.04844190036035967,0.0809801118093324,0.00165077698707385
Breast Cancer,12,Logistic Regression,Temperature scaled,Feature masking,0.1,0.33647302526881695,114,0.9736842105263158,0.9841614552714291,0.010477244745113246,0.03236790973916948,0.0461930736555327,0.11673598526891685,0.00165077698707385
Breast Cancer,12,Logistic Regression,Raw,Feature masking,0.2,0.33647302526881695,114,0.9473684210526315,0.9469451972062872,-0.00042322384634430055,0.017915147624649547,0.06497326257817834,0.10725912895553286,0.003778043931188128
Breast Cancer,12,Logistic Regression,Temperature scaled,Feature masking,0.2,0.33647302526881695,114,0.9473684210526315,0.9778183177751826,0.03044989672255105,0.05042615580820696,0.07345123108735925,0.15537922443200863,0.003778043931188128
Breast Cancer,12,Logistic Regression,Raw,Feature masking,0.3,0.33647302526881695,114,0.9736842105263158,0.9431103496799323,-0.03057386084638347,0.044712889489152474,0.046794677440972765,0.08777735247990268,0.00165077698707385
Breast Cancer,12,Logistic Regression,Temperature scaled,Feature masking,0.3,0.33647302526881695,114,0.9736842105263158,0.9863237122810173,0.012639501754701521,0.030269709860592305,0.043834254084645696,0.08164360102669198,0.00165077698707385
Breast Cancer,12,Logistic Regression,Raw,Feature masking,0.4,0.33647302526881695,114,0.9385964912280702,0.9305337433762484,-0.008062747851821817,0.03931038831518272,0.07090779135011896,0.12597059477411257,0.005189599370689331
Breast Cancer,12,Logistic Regression,Temperature scaled,Feature masking,0.4,0.33647302526881695,114,0.9385964912280702,0.9748905889702466,0.0362940977421764,0.04434074506968354,0.07642134343899834,0.16094080350314102,0.005189599370689331
Breast Cancer,12,Logistic Regression,Raw,Feature masking,0.5,0.33647302526881695,114,0.9649122807017544,0.900998802743023,-0.06391347795873137,0.06627489848774108,0.07288678906886725,0.13633323443814116,0.0028639515384412334
Breast Cancer,12,Logistic Regression,Temperature scaled,Feature masking,0.5,0.33647302526881695,114,0.9649122807017544,0.9652243950790536,0.00031211437729916636,0.031361463013704675,0.05685578246321497,0.09696442378618232,0.0028639515384412334
Breast Cancer,12,Random Forest,Raw,Gaussian noise,0.0,0.736967486701851,114,0.956140350877193,0.9418002784736907,-0.014340072403502213,0.0367228070172718,0.07104449344702143,0.14160185594621985,0.009516643512817637
Breast Cancer,12,Random Forest,Temperature scaled,Gaussian noise,0.0,0.736967486701851,114,0.956140350877193,0.957703823770278,0.001563472893085005,0.02842084216179073,0.06819623814065337,0.1487320816339097,0.009516643512817637
Breast Cancer,12,Random Forest,Raw,Gaussian noise,0.25,0.736967486701851,114,0.9736842105263158,0.9151067947645755,-0.05857741576174036,0.05857741576174034,0.0710303861468486,0.13670634640154805,0.005826216024138253
Breast Cancer,12,Random Forest,Temperature scaled,Gaussian noise,0.25,0.736967486701851,114,0.9736842105263158,0.9404182834208432,-0.033265927105472604,0.037627566539955117,0.0632210175372706,0.12058520112591631,0.005826216024138253
Breast Cancer,12,Random Forest,Raw,Gaussian noise,0.5,0.736967486701851,114,0.956140350877193,0.8392118629907668,-0.11692848788642618,0.11692848788642646,0.11128918591151599,0.2131098230222711,0.005710121197139525
Breast Cancer,12,Random Forest,Temperature scaled,Gaussian noise,0.5,0.736967486701851,114,0.956140350877193,0.879411616418265,-0.07672873445892792,0.0791558435882149,0.09116664188738124,0.1722502863245852,0.005710121197139525
Breast Cancer,12,Random Forest,Raw,Gaussian noise,1.0,0.736967486701851,114,0.8508771929824561,0.7484087440824284,-0.10246844890002771,0.12137321080478969,0.23085956201402977,0.3803492782966973,0.041149508015986644
Breast Cancer,12,Random Forest,Temperature scaled,Gaussian noise,1.0,0.736967486701851,114,0.8508771929824561,0.7965380877758669,-0.054339105206589244,0.11254993061189685,0.21205599049477117,0.34517436330970463,0.041149508015986644
Breast Cancer,12,Random Forest,Raw,Gaussian noise,1.5,0.736967486701851,114,0.8333333333333334,0.6855528543581175,-0.14778047897521585,0.14778047897521576,0.31528410486586833,0.48846042924517474,0.09746630125746011
Breast Cancer,12,Random Forest,Temperature scaled,Gaussian noise,1.5,0.736967486701851,114,0.8333333333333334,0.7303823936755429,-0.10295093965779045,0.12588956751324235,0.29701808337812446,0.4620165692965955,0.09746630125746011
Breast Cancer,12,Random Forest,Raw,Gaussian noise,2.0,0.736967486701851,114,0.7543859649122807,0.6552446950710109,-0.09914126984126981,0.13583272069061547,0.3525536445461096,0.5313028962770426,0.12366725557006181
Breast Cancer,12,Random Forest,Temperature scaled,Gaussian noise,2.0,0.736967486701851,114,0.7543859649122807,0.6955864737657108,-0.058799491146569904,0.12234529498271199,0.3365987170489757,0.5086809303536178,0.12366725557006181
Breast Cancer,12,Random Forest,Raw,Feature masking,0.0,0.736967486701851,114,0.956140350877193,0.9418002784736907,-0.014340072403502213,0.0367228070172718,0.07104449344702143,0.14160185594621988,0.009516643512817637
Breast Cancer,12,Random Forest,Temperature scaled,Feature masking,0.0,0.736967486701851,114,0.956140350877193,0.957703823770278,0.001563472893085005,0.02842084216179073,0.06819623814065338,0.1487320816339097,0.009516643512817637
Breast Cancer,12,Random Forest,Raw,Feature masking,0.1,0.736967486701851,114,0.9473684210526315,0.9091753829016372,-0.038193038150994285,0.05122016151495968,0.08327393672717952,0.17207647282064417,0.017171607655925052
Breast Cancer,12,Random Forest,Temperature scaled,Feature masking,0.1,0.736967486701851,114,0.9473684210526315,0.938995882865568,-0.008372538187063516,0.036633913809000836,0.07701610423675387,0.16196897181464506,0.017171607655925052
Breast Cancer,12,Random Forest,Raw,Feature masking,0.2,0.736967486701851,114,0.9473684210526315,0.8870320802004839,-0.060336340852147674,0.07397510442775365,0.09723481448488946,0.2038565226671884,0.026274158240088108
Breast Cancer,12,Random Forest,Temperature scaled,Feature masking,0.2,0.736967486701851,114,0.9473684210526315,0.9223037334154225,-0.025064687637209038,0.053414137937168746,0.0882275565584091,0.1890583820479842,0.026274158240088108
Breast Cancer,12,Random Forest,Raw,Feature masking,0.3,0.736967486701851,114,0.9736842105263158,0.8571726817042604,-0.1165115288220554,0.11651152882205515,0.09872814326344963,0.20328087155861588,0.011530796368774585
Breast Cancer,12,Random Forest,Temperature scaled,Feature masking,0.3,0.736967486701851,114,0.9736842105263158,0.9016485889680208,-0.07203562155829502,0.0720356215582952,0.08092180156536911,0.16501843300346514,0.011530796368774585
Breast Cancer,12,Random Forest,Raw,Feature masking,0.4,0.736967486701851,114,0.9035087719298246,0.8186171261487051,-0.08489164578111952,0.11125750487329433,0.13804246038252596,0.2596413723822162,0.01267168493459103
Breast Cancer,12,Random Forest,Temperature scaled,Feature masking,0.4,0.736967486701851,114,0.9035087719298246,0.8690267725279198,-0.03448199940190477,0.09422118840594328,0.12160274577434779,0.2168456599630922,0.01267168493459103
Breast Cancer,12,Random Forest,Raw,Feature masking,0.5,0.736967486701851,114,0.8859649122807017,0.7921126427179057,-0.09385226956279602,0.10730323029796715,0.17740010972103978,0.3089712751127961,0.022288662722857833
Breast Cancer,12,Random Forest,Temperature scaled,Feature masking,0.5,0.736967486701851,114,0.8859649122807017,0.8411790124299536,-0.0447858998507481,0.05914211300147327,0.16177603751787317,0.2709413438064879,0.02238722373212257
Breast Cancer,12,Gradient Boosting,Raw,Gaussian noise,0.0,1.163089180193032,114,0.9824561403508771,0.9813582746613064,-0.0010978656895707095,0.027468454979178627,0.041490594732940374,0.085288529518356,0.0022327943862510604
Breast Cancer,12,Gradient Boosting,Temperature scaled,Gaussian noise,0.0,1.163089180193032,114,0.9824561403508771,0.9761407423508742,-0.006315398000002914,0.021812143482140445,0.041721949619025284,0.08206429211138759,0.0022327943862510604
Breast Cancer,12,Gradient Boosting,Raw,Gaussian noise,0.25,1.163089180193032,114,0.9649122807017544,0.9709947248787557,0.006082444177001323,0.032554001904746756,0.03817545319999434,0.07072892494176067,0.0015422435498772258
Breast Cancer,12,Gradient Boosting,Temperature scaled,Gaussian noise,0.25,1.163089180193032,114,0.9649122807017544,0.9646769777414772,-0.0002353029602771839,0.03137276079512119,0.03899161928479673,0.07270772543326358,0.0015422435498772258
Breast Cancer,12,Gradient Boosting,Raw,Gaussian noise,0.5,1.163089180193032,114,0.9385964912280702,0.9394370737167279,0.000840582488657704,0.03613885706157935,0.08639591000111795,0.13900928256284142,0.006034981435022475
Breast Cancer,12,Gradient Boosting,Temperature scaled,Gaussian noise,0.5,1.163089180193032,114,0.9385964912280702,0.9277198588463197,-0.010876632381750517,0.04283159449716191,0.08667806200991124,0.1431010310167067,0.006034981435022475
Breast Cancer,12,Gradient Boosting,Raw,Gaussian noise,1.0,1.163089180193032,114,0.8245614035087719,0.913255990560777,0.08869458705200506,0.1065069816815696,0.2713559008732543,0.4494891297308023,0.06222150746217037
Breast Cancer,12,Gradient Boosting,Temperature scaled,Gaussian noise,1.0,1.163089180193032,114,0.8245614035087719,0.8966685926545749,0.07210718914580294,0.0914589868700114,0.26323478783725063,0.42006152492610804,0.06222150746217037
Breast Cancer,12,Gradient Boosting,Raw,Gaussian noise,1.5,1.163089180193032,114,0.7894736842105263,0.8564975066652332,0.06702382245470684,0.12100569458845548,0.31938473098909836,0.5091062669628748,0.09837961913606638
Breast Cancer,12,Gradient Boosting,Temperature scaled,Gaussian noise,1.5,1.163089180193032,114,0.7894736842105263,0.8374765931959347,0.04800290898540838,0.08646244126047922,0.3126392917661302,0.48522501361020726,0.09837961913606638
Breast Cancer,12,Gradient Boosting,Raw,Gaussian noise,2.0,1.163089180193032,114,0.7543859649122807,0.8627473365348497,0.10836137162256898,0.1411792544660126,0.33693987885821475,0.5973399440469802,0.14392050460988384
Breast Cancer,12,Gradient Boosting,Temperature scaled,Gaussian noise,2.0,1.163089180193032,114,0.7543859649122807,0.8429584893285226,0.08857252441624186,0.12394665025901783,0.3317880263946131,0.5605064786847879,0.14392050460988384
Breast Cancer,12,Gradient Boosting,Raw,Feature masking,0.0,1.163089180193032,114,0.9824561403508771,0.9813582746613064,-0.0010978656895707095,0.027468454979178627,0.041490594732940374,0.085288529518356,0.0022327943862510604
Breast Cancer,12,Gradient Boosting,Temperature scaled,Feature masking,0.0,1.163089180193032,114,0.9824561403508771,0.9761407423508742,-0.006315398000002914,0.021812143482140445,0.041721949619025284,0.08206429211138759,0.0022327943862510604
Breast Cancer,12,Gradient Boosting,Raw,Feature masking,0.1,1.163089180193032,114,0.9473684210526315,0.9696920418830951,0.022323620830463575,0.03567231204083384,0.05539403314954208,0.10659578176635977,0.0043918559394494055
Breast Cancer,12,Gradient Boosting,Temperature scaled,Feature masking,0.1,1.163089180193032,114,0.9473684210526315,0.9632472767869914,0.015878855734359876,0.02871154246021252,0.055400805409228954,0.103831020121325,0.0043918559394494055
Breast Cancer,12,Gradient Boosting,Raw,Feature masking,0.2,1.163089180193032,114,0.9385964912280702,0.9627039946772801,0.024107503449209866,0.036828259169801196,0.06612111931654581,0.12292167033381932,0.006249163382603952
Breast Cancer,12,Gradient Boosting,Temperature scaled,Feature masking,0.2,1.163089180193032,114,0.9385964912280702,0.9545878423970722,0.015991351169001966,0.0298773411351114,0.06578685331595319,0.120963660388963,0.006249163382603952
Breast Cancer,12,Gradient Boosting,Raw,Feature masking,0.3,1.163089180193032,114,0.9649122807017544,0.9633062717155998,-0.0016060089861545945,0.030567551440261843,0.053377302228104884,0.09964350615043117,0.0036103770068931776
Breast Cancer,12,Gradient Boosting,Temperature scaled,Feature masking,0.3,1.163089180193032,114,0.9649122807017544,0.9523775270385574,-0.012534753663197007,0.028633419929856033,0.05433153541076662,0.10355822458726001,0.0036103770068931776
Breast Cancer,12,Gradient Boosting,Raw,Feature masking,0.4,1.163089180193032,114,0.956140350877193,0.9299452237515683,-0.026195127125624662,0.03765429791509813,0.07956935348975872,0.150578928751882,0.009012052835995299
Breast Cancer,12,Gradient Boosting,Temperature scaled,Feature masking,0.4,1.163089180193032,114,0.956140350877193,0.9165344727962826,-0.03960587808091032,0.04070327916811986,0.08297266561113975,0.1565228846054441,0.009012052835995299
Breast Cancer,12,Gradient Boosting,Raw,Feature masking,0.5,1.163089180193032,114,0.9473684210526315,0.9187188336371185,-0.028649587415513045,0.060359471890097396,0.08660624839474507,0.15418872451512267,0.008037814248204862
Breast Cancer,12,Gradient Boosting,Temperature scaled,Feature masking,0.5,1.163089180193032,114,0.9473684210526315,0.9025366884927772,-0.04483173255985429,0.06200239600482857,0.09023830674902378,0.16455349055535484,0.008037814248204862
Breast Cancer,13,Logistic Regression,Raw,Gaussian noise,0.0,1.1996613185828058,114,0.9736842105263158,0.9665333203062484,-0.00715089022006743,0.03690247583027943,0.05009625518791673,0.1288287231691665,0.008290453317008034
Breast Cancer,13,Logistic Regression,Temperature scaled,Gaussian noise,0.0,1.1996613185828058,114,0.9736842105263158,0.9574523792875165,-0.016231831238799344,0.04000165797796667,0.05297208440650537,0.12430482264748138,0.008290453317008034
Breast Cancer,13,Logistic Regression,Raw,Gaussian noise,0.25,1.1996613185828058,114,0.9649122807017544,0.9619300171429642,-0.002982263558790166,0.03407078388512211,0.061619448998016496,0.1351112271648745,0.007039793037691528
Breast Cancer,13,Logistic Regression,Temperature scaled,Gaussian noise,0.25,1.1996613185828058,114,0.9649122807017544,0.9529981252211553,-0.011914155480599042,0.01956318652471394,0.0631435684417634,0.13051342137499522,0.007039793037691528
Breast Cancer,13,Logistic Regression,Raw,Gaussian noise,0.5,1.1996613185828058,114,0.9473684210526315,0.9724773514076549,0.025108930355023373,0.046990755703593956,0.08809006954411579,0.1989609943149575,0.012718829787072243
Breast Cancer,13,Logistic Regression,Temperature scaled,Gaussian noise,0.5,1.1996613185828058,114,0.9473684210526315,0.9646645727675888,0.017296151714957242,0.042855280705303374,0.0868410593137623,0.18004005783972496,0.012718829787072243
Breast Cancer,13,Logistic Regression,Raw,Gaussian noise,1.0,1.1996613185828058,114,0.9035087719298246,0.9436185006590312,0.040109728729206595,0.06048845581403639,0.13961117404837128,0.2673609612990101,0.02009424236606013
Breast Cancer,13,Logistic Regression,Temperature scaled,Gaussian noise,1.0,1.1996613185828058,114,0.9035087719298246,0.934582164678478,0.031073392748653395,0.04544259118137192,0.1357126780950525,0.2451444628883656,0.02009424236606013
Breast Cancer,13,Logistic Regression,Raw,Gaussian noise,1.5,1.1996613185828058,114,0.8157894736842105,0.9558655499661703,0.14007607628195984,0.16517390885003547,0.33117659216883905,0.8861516377073093,0.07086688183833854
Breast Cancer,13,Logistic Regression,Temperature scaled,Gaussian noise,1.5,1.1996613185828058,114,0.8157894736842105,0.9476719298709063,0.1318824561866958,0.1534073446273227,0.32295198237831213,0.7572578516212923,0.07086688183833854
Breast Cancer,13,Logistic Regression,Raw,Gaussian noise,2.0,1.1996613185828058,114,0.7894736842105263,0.9554290667106632,0.16595538250013686,0.16595538250013664,0.3291406351582209,0.8332860239535312,0.06742487134763003
Breast Cancer,13,Logistic Regression,Temperature scaled,Gaussian noise,2.0,1.1996613185828058,114,0.7894736842105263,0.9457829503655412,0.15630926615501484,0.15630926615501495,0.31604087359438127,0.7147588753966647,0.06742487134763003
Breast Cancer,13,Logistic Regression,Raw,Feature masking,0.0,1.1996613185828058,114,0.9736842105263158,0.9665333203062484,-0.00715089022006743,0.03690247583027943,0.05009625518791673,0.1288287231691665,0.008290453317008034
Breast Cancer,13,Logistic Regression,Temperature scaled,Feature masking,0.0,1.1996613185828058,114,0.9736842105263158,0.9574523792875165,-0.016231831238799344,0.04000165797796667,0.05297208440650537,0.12430482264748138,0.008290453317008034
Breast Cancer,13,Logistic Regression,Raw,Feature masking,0.1,1.1996613185828058,114,0.9473684210526315,0.9512486173463894,0.0038801962937579093,0.04449202670815991,0.06275890138940775,0.13151071538722817,0.008151160575652492
Breast Cancer,13,Logistic Regression,Temperature scaled,Feature masking,0.1,1.1996613185828058,114,0.9473684210526315,0.9409125723470693,-0.0064558487055622615,0.04984884331461188,0.0656740342405936,0.13138044579017616,0.008151160575652492
Breast Cancer,13,Logistic Regression,Raw,Feature masking,0.2,1.1996613185828058,114,0.9385964912280702,0.9449593621769512,0.006362870948880994,0.03245374774109146,0.09606514771063002,0.1833411746780621,0.013689967862354258
Breast Cancer,13,Logistic Regression,Temperature scaled,Feature masking,0.2,1.1996613185828058,114,0.9385964912280702,0.933398279742093,-0.005198211485977211,0.036655849241962746,0.09658894521769469,0.17721486230093492,0.013689967862354258
Breast Cancer,13,Logistic Regression,Raw,Feature masking,0.3,1.1996613185828058,114,0.9473684210526315,0.9337708589135185,-0.013597562139113006,0.05920263836792357,0.08714456615149248,0.17023259281303804,0.01293162907799218
Breast Cancer,13,Logistic Regression,Temperature scaled,Feature masking,0.3,1.1996613185828058,114,0.9473684210526315,0.9198981127704261,-0.027470308282205425,0.032787186470476244,0.08953578454137272,0.17130346157245155,0.01293162907799218
Breast Cancer,13,Logistic Regression,Raw,Feature masking,0.4,1.1996613185828058,114,0.9385964912280702,0.9303540722088304,-0.008242419019239833,0.07553084766011392,0.10049071733384554,0.20030922523688566,0.020252960815315368
Breast Cancer,13,Logistic Regression,Temperature scaled,Feature masking,0.4,1.1996613185828058,114,0.9385964912280702,0.9144209937649714,-0.024175497463098772,0.08964609998137757,0.10313721444563849,0.1991205973976639,0.020252960815315368
Breast Cancer,13,Logistic Regression,Raw,Feature masking,0.5,1.1996613185828058,114,0.9122807017543859,0.8960061631764358,-0.016274538577950137,0.04894431693802805,0.12871519980947516,0.21549015091566573,0.017528633800587428
Breast Cancer,13,Logistic Regression,Temperature scaled,Feature masking,0.5,1.1996613185828058,114,0.9122807017543859,0.876841505463466,-0.03543919629091996,0.054682028157188776,0.13177941869771448,0.22315542120475698,0.017528633800587428
Breast Cancer,13,Random Forest,Raw,Gaussian noise,0.0,0.8343927520230692,114,0.9122807017543859,0.9206115288218885,0.008330827067502544,0.03834469507084426,0.123580368588137,0.198122380010478,0.013585989848193076
Breast Cancer,13,Random Forest,Temperature scaled,Gaussian noise,0.0,0.8343927520230692,114,0.9122807017543859,0.933671332311745,0.021390630557359125,0.04528192358851828,0.12536349773459796,0.20322213113567833,0.013585989848193076
Breast Cancer,13,Random Forest,Raw,Gaussian noise,0.25,0.8343927520230692,114,0.9035087719298246,0.8996533834585851,-0.0038553884712394515,0.045693149540579306,0.12486751769105303,0.1987806783831619,0.01256896587216188
Breast Cancer,13,Random Forest,Temperature scaled,Gaussian noise,0.25,0.8343927520230692,114,0.9035087719298246,0.9174537698633491,0.01394499793352455,0.04670807280428798,0.12597299537144993,0.1937835533402933,0.01256896587216188
Breast Cancer,13,Random Forest,Raw,Gaussian noise,0.5,0.8343927520230692,114,0.9122807017543859,0.8551182957393396,-0.057162406015046296,0.0672397660818801,0.13876918473962685,0.24175864265553682,0.018521380564397675
Breast Cancer,13,Random Forest,Temperature scaled,Gaussian noise,0.5,0.8343927520230692,114,0.9122807017543859,0.8779212173413617,-0.034359484413024166,0.0585003607941696,0.13275232821694583,0.22823708731762513,0.018521380564397675
Breast Cancer,13,Random Forest,Raw,Gaussian noise,1.0,0.8343927520230692,114,0.8245614035087719,0.7300101921470344,-0.0945512113617375,0.09611712614870513,0.26138337495803,0.4152674104892105,0.055440371229982466
Breast Cancer,13,Random Forest,Temperature scaled,Gaussian noise,1.0,0.8343927520230692,114,0.8245614035087719,0.7574011206259793,-0.06716028288279263,0.08216931070763527,0.25070709947374537,0.39571595192846676,0.055440371229982466
Breast Cancer,13,Random Forest,Raw,Gaussian noise,1.5,0.8343927520230692,114,0.7982456140350878,0.6760646616541355,-0.12218095238095228,0.134870342522974,0.2998294197366432,0.4685068686966119,0.06305515771840157
Breast Cancer,13,Random Forest,Temperature scaled,Gaussian noise,1.5,0.8343927520230692,114,0.7982456140350878,0.7005762489927957,-0.09766936504229207,0.09766936504229197,0.28558133710101663,0.44676750753110345,0.06305515771840157
Breast Cancer,13,Random Forest,Raw,Gaussian noise,2.0,0.8343927520230692,114,0.6754385964912281,0.6689386800334167,-0.006499916457811339,0.13472481203007514,0.3612208729156223,0.53652306018671,0.13715061533624615
Breast Cancer,13,Random Forest,Temperature scaled,Gaussian noise,2.0,0.8343927520230692,114,0.6754385964912281,0.6933160196891527,0.017877423197924625,0.09359809803177788,0.3559009353140171,0.5264157879177026,0.13715061533624615
Breast Cancer,13,Random Forest,Raw,Feature masking,0.0,0.8343927520230692,114,0.9122807017543859,0.9206115288218885,0.008330827067502544,0.03834469507084426,0.123580368588137,0.198122380010478,0.013585989848193076
Breast Cancer,13,Random Forest,Temperature scaled,Feature masking,0.0,0.8343927520230692,114,0.9122807017543859,0.933671332311745,0.021390630557359125,0.04528192358851828,0.12536349773459796,0.20322213113567833,0.013585989848193076
Breast Cancer,13,Random Forest,Raw,Feature masking,0.1,0.8343927520230692,114,0.9210526315789473,0.8847258980784684,-0.03632673350047899,0.048858395990036475,0.13766520157059317,0.22849552150979824,0.01775553507879665
Breast Cancer,13,Random Forest,Temperature scaled,Feature masking,0.1,0.8343927520230692,114,0.9210526315789473,0.9045817447042777,-0.016470886874669688,0.04529117834635046,0.13646233842029235,0.22347059931078198,0.01775553507879665
Breast Cancer,13,Random Forest,Raw,Feature masking,0.2,0.8343927520230692,114,0.9122807017543859,0.8581934001670668,-0.054087301587319114,0.0768497076023567,0.13378720893503598,0.2399376290528952,0.02010683817544095
Breast Cancer,13,Random Forest,Temperature scaled,Feature masking,0.2,0.8343927520230692,114,0.9122807017543859,0.8833499395137004,-0.02893076224068547,0.048874102262239455,0.12762210299614826,0.2249436566147326,0.020008277166176213
Breast Cancer,13,Random Forest,Raw,Feature masking,0.3,0.8343927520230692,114,0.8947368421052632,0.8502896407685882,-0.04444720133667501,0.08995898078529656,0.15173461778732547,0.2699369635472797,0.028035519998163172
Breast Cancer,13,Random Forest,Temperature scaled,Feature masking,0.3,0.8343927520230692,114,0.8947368421052632,0.8781207797407817,-0.016616062364481432,0.06485804241003854,0.14529963400300003,0.25604684689843527,0.028035519998163172
Breast Cancer,13,Random Forest,Raw,Feature masking,0.4,0.8343927520230692,114,0.8596491228070176,0.8218646616541353,-0.037784461152882254,0.115288387635756,0.1855297410574054,0.31516979067471096,0.03644157218648157
Breast Cancer,13,Random Forest,Temperature scaled,Feature masking,0.4,0.8343927520230692,114,0.8596491228070176,0.8515114761493133,-0.008137646657704223,0.07923277664567813,0.17970426076752918,0.3003593244264099,0.03644157218648157
Breast Cancer,13,Random Forest,Raw,Feature masking,0.5,0.8343927520230692,114,0.8596491228070176,0.7854520467836259,-0.07419707602339165,0.12246307435254807,0.19348126845526514,0.3353801881057526,0.033703891145507925
Breast Cancer,13,Random Forest,Temperature scaled,Feature masking,0.5,0.8343927520230692,114,0.8596491228070176,0.8174074841660061,-0.04224163864101149,0.10768885052229074,0.18237076176135278,0.3121782796733223,0.033703891145507925
Breast Cancer,13,Gradient Boosting,Raw,Gaussian noise,0.0,1.4718308575699304,114,0.9122807017543859,0.9688894085237152,0.056608706769329276,0.059561695536083994,0.11200510461081165,0.21475871011563846,0.014148934730390608
Breast Cancer,13,Gradient Boosting,Temperature scaled,Gaussian noise,0.0,1.4718308575699304,114,0.9122807017543859,0.947336043032343,0.035055341277957064,0.05023423587110412,0.10389200220600724,0.18194112346724137,0.014148934730390608
Breast Cancer,13,Gradient Boosting,Raw,Gaussian noise,0.25,1.4718308575699304,114,0.9385964912280702,0.979124260778768,0.04052776955069781,0.05045005748483873,0.10758349147927795,0.1886228571500065,0.007501936531056887
Breast Cancer,13,Gradient Boosting,Temperature scaled,Gaussian noise,0.25,1.4718308575699304,114,0.9385964912280702,0.9535117424984579,0.01491525127038773,0.027081870190700987,0.09856125156976299,0.16344958764859685,0.007501936531056887
Breast Cancer,13,Gradient Boosting,Raw,Gaussian noise,0.5,1.4718308575699304,114,0.9035087719298246,0.9636208393903167,0.060112067460492136,0.06011206746049204,0.15211026521196336,0.28382792250144623,0.02638670474596009
Breast Cancer,13,Gradient Boosting,Temperature scaled,Gaussian noise,0.5,1.4718308575699304,114,0.9035087719298246,0.9353568917938586,0.03184811986403402,0.04047900502040309,0.1396783856907567,0.23790755928796395,0.02638670474596009
Breast Cancer,13,Gradient Boosting,Raw,Gaussian noise,1.0,1.4718308575699304,114,0.7631578947368421,0.916843753121762,0.15368585838491988,0.17076396521486534,0.37347758436523537,0.6469823629501373,0.10935103105745407
Breast Cancer,13,Gradient Boosting,Temperature scaled,Gaussian noise,1.0,1.4718308575699304,114,0.7631578947368421,0.873605066471029,0.11044717173418683,0.12767453009009735,0.33795539385530726,0.521852641445079,0.10935103105745407
Breast Cancer,13,Gradient Boosting,Raw,Gaussian noise,1.5,1.4718308575699304,114,0.6666666666666666,0.8923490023346383,0.2256823356679717,0.22568233566797175,0.4781421542791879,0.8346224790745748,0.19051520723016474
Breast Cancer,13,Gradient Boosting,Temperature scaled,Gaussian noise,1.5,1.4718308575699304,114,0.6666666666666666,0.8402238937707226,0.17355722710405597,0.1839957472466436,0.4347527678491278,0.6697382467411613,0.19051520723016474
Breast Cancer,13,Gradient Boosting,Raw,Gaussian noise,2.0,1.4718308575699304,114,0.7017543859649122,0.8870409371992045,0.18528655123429227,0.21071220311800132,0.4734574959205152,0.7676928156770927,0.14791423951571522
Breast Cancer,13,Gradient Boosting,Temperature scaled,Gaussian noise,2.0,1.4718308575699304,114,0.7017543859649122,0.8369026585020525,0.13514827253714023,0.16647046136676055,0.4261685426425809,0.6246981606136122,0.14791423951571522
Breast Cancer,13,Gradient Boosting,Raw,Feature masking,0.0,1.4718308575699304,114,0.9122807017543859,0.9688894085237152,0.056608706769329276,0.059561695536083994,0.11200510461081165,0.21475871011563846,0.014148934730390608
Breast Cancer,13,Gradient Boosting,Temperature scaled,Feature masking,0.0,1.4718308575699304,114,0.9122807017543859,0.947336043032343,0.035055341277957064,0.05023423587110412,0.10389200220600724,0.18194112346724137,0.014148934730390608
Breast Cancer,13,Gradient Boosting,Raw,Feature masking,0.1,1.4718308575699304,114,0.9122807017543859,0.9524447450802943,0.040164043325908394,0.04810813738067354,0.12102827293774983,0.23484106039275457,0.018899403754518724
Breast Cancer,13,Gradient Boosting,Temperature scaled,Feature masking,0.1,1.4718308575699304,114,0.9122807017543859,0.9252741030516103,0.012993401297224372,0.03329981814686389,0.11743551451727384,0.20904133264370198,0.018899403754518724
Breast Cancer,13,Gradient Boosting,Raw,Feature masking,0.2,1.4718308575699304,114,0.9035087719298246,0.9559396683117258,0.05243089638190124,0.05996928378526147,0.15574258833979496,0.2928860765881765,0.02349272519671446
Breast Cancer,13,Gradient Boosting,Temperature scaled,Feature masking,0.2,1.4718308575699304,114,0.9035087719298246,0.9259335592235575,0.022424787293732873,0.026107744131567454,0.14746295851488944,0.24967829955907736,0.02349272519671446
Breast Cancer,13,Gradient Boosting,Raw,Feature masking,0.3,1.4718308575699304,114,0.9122807017543859,0.937590672828155,0.02530997107376909,0.05652281726803647,0.138269713938788,0.25376377802030436,0.023325263513967638
Breast Cancer,13,Gradient Boosting,Temperature scaled,Feature masking,0.3,1.4718308575699304,114,0.9122807017543859,0.904373965750057,-0.007906736004328896,0.05494034527148327,0.13594901430350276,0.2347638200907365,0.023325263513967638
Breast Cancer,13,Gradient Boosting,Raw,Feature masking,0.4,1.4718308575699304,114,0.868421052631579,0.9410736978608049,0.07265264522922588,0.09482358374980387,0.20405935311602233,0.3952468569397064,0.039653267727396066
Breast Cancer,13,Gradient Boosting,Temperature scaled,Feature masking,0.4,1.4718308575699304,114,0.868421052631579,0.9106094257827523,0.0421883731511733,0.0596113137272708,0.19388724501015264,0.3262552239485222,0.039653267727396066
Breast Cancer,13,Gradient Boosting,Raw,Feature masking,0.5,1.4718308575699304,114,0.8596491228070176,0.9296876803551856,0.07003855754816801,0.10353902596487768,0.22779383583742477,0.3858782719441508,0.0442114374211348
Breast Cancer,13,Gradient Boosting,Temperature scaled,Feature masking,0.5,1.4718308575699304,114,0.8596491228070176,0.8888427326593282,0.029193609852310676,0.08122771209969064,0.21103113324214598,0.3358812294776877,0.0442114374211348
Breast Cancer,14,Logistic Regression,Raw,Gaussian noise,0.0,0.3150311819645782,114,0.9649122807017544,0.9641970346145775,-0.0007152460871768795,0.03224634813107955,0.04785972001378421,0.08056752859497424,0.0019397281634075522
Breast Cancer,14,Logistic Regression,Temperature scaled,Gaussian noise,0.0,0.3150311819645782,114,0.9649122807017544,0.98854769192919,0.02363541122743562,0.031155728647827514,0.04940241432271851,0.13571006013849915,0.0019397281634075522
Breast Cancer,14,Logistic Regression,Raw,Gaussian noise,0.25,0.3150311819645782,114,0.9736842105263158,0.9672825529441595,-0.006401657582156273,0.03914589542241994,0.0476359096698778,0.08425671203068182,0.002337248525131276
Breast Cancer,14,Logistic Regression,Temperature scaled,Gaussian noise,0.25,0.3150311819645782,114,0.9736842105263158,0.9911396956938755,0.01745548516755968,0.025826994674434126,0.04265324716435984,0.15652014313003298,0.002337248525131276
Breast Cancer,14,Logistic Regression,Raw,Gaussian noise,0.5,0.3150311819645782,114,0.956140350877193,0.9666328465008105,0.010492495623617537,0.029006514689308236,0.051522406581247925,0.08248915876961363,0.0020426922334087915
Breast Cancer,14,Logistic Regression,Temperature scaled,Gaussian noise,0.5,0.3150311819645782,114,0.956140350877193,0.9889426796939401,0.03280232881674716,0.03280232881674723,0.06929928640762127,0.1509437074317937,0.0020426922334087915
Breast Cancer,14,Logistic Regression,Raw,Gaussian noise,1.0,0.3150311819645782,114,0.9122807017543859,0.9571803815412201,0.04489967978683418,0.061023735370961146,0.14384546521281555,0.2794228323811232,0.019344663240450023
Breast Cancer,14,Logistic Regression,Temperature scaled,Gaussian noise,1.0,0.3150311819645782,114,0.9122807017543859,0.9878835614037167,0.07560285964933078,0.08872854332303326,0.1704328688991098,0.7417068875424416,0.019344663240450023
Breast Cancer,14,Logistic Regression,Raw,Gaussian noise,1.5,0.3150311819645782,114,0.8421052631578947,0.961775389411697,0.11967012625380236,0.13989692189211442,0.28864861334859226,0.7864871734517697,0.06308909566694516
Breast Cancer,14,Logistic Regression,Temperature scaled,Gaussian noise,1.5,0.3150311819645782,114,0.8421052631578947,0.9885723820386588,0.14646711888076414,0.14646711888076439,0.30179579956195046,2.217194724592572,0.10023338548385141
Breast Cancer,14,Logistic Regression,Raw,Gaussian noise,2.0,0.3150311819645782,114,0.7894736842105263,0.952360651941839,0.16288696773131273,0.17224097618042164,0.3565530123586713,1.163496745139506,0.09840446515747603
Breast Cancer,14,Logistic Regression,Temperature scaled,Gaussian noise,2.0,0.3150311819645782,114,0.7894736842105263,0.9858439432687216,0.19637025905819527,0.19637025905819533,0.38845084045119394,3.031468839829187,0.12659334927411614
Breast Cancer,14,Logistic Regression,Raw,Feature masking,0.0,0.3150311819645782,114,0.9649122807017544,0.9641970346145775,-0.0007152460871768795,0.03224634813107955,0.04785972001378421,0.08056752859497424,0.0019397281634075522
Breast Cancer,14,Logistic Regression,Temperature scaled,Feature masking,0.0,0.3150311819645782,114,0.9649122807017544,0.98854769192919,0.02363541122743562,0.031155728647827514,0.04940241432271851,0.13571006013849915,0.0019397281634075522
Breast Cancer,14,Logistic Regression,Raw,Feature masking,0.1,0.3150311819645782,114,0.956140350877193,0.9610789164533287,0.004938565576135701,0.03982780922618661,0.07134053993032047,0.12861886210016604,0.005939940508619002
Breast Cancer,14,Logistic Regression,Temperature scaled,Feature masking,0.1,0.3150311819645782,114,0.956140350877193,0.987181588196005,0.03104123731881203,0.03636546956169956,0.0726987783191459,0.2787131566732464,0.005939940508619002
Breast Cancer,14,Logistic Regression,Raw,Feature masking,0.2,0.3150311819645782,114,0.956140350877193,0.9478218216890649,-0.008318529188128032,0.031889900845754424,0.07195605090229229,0.11953229516392733,0.00439138563568252
Breast Cancer,14,Logistic Regression,Temperature scaled,Feature masking,0.2,0.3150311819645782,114,0.956140350877193,0.9810027371239034,0.024862386246710444,0.039945555074412636,0.06951349596724508,0.20446795928053066,0.00439138563568252
Breast Cancer,14,Logistic Regression,Raw,Feature masking,0.3,0.3150311819645782,114,0.9473684210526315,0.9424681385796381,-0.004900282472993456,0.02768442051494003,0.06215768989489882,0.10135864392576976,0.0028713871486822583
Breast Cancer,14,Logistic Regression,Temperature scaled,Feature masking,0.3,0.3150311819645782,114,0.9473684210526315,0.977779132655698,0.03041071160306652,0.03520166883104376,0.0764433895765474,0.13117715041043915,0.0028713871486822583
Breast Cancer,14,Logistic Regression,Raw,Feature masking,0.4,0.3150311819645782,114,0.9298245614035088,0.9258233236753852,-0.004001237728123552,0.04693997744987073,0.09693637015455925,0.15641210430205818,0.0071951531217794365
Breast Cancer,14,Logistic Regression,Temperature scaled,Feature masking,0.4,0.3150311819645782,114,0.9298245614035088,0.975738562024045,0.04591400062053619,0.04591400062053623,0.10791106370835013,0.24517237005374684,0.0071951531217794365
Breast Cancer,14,Logistic Regression,Raw,Feature masking,0.5,0.3150311819645782,114,0.9210526315789473,0.9233451445832616,0.0022925130043142117,0.04531930990402972,0.11588498613392044,0.222018651785823,0.024280057406302548
Breast Cancer,14,Logistic Regression,Temperature scaled,Feature masking,0.5,0.3150311819645782,114,0.9210526315789473,0.9840961275120121,0.0630434959330648,0.06964292818880198,0.12925462993000264,0.44318054884846325,0.024280057406302548
Breast Cancer,14,Random Forest,Raw,Gaussian noise,0.0,0.4271398891193107,114,0.956140350877193,0.9456371345027312,-0.010503216374461721,0.0397741436927577,0.05864807443967061,0.11672964098669934,0.006384224068615031
Breast Cancer,14,Random Forest,Temperature scaled,Gaussian noise,0.0,0.4271398891193107,114,0.956140350877193,0.9818669485807804,0.025726597703587428,0.036394071932560036,0.05757030276572093,0.14837377940328336,0.006384224068615031
Breast Cancer,14,Random Forest,Raw,Gaussian noise,0.25,0.4271398891193107,114,0.9649122807017544,0.9240468810914687,-0.04086539961028568,0.0574044138124575,0.05891168096621625,0.11976113902979513,0.004214917536452624
Breast Cancer,14,Random Forest,Temperature scaled,Gaussian noise,0.25,0.4271398891193107,114,0.9649122807017544,0.975923017850357,0.011010737148602567,0.02405771087879848,0.0499994138221981,0.10515208570864464,0.004214917536452624
Breast Cancer,14,Random Forest,Raw,Gaussian noise,0.5,0.4271398891193107,114,0.9824561403508771,0.8513217348927611,-0.13113440545811605,0.13113440545811586,0.08988082223128367,0.18955513821020056,0.0031149975055999755
Breast Cancer,14,Random Forest,Temperature scaled,Gaussian noise,0.5,0.4271398891193107,114,0.9824561403508771,0.9489622986184686,-0.03349384173240855,0.05017395469846998,0.052850312157326815,0.09892879860047991,0.0031149975055999755
Breast Cancer,14,Random Forest,Raw,Gaussian noise,1.0,0.4271398891193107,114,0.8771929824561403,0.7437010025062657,-0.1334919799498746,0.1452525480367586,0.2062604028690775,0.3544398185443941,0.02095694788107619
Breast Cancer,14,Random Forest,Temperature scaled,Gaussian noise,1.0,0.4271398891193107,114,0.8771929824561403,0.8710993480109065,-0.006093634445233809,0.06606771922660487,0.15946155005624882,0.2525353785951589,0.02095694788107619
Breast Cancer,14,Random Forest,Raw,Gaussian noise,1.5,0.4271398891193107,114,0.8859649122807017,0.6883421052631578,-0.19762280701754398,0.1976228070175438,0.26721240194198015,0.43246008669624986,0.039821972919598825
Breast Cancer,14,Random Forest,Temperature scaled,Gaussian noise,1.5,0.4271398891193107,114,0.8859649122807017,0.8109127998217219,-0.0750521124589798,0.08243659251603393,0.20185414660766382,0.32810935123436674,0.039821972919598825
Breast Cancer,14,Random Forest,Raw,Gaussian noise,2.0,0.4271398891193107,114,0.8157894736842105,0.6749657337788917,-0.14082373990531882,0.16422009189640763,0.32032672360402764,0.5002541252275278,0.1070615082055643
Breast Cancer,14,Random Forest,Temperature scaled,Gaussian noise,2.0,0.4271398891193107,114,0.8157894736842105,0.8054266105296873,-0.010362863154523172,0.06495992488146397,0.2726296461089865,0.4535346737510869,0.1070615082055643
Breast Cancer,14,Random Forest,Raw,Feature masking,0.0,0.4271398891193107,114,0.956140350877193,0.9456371345027312,-0.010503216374461721,0.0397741436927577,0.0586480744396706,0.11672964098669934,0.006384224068615031
Breast Cancer,14,Random Forest,Temperature scaled,Feature masking,0.0,0.4271398891193107,114,0.956140350877193,0.9818669485807803,0.025726597703587317,0.03639407193256004,0.057570302765720935,0.14837377940328336,0.006384224068615031
Breast Cancer,14,Random Forest,Raw,Feature masking,0.1,0.4271398891193107,114,0.9649122807017544,0.9251170704538335,-0.039795210247920876,0.05203455861884812,0.06417494053873661,0.1317320393675197,0.007318844011957874
Breast Cancer,14,Random Forest,Temperature scaled,Feature masking,0.1,0.4271398891193107,114,0.9649122807017544,0.9776059221467599,0.01269364144500551,0.0304756489423164,0.058758499232109254,0.13558295167475468,0.007318844011957874
Breast Cancer,14,Random Forest,Raw,Feature masking,0.2,0.4271398891193107,114,0.9649122807017544,0.8999316624895397,-0.06498061821221468,0.07718078529659225,0.07125557715744388,0.16055549491862237,0.015164834962125171
Breast Cancer,14,Random Forest,Temperature scaled,Feature masking,0.2,0.4271398891193107,114,0.9649122807017544,0.9756575250625851,0.010745244360830686,0.03379255982422765,0.05893096841242077,0.1417143699322528,0.015164834962125171
Breast Cancer,14,Random Forest,Raw,Feature masking,0.3,0.4271398891193107,114,0.9473684210526315,0.8705593706488444,-0.07680905040378716,0.09715405179615709,0.09207382670910079,0.1895929212247788,0.010074646614377052
Breast Cancer,14,Random Forest,Temperature scaled,Feature masking,0.3,0.4271398891193107,114,0.9473684210526315,0.9608431160923567,0.013474695039725204,0.03897120143183948,0.0713317715142949,0.14212926404895526,0.010074646614377052
Breast Cancer,14,Random Forest,Raw,Feature masking,0.4,0.4271398891193107,114,0.9210526315789473,0.822986201615149,-0.09806642996379833,0.10487486772486762,0.13193785713388406,0.24777629539909551,0.011713250829439081
Breast Cancer,14,Random Forest,Temperature scaled,Feature masking,0.4,0.4271398891193107,114,0.9210526315789473,0.9277797502294746,0.00672711865052722,0.04790962969622851,0.10447371537223518,0.17641465741635295,0.011713250829439081
Breast Cancer,14,Random Forest,Raw,Feature masking,0.5,0.4271398891193107,114,0.9298245614035088,0.7976892926761346,-0.13213526872737413,0.13213526872737397,0.16181586133769169,0.29187843836397787,0.017143596900217443
Breast Cancer,14,Random Forest,Temperature scaled,Feature masking,0.5,0.4271398891193107,114,0.9298245614035088,0.9088318923434668,-0.020992669060041935,0.07494804183427173,0.12665693791558127,0.22598501350852251,0.017143596900217443
Breast Cancer,14,Gradient Boosting,Raw,Gaussian noise,0.0,0.8528044708573065,114,0.9649122807017544,0.9744563357533091,0.009544055051554756,0.030541207334693198,0.0546047657562772,0.11900893365829812,0.00441293263108055
Breast Cancer,14,Gradient Boosting,Temperature scaled,Gaussian noise,0.0,0.8528044708573065,114,0.9649122807017544,0.9786995597261153,0.013787279024360943,0.03772569593922976,0.054063247752959794,0.1294074166737871,0.00441293263108055
Breast Cancer,14,Gradient Boosting,Raw,Gaussian noise,0.25,0.8528044708573065,114,0.9649122807017544,0.9787690819245427,0.013856801222788317,0.026959645768782743,0.059946128255350506,0.10920871583000796,0.0031548739794975862
Breast Cancer,14,Gradient Boosting,Temperature scaled,Gaussian noise,0.25,0.8528044708573065,114,0.9649122807017544,0.984322711044787,0.01941043034303258,0.034952905452158525,0.06158134445897234,0.11793467427457041,0.0031548739794975862
Breast Cancer,14,Gradient Boosting,Raw,Gaussian noise,0.5,0.8528044708573065,114,0.9649122807017544,0.9557676387011638,-0.00914464200059062,0.02148439047735242,0.06552395738937673,0.11501164546455354,0.004372486394384414
Breast Cancer,14,Gradient Boosting,Temperature scaled,Gaussian noise,0.5,0.8528044708573065,114,0.9649122807017544,0.9646746871989337,-0.0002375935028207099,0.041274283946453924,0.06558193804838058,0.11600326146690577,0.004372486394384414
Breast Cancer,14,Gradient Boosting,Raw,Gaussian noise,1.0,0.8528044708573065,114,0.8508771929824561,0.8863246253881071,0.03544743240565096,0.049237968253272146,0.2230016003905021,0.37996537561956245,0.05627139394463132
Breast Cancer,14,Gradient Boosting,Temperature scaled,Gaussian noise,1.0,0.8528044708573065,114,0.8508771929824561,0.8997309396478523,0.048853746665396214,0.10186921222862715,0.22634888524451316,0.4053898788996465,0.05627139394463132
Breast Cancer,14,Gradient Boosting,Raw,Gaussian noise,1.5,0.8528044708573065,114,0.7719298245614035,0.865016220281171,0.09308639571976751,0.10280582393258483,0.3324682522910001,0.5585105749225094,0.11573660212237978
Breast Cancer,14,Gradient Boosting,Temperature scaled,Gaussian noise,1.5,0.8528044708573065,114,0.7719298245614035,0.8827379764733636,0.11080815191196014,0.13212189432010574,0.3407672766750886,0.6055476238528373,0.11573660212237978
Breast Cancer,14,Gradient Boosting,Raw,Gaussian noise,2.0,0.8528044708573065,114,0.7543859649122807,0.8742463910889425,0.11986042617666182,0.16003070597265884,0.34909704977451855,0.6067720416345143,0.1468553663875551
Breast Cancer,14,Gradient Boosting,Temperature scaled,Gaussian noise,2.0,0.8528044708573065,114,0.7543859649122807,0.8932626433686487,0.13887667845636797,0.17576923494853175,0.35870017154621,0.6632404076863377,0.1468553663875551
Breast Cancer,14,Gradient Boosting,Raw,Feature masking,0.0,0.8528044708573065,114,0.9649122807017544,0.9744563357533091,0.009544055051554756,0.030541207334693198,0.0546047657562772,0.11900893365829812,0.00441293263108055
Breast Cancer,14,Gradient Boosting,Temperature scaled,Feature masking,0.0,0.8528044708573065,114,0.9649122807017544,0.9786995597261153,0.013787279024360943,0.03772569593922976,0.054063247752959794,0.1294074166737871,0.00441293263108055
Breast Cancer,14,Gradient Boosting,Raw,Feature masking,0.1,0.8528044708573065,114,0.9649122807017544,0.9723246294078507,0.007412348706096306,0.029474839285280524,0.05538218762611776,0.13097626764049605,0.0077876597857199845
Breast Cancer,14,Gradient Boosting,Temperature scaled,Feature masking,0.1,0.8528044708573065,114,0.9649122807017544,0.9773631482491623,0.012450867547407873,0.03653840689131959,0.05464547529169847,0.14223678809633744,0.0077876597857199845
Breast Cancer,14,Gradient Boosting,Raw,Feature masking,0.2,0.8528044708573065,114,0.956140350877193,0.9640335730715635,0.007893222194370497,0.038000252656258705,0.06107299919119753,0.10859162588227655,0.0037516667148401323
Breast Cancer,14,Gradient Boosting,Temperature scaled,Feature masking,0.2,0.8528044708573065,114,0.956140350877193,0.9714960779296754,0.015355727052482449,0.026443717918180835,0.061649203833315167,0.11183416924695613,0.0037516667148401323
Breast Cancer,14,Gradient Boosting,Raw,Feature masking,0.3,0.8528044708573065,114,0.9736842105263158,0.9621464313854076,-0.011537779140908255,0.03503473297543636,0.058493276172046554,0.1237356394948682,0.008623525483685642
Breast Cancer,14,Gradient Boosting,Temperature scaled,Feature masking,0.3,0.8528044708573065,114,0.9736842105263158,0.9709078463086701,-0.0027763642176457104,0.03515889350799398,0.057318917725320495,0.12794818561147572,0.008623525483685642
Breast Cancer,14,Gradient Boosting,Raw,Feature masking,0.4,0.8528044708573065,114,0.9210526315789473,0.923140527228686,0.002087895649738658,0.03352077250332039,0.10958408150986033,0.17771378748607608,0.011317819101001554
Breast Cancer,14,Gradient Boosting,Temperature scaled,Feature masking,0.4,0.8528044708573065,114,0.9210526315789473,0.9354857877621934,0.014433156183246032,0.028510089554889102,0.11079635443223697,0.17822403993023245,0.011317819101001554
Breast Cancer,14,Gradient Boosting,Raw,Feature masking,0.5,0.8528044708573065,114,0.9035087719298246,0.9102164517051382,0.006707679775313613,0.04333018063332728,0.1484931694022702,0.25705437023964006,0.026440118094534833
Breast Cancer,14,Gradient Boosting,Temperature scaled,Feature masking,0.5,0.8528044708573065,114,0.9035087719298246,0.9250953531089612,0.021586581179136588,0.05650645153952699,0.14954849334522433,0.2658889758563829,0.026440118094534833
Breast Cancer,15,Logistic Regression,Raw,Gaussian noise,0.0,0.7694513914399512,114,1.0,0.9640498961240515,-0.03595010387594855,0.03595010387594856,0.019793757418370035,0.0426614397259255,0.0
Breast Cancer,15,Logistic Regression,Temperature scaled,Gaussian noise,0.0,0.7694513914399512,114,1.0,0.9729154120620054,-0.02708458793799462,0.027084587937994644,0.01565055652837438,0.032399002618387025,0.0
Breast Cancer,15,Logistic Regression,Raw,Gaussian noise,0.25,0.7694513914399512,114,0.9912280701754386,0.960102532683219,-0.03112553749221958,0.031608346178596175,0.02337845222430697,0.04835041406400862,0.00011610107398600557
Breast Cancer,15,Logistic Regression,Temperature scaled,Gaussian noise,0.25,0.7694513914399512,114,0.9912280701754386,0.9694868273813771,-0.02174124279406142,0.02236859225117537,0.01930643639372089,0.037737323118485516,0.00011610107398600557
Breast Cancer,15,Logistic Regression,Raw,Gaussian noise,0.5,0.7694513914399512,114,0.9298245614035088,0.9583785983789771,0.028554036975468322,0.045395215902671184,0.0750345153128558,0.1048469559634647,0.003985963195238991
Breast Cancer,15,Logistic Regression,Temperature scaled,Gaussian noise,0.5,0.7694513914399512,114,0.9298245614035088,0.9669500706907785,0.037125509287269765,0.05272124380157252,0.08173891940603391,0.11094840521104692,0.003985963195238991
Breast Cancer,15,Logistic Regression,Raw,Gaussian noise,1.0,0.7694513914399512,114,0.9385964912280702,0.951811631078106,0.013215139850035751,0.056960089662387546,0.0869820252923739,0.15534436539915894,0.007407216207430772
Breast Cancer,15,Logistic Regression,Temperature scaled,Gaussian noise,1.0,0.7694513914399512,114,0.9385964912280702,0.9632686017333011,0.024672110505230882,0.05298821691669514,0.08700907148627743,0.1711613822363893,0.007407216207430772
Breast Cancer,15,Logistic Regression,Raw,Gaussian noise,1.5,0.7694513914399512,114,0.868421052631579,0.9486167948919157,0.08019574226033677,0.09731372469656388,0.17944048445333646,0.39941143088555536,0.03010748071857646
Breast Cancer,15,Logistic Regression,Temperature scaled,Gaussian noise,1.5,0.7694513914399512,114,0.868421052631579,0.9595683881753542,0.09114733554377519,0.1066631103369877,0.18684968756005058,0.4876157317237509,0.03010748071857646
Breast Cancer,15,Logistic Regression,Raw,Gaussian noise,2.0,0.7694513914399512,114,0.8245614035087719,0.9499869829517668,0.12542557944299482,0.1615900308001016,0.3169559719535284,0.8441969636065447,0.07637098220903808
Breast Cancer,15,Logistic Regression,Temperature scaled,Gaussian noise,2.0,0.7694513914399512,114,0.8245614035087719,0.960798454564427,0.1362370510556551,0.157424902595577,0.3250981113449546,1.0662901717634048,0.07637098220903808
Breast Cancer,15,Logistic Regression,Raw,Feature masking,0.0,0.7694513914399512,114,1.0,0.9640498961240515,-0.03595010387594855,0.03595010387594856,0.019793757418370035,0.0426614397259255,0.0
Breast Cancer,15,Logistic Regression,Temperature scaled,Feature masking,0.0,0.7694513914399512,114,1.0,0.9729154120620054,-0.02708458793799462,0.027084587937994644,0.01565055652837438,0.032399002618387025,0.0
Breast Cancer,15,Logistic Regression,Raw,Feature masking,0.1,0.7694513914399512,114,0.9912280701754386,0.9582903968194931,-0.03293767335594544,0.032937673355945524,0.02514243744268836,0.054799894966810696,0.0002734482708068861
Breast Cancer,15,Logistic Regression,Temperature scaled,Feature masking,0.1,0.7694513914399512,114,0.9912280701754386,0.9711091915062131,-0.02011887866922546,0.02011887866922527,0.02083779336597116,0.04222150285416013,0.0002734482708068861
Breast Cancer,15,Logistic Regression,Raw,Feature masking,0.2,0.7694513914399512,114,0.9649122807017544,0.9414213513538658,-0.023490929347888545,0.04872615778911916,0.041759144118783474,0.07909132252233327,0.0008595366106152272
Breast Cancer,15,Logistic Regression,Temperature scaled,Feature masking,0.2,0.7694513914399512,114,0.9649122807017544,0.9553737827157608,-0.0095384979859936,0.03701117848478926,0.03702395440335107,0.06554978790753206,0.0008595366106152272
Breast Cancer,15,Logistic Regression,Raw,Feature masking,0.3,0.7694513914399512,114,0.9912280701754386,0.9419798646657056,-0.04924820550973297,0.05671157071280768,0.031814664784779095,0.07314553015110388,0.000514891080252271
Breast Cancer,15,Logistic Regression,Temperature scaled,Feature masking,0.3,0.7694513914399512,114,0.9912280701754386,0.9600153471942312,-0.031212722981207364,0.040506411817126026,0.025328352100675203,0.05461496878085897,0.000514891080252271
Breast Cancer,15,Logistic Regression,Raw,Feature masking,0.4,0.7694513914399512,114,0.956140350877193,0.9259084549397198,-0.030231895937473108,0.04640270624257671,0.05679201912050083,0.10537482196856567,0.002103395028444528
Breast Cancer,15,Logistic Regression,Temperature scaled,Feature masking,0.4,0.7694513914399512,114,0.956140350877193,0.9447432830928847,-0.011397067784308268,0.030113478138976843,0.0528412798386174,0.08907194447781615,0.002103395028444528
Breast Cancer,15,Logistic Regression,Raw,Feature masking,0.5,0.7694513914399512,114,0.9298245614035088,0.9002103959946021,-0.029614165408906712,0.05364656750186314,0.09307748357385492,0.16281578918452477,0.006207802451441961
Breast Cancer,15,Logistic Regression,Temperature scaled,Feature masking,0.5,0.7694513914399512,114,0.9298245614035088,0.9262201706503641,-0.0036043907531446706,0.04668219747324237,0.08932827040849964,0.14620818768813748,0.006207802451441961
Breast Cancer,15,Random Forest,Raw,Gaussian noise,0.0,0.8072744541572878,114,0.9824561403508771,0.9281785575046541,-0.05427758284622308,0.05427758284622306,0.04978204026105829,0.10060940645803815,0.0018399265778915553
Breast Cancer,15,Random Forest,Temperature scaled,Gaussian noise,0.0,0.8072744541572878,114,0.9824561403508771,0.9445348306206403,-0.037921309730236885,0.037921309730236843,0.043605768392831486,0.0856679547986173,0.0018399265778915553
Breast Cancer,15,Random Forest,Raw,Gaussian noise,0.25,0.8072744541572878,114,0.9824561403508771,0.888730311890768,-0.09372582846010913,0.09372582846010914,0.07847250577868832,0.14991749910614213,0.0031845895000103533
Breast Cancer,15,Random Forest,Temperature scaled,Gaussian noise,0.25,0.8072744541572878,114,0.9824561403508771,0.9096095627114957,-0.0728465776393814,0.0750088338442185,0.0696915353658251,0.12932218100336668,0.0031845895000103533
Breast Cancer,15,Random Forest,Raw,Gaussian noise,0.5,0.8072744541572878,114,0.956140350877193,0.8396303675856306,-0.11650998329156237,0.1165099832915622,0.11315930255228017,0.21628353020222635,0.005929109737084196
Breast Cancer,15,Random Forest,Temperature scaled,Gaussian noise,0.5,0.8072744541572878,114,0.956140350877193,0.8696649306494607,-0.08647542022773225,0.08647542022773208,0.09858952668489594,0.18619898494072726,0.005929109737084196
Breast Cancer,15,Random Forest,Raw,Gaussian noise,1.0,0.8072744541572878,114,0.9298245614035088,0.7311331662489556,-0.19869139515455314,0.19869139515455303,0.20314950553199576,0.35722921013683384,0.016720570217813795
Breast Cancer,15,Random Forest,Temperature scaled,Gaussian noise,1.0,0.8072744541572878,114,0.9298245614035088,0.7658853522992451,-0.16393920910426363,0.1639392091042636,0.1790947893373844,0.31909202762610706,0.016720570217813795
Breast Cancer,15,Random Forest,Raw,Gaussian noise,1.5,0.8072744541572878,114,0.8508771929824561,0.6891723475355055,-0.16170484544695063,0.18284870509607348,0.2706631644269404,0.4381984175198975,0.04627455848503018
Breast Cancer,15,Random Forest,Temperature scaled,Gaussian noise,1.5,0.8072744541572878,114,0.8508771929824561,0.7205630050753333,-0.1303141879071228,0.176712949522403,0.24987581815258655,0.4077220153366008,0.04627455848503018
Breast Cancer,15,Random Forest,Raw,Gaussian noise,2.0,0.8072744541572878,114,0.8421052631578947,0.6465779866332498,-0.19552727652464486,0.19552727652464488,0.3091659980084691,0.4855807074740274,0.044227316570438255
Breast Cancer,15,Random Forest,Temperature scaled,Gaussian noise,2.0,0.8072744541572878,114,0.8421052631578947,0.673208541912464,-0.16889672124543065,0.16889672124543076,0.2867567223478583,0.4560576223196991,0.044227316570438255
Breast Cancer,15,Random Forest,Raw,Feature masking,0.0,0.8072744541572878,114,0.9824561403508771,0.9281785575046541,-0.05427758284622308,0.054277582846223076,0.04978204026105829,0.10060940645803815,0.0018399265778915553
Breast Cancer,15,Random Forest,Temperature scaled,Feature masking,0.0,0.8072744541572878,114,0.9824561403508771,0.9445348306206403,-0.037921309730236885,0.037921309730236843,0.043605768392831486,0.0856679547986173,0.0018399265778915553
Breast Cancer,15,Random Forest,Raw,Feature masking,0.1,0.8072744541572878,114,0.9736842105263158,0.8957792258423312,-0.07790498468398466,0.0871622946255052,0.06692108018945071,0.1417085639080568,0.003497072729992456
Breast Cancer,15,Random Forest,Temperature scaled,Feature masking,0.1,0.8072744541572878,114,0.9736842105263158,0.9206188349772764,-0.05306537554903945,0.05306537554903938,0.057121299789056265,0.11805975984647589,0.003497072729992456
Breast Cancer,15,Random Forest,Raw,Feature masking,0.2,0.8072744541572878,114,0.9824561403508771,0.8625642021720793,-0.11989193817879784,0.11989193817879776,0.08137863080315427,0.17980350362078398,0.00605673655082268
Breast Cancer,15,Random Forest,Temperature scaled,Feature masking,0.2,0.8072744541572878,114,0.9824561403508771,0.8940378548834259,-0.08841828546745123,0.09959139821512829,0.06591759770715792,0.14794980074434497,0.00605673655082268
Breast Cancer,15,Random Forest,Raw,Feature masking,0.3,0.8072744541572878,114,0.9736842105263158,0.8250017961570506,-0.14868241436926521,0.1492251044277448,0.10076340759619508,0.21399609256295127,0.0020115649112668887
Breast Cancer,15,Random Forest,Temperature scaled,Feature masking,0.3,0.8072744541572878,114,0.9736842105263158,0.8593766866601977,-0.11430752386611809,0.1149796540207963,0.08132250763372414,0.17480667060991822,0.0020115649112668887
Breast Cancer,15,Random Forest,Raw,Feature masking,0.4,0.8072744541572878,114,0.9649122807017544,0.8009637844611529,-0.16394849624060148,0.16477573099415202,0.11905316338504993,0.24706190956288646,0.003321619672559068
Breast Cancer,15,Random Forest,Temperature scaled,Feature masking,0.4,0.8072744541572878,114,0.9649122807017544,0.8383668856148142,-0.12654539508694018,0.12756992532956138,0.0958943872725364,0.20449922279288987,0.003321619672559068
Breast Cancer,15,Random Forest,Raw,Feature masking,0.5,0.8072744541572878,114,0.9473684210526315,0.7554395154553049,-0.19192890559732667,0.20071904761904755,0.16893573880017504,0.31596809319392105,0.008583967951597844
Breast Cancer,15,Random Forest,Temperature scaled,Feature masking,0.5,0.8072744541572878,114,0.9473684210526315,0.7926180527822679,-0.1547503682703636,0.16354485818347925,0.1431328501620218,0.2738817694774075,0.008583967951597844
Breast Cancer,15,Gradient Boosting,Raw,Gaussian noise,0.0,1.1683825525431475,114,0.9824561403508771,0.96644617189497,-0.016009968455907186,0.023214856996852353,0.037124249451383366,0.06923284169640023,0.0012216289992170793
Breast Cancer,15,Gradient Boosting,Temperature scaled,Gaussian noise,0.0,1.1683825525431475,114,0.9824561403508771,0.9594914053401382,-0.022964735010738924,0.03760365224737734,0.03886491492384339,0.07293805109257476,0.0012216289992170793
Breast Cancer,15,Gradient Boosting,Raw,Gaussian noise,0.25,1.1683825525431475,114,0.9736842105263158,0.9638793121610937,-0.009804898365222137,0.028792441790390078,0.04011425343605521,0.06796734092037984,0.0012249631166119117
Breast Cancer,15,Gradient Boosting,Temperature scaled,Gaussian noise,0.25,1.1683825525431475,114,0.9736842105263158,0.9547393117448076,-0.01894489878150818,0.03702713580399136,0.04103541887316474,0.07450986472889846,0.0012249631166119117
Breast Cancer,15,Gradient Boosting,Raw,Gaussian noise,0.5,1.1683825525431475,114,0.9385964912280702,0.9394294737597536,0.0008329825316834016,0.030674991814549687,0.09966086091343206,0.15840963467715613,0.008188321039274648
Breast Cancer,15,Gradient Boosting,Temperature scaled,Gaussian noise,0.5,1.1683825525431475,114,0.9385964912280702,0.9278053876776354,-0.010791103550434777,0.043501169190927794,0.09889517984165841,0.1594128173506945,0.008188321039274648
Breast Cancer,15,Gradient Boosting,Raw,Gaussian noise,1.0,1.1683825525431475,114,0.8947368421052632,0.9115402323955053,0.016803390290242137,0.04717891337656979,0.12584765748193819,0.21516052217816717,0.02016693193981001
Breast Cancer,15,Gradient Boosting,Temperature scaled,Gaussian noise,1.0,1.1683825525431475,114,0.8947368421052632,0.8943096703675096,-0.0004271717377535289,0.05004373650801548,0.12646226558996715,0.2191556762693221,0.02016693193981001
Breast Cancer,15,Gradient Boosting,Raw,Gaussian noise,1.5,1.1683825525431475,114,0.7807017543859649,0.8667388638342479,0.08603710944828302,0.10481271202339404,0.29624982341911565,0.49280186162443235,0.09629715359496077
Breast Cancer,15,Gradient Boosting,Temperature scaled,Gaussian noise,1.5,1.1683825525431475,114,0.7807017543859649,0.8472228101644911,0.06652105577852618,0.07957156539054006,0.2911333028620182,0.4685552636959587,0.09629715359496077
Breast Cancer,15,Gradient Boosting,Raw,Gaussian noise,2.0,1.1683825525431475,114,0.7719298245614035,0.8364145287507264,0.06448470418932295,0.09988302105135541,0.34258085512666053,0.5350256419740902,0.11847790278980191
Breast Cancer,15,Gradient Boosting,Temperature scaled,Gaussian noise,2.0,1.1683825525431475,114,0.7719298245614035,0.8156273047856754,0.04369748022427189,0.09688988074109499,0.33499856919682197,0.5121071140155568,0.11847790278980191
Breast Cancer,15,Gradient Boosting,Raw,Feature masking,0.0,1.1683825525431475,114,0.9824561403508771,0.96644617189497,-0.016009968455907186,0.023214856996852353,0.037124249451383366,0.06923284169640023,0.0012216289992170793
Breast Cancer,15,Gradient Boosting,Temperature scaled,Feature masking,0.0,1.1683825525431475,114,0.9824561403508771,0.9594914053401382,-0.022964735010738924,0.03760365224737734,0.03886491492384339,0.07293805109257476,0.0012216289992170793
Breast Cancer,15,Gradient Boosting,Raw,Feature masking,0.1,1.1683825525431475,114,0.9824561403508771,0.9685206071305504,-0.013935533220326701,0.018635176642332794,0.044958396282514336,0.09122338777370036,0.0038365755430889385
Breast Cancer,15,Gradient Boosting,Temperature scaled,Feature masking,0.1,1.1683825525431475,114,0.9824561403508771,0.9594849803580987,-0.022971159992778434,0.027057490673175578,0.04651740821862012,0.09327762452268916,0.0038365755430889385
Breast Cancer,15,Gradient Boosting,Raw,Feature masking,0.2,1.1683825525431475,114,0.9736842105263158,0.954276241494474,-0.019407969031841832,0.03704244883714089,0.05732189429718598,0.10682265166327397,0.004332866118941764
Breast Cancer,15,Gradient Boosting,Temperature scaled,Feature masking,0.2,1.1683825525431475,114,0.9736842105263158,0.943901156679704,-0.02978305384661184,0.04355253369539436,0.05960281433498055,0.1109710396160797,0.004332866118941764
Breast Cancer,15,Gradient Boosting,Raw,Feature masking,0.3,1.1683825525431475,114,0.9473684210526315,0.9373638740327831,-0.010004547019848431,0.032039172204583716,0.09774877922935782,0.1688784132614197,0.010238871837399691
Breast Cancer,15,Gradient Boosting,Temperature scaled,Feature masking,0.3,1.1683825525431475,114,0.9473684210526315,0.9250611870765121,-0.022307233976119445,0.047190408929342106,0.09872411253439714,0.16944361764333526,0.010238871837399691
Breast Cancer,15,Gradient Boosting,Raw,Feature masking,0.4,1.1683825525431475,114,0.9385964912280702,0.9364628675923458,-0.0021336236357244465,0.03933686716271035,0.11482678190721397,0.21211853969671823,0.015870770045203497
Breast Cancer,15,Gradient Boosting,Temperature scaled,Feature masking,0.4,1.1683825525431475,114,0.9385964912280702,0.9238579446765555,-0.014738546551514742,0.04952954489595392,0.11554975635375066,0.20682661152613838,0.015870770045203497
Breast Cancer,15,Gradient Boosting,Raw,Feature masking,0.5,1.1683825525431475,114,0.8508771929824561,0.9054005386604113,0.05452334567795514,0.07335539103715435,0.2071226445551433,0.31465941931607416,0.03242179351329244
Breast Cancer,15,Gradient Boosting,Temperature scaled,Feature masking,0.5,1.1683825525431475,114,0.8508771929824561,0.8888101159631422,0.03793292298068607,0.0563044279457979,0.20109964722215828,0.3050534501630138,0.03242179351329244
Breast Cancer,16,Logistic Regression,Raw,Gaussian noise,0.0,1.266081803828441,114,0.9824561403508771,0.9710050189741001,-0.011451121376777063,0.03015010921286994,0.01856677574682073,0.036914969622407964,0.00015457445040952062
Breast Cancer,16,Logistic Regression,Temperature scaled,Gaussian noise,0.0,1.266081803828441,114,0.9824561403508771,0.9606767277162689,-0.021779412634608253,0.040236139615186226,0.021726964259817075,0.04796186036862489,0.00015457445040952062
Breast Cancer,16,Logistic Regression,Raw,Gaussian noise,0.25,1.266081803828441,114,0.9736842105263158,0.9671396876934747,-0.0065445228328411265,0.025649510357319546,0.034274478543963746,0.058071367893086555,0.0007514461832277858
Breast Cancer,16,Logistic Regression,Temperature scaled,Gaussian noise,0.25,1.266081803828441,114,0.9736842105263158,0.9561569733378711,-0.017527237188444733,0.05093934331378413,0.036242544854527235,0.06660493222563525,0.0007514461832277858
Breast Cancer,16,Logistic Regression,Raw,Gaussian noise,0.5,1.266081803828441,114,0.9473684210526315,0.9599215868627292,0.012553165810097688,0.04117699187414904,0.053172353956307934,0.08919863008518293,0.002427476168255716
Breast Cancer,16,Logistic Regression,Temperature scaled,Gaussian noise,0.5,1.266081803828441,114,0.9473684210526315,0.9485387842764365,0.0011703632238049266,0.04562904473853362,0.05438076336921665,0.09371056193302611,0.002427476168255716
Breast Cancer,16,Logistic Regression,Raw,Gaussian noise,1.0,1.266081803828441,114,0.8771929824561403,0.9225092835036226,0.0453163010474823,0.053295979252995104,0.161077778471929,0.24466292133926512,0.019788161506858734
Breast Cancer,16,Logistic Regression,Temperature scaled,Gaussian noise,1.0,1.266081803828441,114,0.8771929824561403,0.9081326649231005,0.030939682466960217,0.05989565932894364,0.15493009023790794,0.2308808499352106,0.019788161506858734
Breast Cancer,16,Logistic Regression,Raw,Gaussian noise,1.5,1.266081803828441,114,0.8245614035087719,0.9418656947295418,0.11730429122076991,0.13870669295336993,0.29027824509745315,0.584181900333205,0.050755087302922386
Breast Cancer,16,Logistic Regression,Temperature scaled,Gaussian noise,1.5,1.266081803828441,114,0.8245614035087719,0.9276007860729293,0.10303938256415734,0.11529575424645205,0.2769961114645951,0.4931075455729066,0.050755087302922386
Breast Cancer,16,Logistic Regression,Raw,Gaussian noise,2.0,1.266081803828441,114,0.7456140350877193,0.9507292271605264,0.20511519207280715,0.2163619710269412,0.4270766622452154,1.2395626592891542,0.0938504307832728
Breast Cancer,16,Logistic Regression,Temperature scaled,Gaussian noise,2.0,1.266081803828441,114,0.7456140350877193,0.9389373047210474,0.19332326963332813,0.20196995358032593,0.40769555285549997,1.0056373272550196,0.0938504307832728
Breast Cancer,16,Logistic Regression,Raw,Feature masking,0.0,1.266081803828441,114,0.9824561403508771,0.9710050189741001,-0.011451121376777063,0.03015010921286994,0.01856677574682073,0.036914969622407964,0.00015457445040952062
Breast Cancer,16,Logistic Regression,Temperature scaled,Feature masking,0.0,1.266081803828441,114,0.9824561403508771,0.9606767277162689,-0.021779412634608253,0.040236139615186226,0.021726964259817075,0.04796186036862489,0.00015457445040952062
Breast Cancer,16,Logistic Regression,Raw,Feature masking,0.1,1.266081803828441,114,0.9824561403508771,0.9656601072628909,-0.016796033087986273,0.024451976235086686,0.025592465809851077,0.048600170612574836,0.0003916664638173233
Breast Cancer,16,Logistic Regression,Temperature scaled,Feature masking,0.1,1.266081803828441,114,0.9824561403508771,0.9531687398940974,-0.02928740045677969,0.03543487265198743,0.02897107401068338,0.060941891030686396,0.0003916664638173233
Breast Cancer,16,Logistic Regression,Raw,Feature masking,0.2,1.266081803828441,114,0.9912280701754386,0.9618906447453085,-0.02933742543013007,0.04295416282848076,0.025173472448719012,0.05394991858993564,0.00035319308739380825
Breast Cancer,16,Logistic Regression,Temperature scaled,Feature masking,0.2,1.266081803828441,114,0.9912280701754386,0.9459494179535057,-0.045278652221932836,0.052541208408775464,0.030417949125817474,0.06978079213766958,0.00035319308739380825
Breast Cancer,16,Logistic Regression,Raw,Feature masking,0.3,1.266081803828441,114,0.9736842105263158,0.9405050370782125,-0.03317917344810328,0.03567652110032415,0.04282934818630795,0.08242438046044095,0.0010661658941980789
Breast Cancer,16,Logistic Regression,Temperature scaled,Feature masking,0.3,1.266081803828441,114,0.9736842105263158,0.9208938121479427,-0.05279039837837307,0.06032907455702992,0.04918328479630893,0.10219305065753051,0.0010661658941980789
Breast Cancer,16,Logistic Regression,Raw,Feature masking,0.4,1.266081803828441,114,0.956140350877193,0.9397908359746316,-0.016349514902561313,0.05416953817652532,0.0727982563791792,0.12498406214836508,0.004953109073048183
Breast Cancer,16,Logistic Regression,Temperature scaled,Feature masking,0.4,1.266081803828441,114,0.956140350877193,0.9174460662286459,-0.03869428464854707,0.04747788476526508,0.07634770420108591,0.13898202421648878,0.004953109073048183
Breast Cancer,16,Logistic Regression,Raw,Feature masking,0.5,1.266081803828441,114,0.9385964912280702,0.9263778257546369,-0.01221866547343331,0.0702329026566345,0.09371104694815227,0.1530542615354555,0.007033698331817105
Breast Cancer,16,Logistic Regression,Temperature scaled,Feature masking,0.5,1.266081803828441,114,0.9385964912280702,0.9016601743088396,-0.036936316919230605,0.060725165121664135,0.09609241962199015,0.16746262188081426,0.007033698331817105
Breast Cancer,16,Random Forest,Raw,Gaussian noise,0.0,0.8665085407046529,114,0.956140350877193,0.9398664578109315,-0.01627389306626148,0.050113157895000024,0.04938904309702829,0.08810548816536488,0.0016167900959446757
Breast Cancer,16,Random Forest,Temperature scaled,Gaussian noise,0.0,0.8665085407046529,114,0.956140350877193,0.9485947911383733,-0.007545559738819652,0.04420680672988101,0.047752529913915764,0.08061283779195035,0.0016167900959446757
Breast Cancer,16,Random Forest,Raw,Gaussian noise,0.25,0.8665085407046529,114,0.9473684210526315,0.9185301726537604,-0.02883824839887117,0.0541889028126834,0.07101200740639077,0.12834888651338328,0.003129453320875028
Breast Cancer,16,Random Forest,Temperature scaled,Gaussian noise,0.25,0.8665085407046529,114,0.9473684210526315,0.932192277418961,-0.01517614363367048,0.05601213722950757,0.06899544267183191,0.11790083916753547,0.003129453320875028
Breast Cancer,16,Random Forest,Raw,Gaussian noise,0.5,0.8665085407046529,114,0.956140350877193,0.8461488721804511,-0.10999147869674186,0.10999147869674183,0.10207403449258064,0.1977433522912725,0.003999014499338663
Breast Cancer,16,Random Forest,Temperature scaled,Gaussian noise,0.5,0.8665085407046529,114,0.956140350877193,0.8652840541974648,-0.09085629667972817,0.09085629667972828,0.09275521801306282,0.17699393837200053,0.003999014499338663
Breast Cancer,16,Random Forest,Raw,Gaussian noise,1.0,0.8665085407046529,114,0.8771929824561403,0.7413923558897242,-0.13580062656641612,0.16860842383737118,0.196291185879381,0.3397569877090701,0.013391452971251388
Breast Cancer,16,Random Forest,Temperature scaled,Gaussian noise,1.0,0.8665085407046529,114,0.8771929824561403,0.7623467856792941,-0.11484619677684615,0.17898033730333512,0.1813745990280257,0.31566360136168653,0.013391452971251388
Breast Cancer,16,Random Forest,Raw,Gaussian noise,1.5,0.8665085407046529,114,0.8421052631578947,0.6668115566694512,-0.17529370648844345,0.17717415761626285,0.29797659670136545,0.46924427492766224,0.05584246600376946
Breast Cancer,16,Random Forest,Temperature scaled,Gaussian noise,1.5,0.8665085407046529,114,0.8421052631578947,0.6852692555539491,-0.15683600760394556,0.15900579570279774,0.284677542854192,0.45084776238055485,0.05584246600376946
Breast Cancer,16,Random Forest,Raw,Gaussian noise,2.0,0.8665085407046529,114,0.7368421052631579,0.6700213589529379,-0.06682074631021995,0.0806570314675577,0.3448303001034332,0.5189606784731398,0.11351503773187693
Breast Cancer,16,Random Forest,Temperature scaled,Gaussian noise,2.0,0.8665085407046529,114,0.7368421052631579,0.6891241405422104,-0.04771796472094747,0.0858881982079754,0.33802261275649537,0.508177986973957,0.11351503773187693
Breast Cancer,16,Random Forest,Raw,Feature masking,0.0,0.8665085407046529,114,0.956140350877193,0.9398664578109314,-0.01627389306626159,0.050113157895000024,0.04938904309702829,0.08810548816536486,0.0016167900959446757
Breast Cancer,16,Random Forest,Temperature scaled,Feature masking,0.0,0.8665085407046529,114,0.956140350877193,0.9485947911383733,-0.007545559738819652,0.04420680672988101,0.047752529913915764,0.08061283779195035,0.0016167900959446757
Breast Cancer,16,Random Forest,Raw,Feature masking,0.1,0.8665085407046529,114,0.9473684210526315,0.9137565162906567,-0.03361190476197484,0.08213771929831572,0.05632945578111947,0.11577103976525904,0.0014093071924038616
Breast Cancer,16,Random Forest,Temperature scaled,Feature masking,0.1,0.8665085407046529,114,0.9473684210526315,0.9284560157658164,-0.018912405286815148,0.07500501809299819,0.05196826510150744,0.10142767910535981,0.0014093071924038616
Breast Cancer,16,Random Forest,Raw,Feature masking,0.2,0.8665085407046529,114,0.956140350877193,0.889021094402647,-0.06711925647454597,0.08715852130328454,0.07055311469029717,0.14628154875510874,0.002454619243659823
Breast Cancer,16,Random Forest,Temperature scaled,Feature masking,0.2,0.8665085407046529,114,0.956140350877193,0.9070521012199166,-0.04908824965727632,0.06681490526457465,0.06447647751823941,0.12825942615496475,0.002454619243659823
Breast Cancer,16,Random Forest,Raw,Feature masking,0.3,0.8665085407046529,114,0.9385964912280702,0.8618635338345777,-0.0767329573934925,0.08944874686717663,0.10672308270557346,0.2017722134468704,0.006882690267714478
Breast Cancer,16,Random Forest,Temperature scaled,Feature masking,0.3,0.8665085407046529,114,0.9385964912280702,0.8828338717372232,-0.05576261949084704,0.0759845335227709,0.10033904731531518,0.1835055936947328,0.006882690267714478
Breast Cancer,16,Random Forest,Raw,Feature masking,0.4,0.8665085407046529,114,0.9385964912280702,0.838348454469507,-0.1002480367585632,0.11001528822055134,0.1278527005028444,0.23684731617317575,0.010903710677431323
Breast Cancer,16,Random Forest,Temperature scaled,Feature masking,0.4,0.8665085407046529,114,0.9385964912280702,0.8606100835264674,-0.07798640770160281,0.09774988321609891,0.11968865196797687,0.21748150341749345,0.010903710677431323
Breast Cancer,16,Random Forest,Raw,Feature masking,0.5,0.8665085407046529,114,0.9210526315789473,0.8071077694235589,-0.11394486215538846,0.11466708437761074,0.14384960636352784,0.26766598918519374,0.012001296944209327
Breast Cancer,16,Random Forest,Temperature scaled,Feature masking,0.5,0.8665085407046529,114,0.9210526315789473,0.8310790215132725,-0.08997361006567484,0.09080703136600464,0.13289140203948746,0.24454755395925287,0.012001296944209327
Breast Cancer,16,Gradient Boosting,Raw,Gaussian noise,0.0,1.4287757497112088,114,0.9649122807017544,0.9814500584772394,0.01653777777548504,0.02289537429197547,0.04732037211912055,0.07570182104323328,0.001265714127575299
Breast Cancer,16,Gradient Boosting,Temperature scaled,Gaussian noise,0.0,1.4287757497112088,114,0.9649122807017544,0.9643824394805305,-0.0005298412212239034,0.033170777808246635,0.04440040191244712,0.0778829452800821,0.001265714127575299
Breast Cancer,16,Gradient Boosting,Raw,Gaussian noise,0.25,1.4287757497112088,114,0.9736842105263158,0.9652183304641837,-0.008465880062132114,0.04049188815491932,0.06103112245699319,0.1004123328721852,0.0028089918186615173
Breast Cancer,16,Gradient Boosting,Temperature scaled,Gaussian noise,0.25,1.4287757497112088,114,0.9736842105263158,0.9461205555641872,-0.027563654962128648,0.041412927464536446,0.0607049432650017,0.1042946554956305,0.0028089918186615173
Breast Cancer,16,Gradient Boosting,Raw,Gaussian noise,0.5,1.4287757497112088,114,0.9649122807017544,0.940931786693521,-0.023980494008233433,0.032853998485658,0.0467291189969587,0.08395210929046623,0.0012755361768710324
Breast Cancer,16,Gradient Boosting,Temperature scaled,Gaussian noise,0.5,1.4287757497112088,114,0.9649122807017544,0.9125013303820119,-0.05241095031974252,0.07147705694736683,0.055952142109851846,0.1126569158090394,0.0012755361768710324
Breast Cancer,16,Gradient Boosting,Raw,Gaussian noise,1.0,1.4287757497112088,114,0.8596491228070176,0.9007850602095876,0.041135937402570044,0.07403298713537267,0.17321129784847694,0.2724345295132019,0.027073054871677625
Breast Cancer,16,Gradient Boosting,Temperature scaled,Gaussian noise,1.0,1.4287757497112088,114,0.8596491228070176,0.8605182246049655,0.0008691017979479687,0.07123498413010507,0.17053417256509995,0.2741818116798067,0.027073054871677625
Breast Cancer,16,Gradient Boosting,Raw,Gaussian noise,1.5,1.4287757497112088,114,0.7807017543859649,0.8632721793179821,0.08257042493201716,0.08257042493201712,0.26742814103185675,0.39644762754785984,0.05814744036384142
Breast Cancer,16,Gradient Boosting,Temperature scaled,Gaussian noise,1.5,1.4287757497112088,114,0.7807017543859649,0.8128779637346408,0.03217620934867593,0.06833176030922208,0.2554628480840427,0.3875256380662315,0.05814744036384142
Breast Cancer,16,Gradient Boosting,Raw,Gaussian noise,2.0,1.4287757497112088,114,0.7280701754385965,0.860891111713329,0.13282093627473246,0.17585021903430184,0.3858625979870423,0.6379903969576893,0.13554435078896637
Breast Cancer,16,Gradient Boosting,Temperature scaled,Gaussian noise,2.0,1.4287757497112088,114,0.7280701754385965,0.8158153190512926,0.08774514361269603,0.14192045101866582,0.3630798771490833,0.5524440674650227,0.13554435078896637
Breast Cancer,16,Gradient Boosting,Raw,Feature masking,0.0,1.4287757497112088,114,0.9649122807017544,0.9814500584772394,0.01653777777548504,0.02289537429197547,0.04732037211912055,0.07570182104323328,0.001265714127575299
Breast Cancer,16,Gradient Boosting,Temperature scaled,Feature masking,0.0,1.4287757497112088,114,0.9649122807017544,0.9643824394805305,-0.0005298412212239034,0.033170777808246635,0.04440040191244712,0.0778829452800821,0.001265714127575299
Breast Cancer,16,Gradient Boosting,Raw,Feature masking,0.1,1.4287757497112088,114,0.9649122807017544,0.9711067568589026,0.006194476157148188,0.03964787174912564,0.04096154161561328,0.06704974533441957,0.0012709355143756336
Breast Cancer,16,Gradient Boosting,Temperature scaled,Feature masking,0.1,1.4287757497112088,114,0.9649122807017544,0.9513804428650021,-0.01353183783675227,0.0506118198552514,0.04172131398991906,0.07894542953101415,0.0012709355143756336
Breast Cancer,16,Gradient Boosting,Raw,Feature masking,0.2,1.4287757497112088,114,0.956140350877193,0.9742812649602947,0.0181409140831017,0.030752226447743516,0.07578283023491778,0.13705464543018764,0.005723756536619117
Breast Cancer,16,Gradient Boosting,Temperature scaled,Feature masking,0.2,1.4287757497112088,114,0.956140350877193,0.9492056925415305,-0.006934658335662425,0.022355279869264187,0.07347816848612107,0.1320564116271748,0.005723756536619117
Breast Cancer,16,Gradient Boosting,Raw,Feature masking,0.3,1.4287757497112088,114,0.9385964912280702,0.9610668746273145,0.022470383399244342,0.02924122843539226,0.09086178966114637,0.1534525778366232,0.007746133867050949
Breast Cancer,16,Gradient Boosting,Temperature scaled,Feature masking,0.3,1.4287757497112088,114,0.9385964912280702,0.9309517691497087,-0.007644722078361532,0.043043703748651393,0.08849726545795983,0.15448368184351305,0.007746133867050949
Breast Cancer,16,Gradient Boosting,Raw,Feature masking,0.4,1.4287757497112088,114,0.9210526315789473,0.9372794330945488,0.016226801515601408,0.03248833500286601,0.10329583846131203,0.16733594986484499,0.008975701337194114
Breast Cancer,16,Gradient Boosting,Temperature scaled,Feature masking,0.4,1.4287757497112088,114,0.9210526315789473,0.905468188889964,-0.015584442688983291,0.05043048383161269,0.10427119357069795,0.17634784828088418,0.008975701337194114
Breast Cancer,16,Gradient Boosting,Raw,Feature masking,0.5,1.4287757497112088,114,0.9035087719298246,0.9308607285520542,0.027351956622229556,0.0696775954729642,0.17905212874919962,0.3076967679517878,0.02690201626543214
Breast Cancer,16,Gradient Boosting,Temperature scaled,Feature masking,0.5,1.4287757497112088,114,0.9035087719298246,0.8983107868742615,-0.005197985055563126,0.04711021440845516,0.17169706543577617,0.2775544392397936,0.02690201626543214
Breast Cancer,17,Logistic Regression,Raw,Gaussian noise,0.0,0.7162410237802327,114,0.9824561403508771,0.967682172203984,-0.014773968146893135,0.0279169671662374,0.04602878749829331,0.09994667041336186,0.00489516037967828
Breast Cancer,17,Logistic Regression,Temperature scaled,Gaussian noise,0.0,0.7162410237802327,114,0.9824561403508771,0.9787536890465912,-0.0037024513042859253,0.03114221986526973,0.04332713612778239,0.11190518865082785,0.00489516037967828
Breast Cancer,17,Logistic Regression,Raw,Gaussian noise,0.25,0.7162410237802327,114,0.9649122807017544,0.9624752238660093,-0.0024370568357451328,0.027480240462429,0.058083582961725555,0.10140131379439815,0.003787205821385444
Breast Cancer,17,Logistic Regression,Temperature scaled,Gaussian noise,0.25,0.7162410237802327,114,0.9649122807017544,0.9744559080505791,0.009543627348824746,0.032247587503594216,0.05889769210176314,0.11046724908357919,0.003787205821385444
Breast Cancer,17,Logistic Regression,Raw,Gaussian noise,0.5,0.7162410237802327,114,0.9385964912280702,0.9554073228288632,0.016810831600792997,0.03991858718447845,0.0875894528745014,0.13634295324331352,0.005641116221606072
Breast Cancer,17,Logistic Regression,Temperature scaled,Gaussian noise,0.5,0.7162410237802327,114,0.9385964912280702,0.9674448083026305,0.02884831707456026,0.04293507838775641,0.0930676801417497,0.15487269628014583,0.005641116221606072
Breast Cancer,17,Logistic Regression,Raw,Gaussian noise,1.0,0.7162410237802327,114,0.8947368421052632,0.9643912431942934,0.0696544010890302,0.09006925545702305,0.15675807350755874,0.2714381373502652,0.014969957060835768
Breast Cancer,17,Logistic Regression,Temperature scaled,Gaussian noise,1.0,0.7162410237802327,114,0.8947368421052632,0.9770988402386555,0.08236199813339229,0.0908016144321622,0.16672307926127494,0.34808530912080604,0.014969957060835768
Breast Cancer,17,Logistic Regression,Raw,Gaussian noise,1.5,0.7162410237802327,114,0.8771929824561403,0.9545721646030048,0.07737918214686446,0.09773442915147615,0.20412224427203862,0.5044120550479818,0.04070372779260012
Breast Cancer,17,Logistic Regression,Temperature scaled,Gaussian noise,1.5,0.7162410237802327,114,0.8771929824561403,0.9681582730140511,0.0909652905579108,0.1112377189188739,0.20994351824035562,0.6668625334376478,0.04070372779260012
Breast Cancer,17,Logistic Regression,Raw,Gaussian noise,2.0,0.7162410237802327,114,0.868421052631579,0.9594663192759851,0.09104526664440615,0.12418293796352844,0.25005077759486827,0.6562745893602896,0.04699474884396637
Breast Cancer,17,Logistic Regression,Temperature scaled,Gaussian noise,2.0,0.7162410237802327,114,0.868421052631579,0.9715852163496701,0.10316416371809112,0.13054685391026546,0.2594290075010574,0.8831041058788258,0.04699474884396637
Breast Cancer,17,Logistic Regression,Raw,Feature masking,0.0,0.7162410237802327,114,0.9824561403508771,0.967682172203984,-0.014773968146893135,0.0279169671662374,0.04602878749829331,0.09994667041336186,0.00489516037967828
Breast Cancer,17,Logistic Regression,Temperature scaled,Feature masking,0.0,0.7162410237802327,114,0.9824561403508771,0.9787536890465912,-0.0037024513042859253,0.03114221986526973,0.04332713612778239,0.11190518865082785,0.00489516037967828
Breast Cancer,17,Logistic Regression,Raw,Feature masking,0.1,0.7162410237802327,114,0.9912280701754386,0.9678377842866202,-0.02339028588881842,0.027267008463214438,0.03209119845926758,0.0797662514463226,0.0037314509113706013
Breast Cancer,17,Logistic Regression,Temperature scaled,Feature masking,0.1,0.7162410237802327,114,0.9912280701754386,0.9797218019531645,-0.011506268222274074,0.021236320032308013,0.027636592631465742,0.08327124964532595,0.0037314509113706013
Breast Cancer,17,Logistic Regression,Raw,Feature masking,0.2,0.7162410237802327,114,0.956140350877193,0.9512041561313859,-0.004936194745807088,0.03017874137583944,0.06156574027592439,0.12755723193329513,0.00857865485144054
Breast Cancer,17,Logistic Regression,Temperature scaled,Feature masking,0.2,0.7162410237802327,114,0.956140350877193,0.9688170182346214,0.01267666735742845,0.033941081842912266,0.0599573706138514,0.1358390281345402,0.00857865485144054
Breast Cancer,17,Logistic Regression,Raw,Feature masking,0.3,0.7162410237802327,114,0.9473684210526315,0.9378691454246093,-0.009499275628022219,0.036831319426535856,0.07245519495561868,0.13990877545680758,0.008605343629166443
Breast Cancer,17,Logistic Regression,Temperature scaled,Feature masking,0.3,0.7162410237802327,114,0.9473684210526315,0.960055801670948,0.012687380618316424,0.023427779187039345,0.07007930982478867,0.14148173417266643,0.008605343629166443
Breast Cancer,17,Logistic Regression,Raw,Feature masking,0.4,0.7162410237802327,114,0.9385964912280702,0.9323973010894232,-0.006199190138647004,0.03803427038341465,0.08642278237055559,0.1468704065684089,0.007060087394566891
Breast Cancer,17,Logistic Regression,Temperature scaled,Feature masking,0.4,0.7162410237802327,114,0.9385964912280702,0.9551439599946939,0.01654746876662372,0.0424907464607806,0.08786876720062915,0.1479308781571993,0.007060087394566891
Breast Cancer,17,Logistic Regression,Raw,Feature masking,0.5,0.7162410237802327,114,0.9649122807017544,0.9103416911479365,-0.05457058955381788,0.054570589553817814,0.08006433783302928,0.16358785953946756,0.011903061388520448
Breast Cancer,17,Logistic Regression,Temperature scaled,Feature masking,0.5,0.7162410237802327,114,0.9649122807017544,0.9403290293514491,-0.024583251350305257,0.0450992325953225,0.07117534698101685,0.15217944217662518,0.011903061388520448
Breast Cancer,17,Random Forest,Raw,Gaussian noise,0.0,0.7639421451223563,114,0.9649122807017544,0.926059983291422,-0.03885229741033236,0.044409523809663946,0.06534899109201575,0.11702519710315298,0.00346951469299216
Breast Cancer,17,Random Forest,Temperature scaled,Gaussian noise,0.0,0.7639421451223563,114,0.9649122807017544,0.9432817656122292,-0.021630515089525182,0.02823591686280666,0.0608314219487879,0.1057273275019572,0.00346951469299216
Breast Cancer,17,Random Forest,Raw,Gaussian noise,0.25,0.7639421451223563,114,0.9473684210526315,0.8983998607629485,-0.048968560289682994,0.07071901977172154,0.08953895621293093,0.15875548405252762,0.005917298329723978
Breast Cancer,17,Random Forest,Temperature scaled,Gaussian noise,0.25,0.7639421451223563,114,0.9473684210526315,0.9232347373921908,-0.024133683660440775,0.035398825919027835,0.08494601335169438,0.1417456041925581,0.005917298329723978
Breast Cancer,17,Random Forest,Raw,Gaussian noise,0.5,0.7639421451223563,114,0.9473684210526315,0.8337029100528925,-0.11366551099973898,0.11366551099973908,0.1333864922050718,0.2400445836005967,0.013687295597787167
Breast Cancer,17,Random Forest,Temperature scaled,Gaussian noise,0.5,0.7639421451223563,114,0.9473684210526315,0.8684864490077019,-0.07888197204492964,0.0788819720449295,0.11953544510350944,0.21047115511785802,0.013687295597787167
Breast Cancer,17,Random Forest,Raw,Gaussian noise,1.0,0.7639421451223563,114,0.868421052631579,0.7357465329991646,-0.1326745196324144,0.14453784461152877,0.22252021692449822,0.3714723425017641,0.02997552845347439
Breast Cancer,17,Random Forest,Temperature scaled,Gaussian noise,1.0,0.7639421451223563,114,0.868421052631579,0.7763171259569913,-0.09210392667458767,0.09912741070175612,0.20078638533788498,0.3333720960670296,0.02997552845347439
Breast Cancer,17,Random Forest,Raw,Gaussian noise,1.5,0.7639421451223563,114,0.7894736842105263,0.6862820245057089,-0.10319165970481747,0.13304217488164854,0.300153159609827,0.469573245262124,0.06937303476079637
Breast Cancer,17,Random Forest,Temperature scaled,Gaussian noise,1.5,0.7639421451223563,114,0.7894736842105263,0.7264567012383731,-0.06301698297215319,0.08884769634235301,0.28205663905693,0.4395804140644393,0.06937303476079637
Breast Cancer,17,Random Forest,Raw,Gaussian noise,2.0,0.7639421451223563,114,0.8859649122807017,0.6500392926761347,-0.23592561960456704,0.23592561960456698,0.29534144324302813,0.47032097514256815,0.03405778257803917
Breast Cancer,17,Random Forest,Temperature scaled,Gaussian noise,2.0,0.7639421451223563,114,0.8859649122807017,0.6840957577572206,-0.2018691545234811,0.20186915452348114,0.2653873226018597,0.43022957634616116,0.03405778257803917
Breast Cancer,17,Random Forest,Raw,Feature masking,0.0,0.7639421451223563,114,0.9649122807017544,0.926059983291422,-0.03885229741033236,0.044409523809663946,0.06534899109201575,0.11702519710315298,0.00346951469299216
Breast Cancer,17,Random Forest,Temperature scaled,Feature masking,0.0,0.7639421451223563,114,0.9649122807017544,0.9432817656122292,-0.021630515089525182,0.02823591686280666,0.0608314219487879,0.1057273275019572,0.00346951469299216
Breast Cancer,17,Random Forest,Raw,Feature masking,0.1,0.7639421451223563,114,0.9736842105263158,0.9073825257587625,-0.06630168476755327,0.06630168476755317,0.06795499839285161,0.1322477449190979,0.003217148385191012
Breast Cancer,17,Random Forest,Temperature scaled,Feature masking,0.1,0.7639421451223563,114,0.9736842105263158,0.9315669862775942,-0.04211722424872166,0.042117224248721545,0.0608611910691282,0.11167173183827898,0.003217148385191012
Breast Cancer,17,Random Forest,Raw,Feature masking,0.2,0.7639421451223563,114,0.956140350877193,0.8751812726259569,-0.08095907825123605,0.08095907825123609,0.09055776848262631,0.17659264955333887,0.007635884116142617
Breast Cancer,17,Random Forest,Temperature scaled,Feature masking,0.2,0.7639421451223563,114,0.956140350877193,0.906272753962535,-0.04986759691465792,0.050860098617544265,0.07900663793310954,0.149394762309546,0.007635884116142617
Breast Cancer,17,Random Forest,Raw,Feature masking,0.3,0.7639421451223563,114,0.9649122807017544,0.8488644388749651,-0.11604784182678929,0.1160478418267892,0.10031888455503839,0.20237253685142467,0.005118315166058817
Breast Cancer,17,Random Forest,Temperature scaled,Feature masking,0.3,0.7639421451223563,114,0.9649122807017544,0.8887279170424501,-0.07618436365930426,0.0826002282299042,0.08440052896112545,0.1635904268908749,0.005118315166058817
Breast Cancer,17,Random Forest,Raw,Feature masking,0.4,0.7639421451223563,114,0.9122807017543859,0.8164421748816486,-0.0958385268727373,0.14108909774436085,0.13000884195979365,0.25174694411927656,0.012327500993657411
Breast Cancer,17,Random Forest,Temperature scaled,Feature masking,0.4,0.7639421451223563,114,0.9122807017543859,0.8601727737320177,-0.05210792802236819,0.10456009061199956,0.11053530589853176,0.2104255307593795,0.012327500993657411
Breast Cancer,17,Random Forest,Raw,Feature masking,0.5,0.7639421451223563,114,0.9473684210526315,0.7774206349206351,-0.16994778613199646,0.1716792815371763,0.14959296359470106,0.2885772748046716,0.010243140665694744
Breast Cancer,17,Random Forest,Temperature scaled,Feature masking,0.5,0.7639421451223563,114,0.9473684210526315,0.82378974226237,-0.12357867879026152,0.12440062573781036,0.12139816668163432,0.23850146471673933,0.010243140665694744
Breast Cancer,17,Gradient Boosting,Raw,Gaussian noise,0.0,1.3263757826547842,114,0.9649122807017544,0.9710253887137736,0.006113108012019253,0.02142912795222922,0.047822470392565174,0.1149294238981268,0.012983189573205997
Breast Cancer,17,Gradient Boosting,Temperature scaled,Gaussian noise,0.0,1.3263757826547842,114,0.9649122807017544,0.9606725075396618,-0.004239773162092564,0.011463651861517465,0.04859606990220294,0.10703216879570084,0.012983189573205997
Breast Cancer,17,Gradient Boosting,Raw,Gaussian noise,0.25,1.3263757826547842,114,0.956140350877193,0.9660371316205206,0.009896780743327671,0.02712524384812351,0.05812177229321533,0.12042448487088472,0.0083879821147793
Breast Cancer,17,Gradient Boosting,Temperature scaled,Gaussian noise,0.25,1.3263757826547842,114,0.956140350877193,0.953362598647281,-0.002777752229911945,0.035867915622916406,0.058358328242746275,0.11533561786491073,0.0083879821147793
Breast Cancer,17,Gradient Boosting,Raw,Gaussian noise,0.5,1.3263757826547842,114,0.9298245614035088,0.9495395649766528,0.01971500357314404,0.04883971994108341,0.10978083980462121,0.2401353297618002,0.03479978577587911
Breast Cancer,17,Gradient Boosting,Temperature scaled,Gaussian noise,0.5,1.3263757826547842,114,0.9298245614035088,0.930293164067255,0.0004686026637462648,0.031805541467105077,0.11025100427535825,0.21803674709432574,0.03479978577587911
Breast Cancer,17,Gradient Boosting,Raw,Gaussian noise,1.0,1.3263757826547842,114,0.8508771929824561,0.899169539606613,0.048292346624156934,0.08490720330254281,0.2308495537428569,0.3712465249417603,0.049607930539534356
Breast Cancer,17,Gradient Boosting,Temperature scaled,Gaussian noise,1.0,1.3263757826547842,114,0.8508771929824561,0.8676649040368453,0.016787711054389143,0.07709147086409829,0.22182135627001506,0.34698435958478,0.049607930539534356
Breast Cancer,17,Gradient Boosting,Raw,Gaussian noise,1.5,1.3263757826547842,114,0.7982456140350878,0.895077779351152,0.0968321653160642,0.10293763397053,0.2987091084883544,0.5101882719252268,0.09296923947669791
Breast Cancer,17,Gradient Boosting,Temperature scaled,Gaussian noise,1.5,1.3263757826547842,114,0.7982456140350878,0.8571441360733716,0.05889852203828383,0.06677752767914631,0.28709870758564027,0.45975584926754176,0.09296923947669791
Breast Cancer,17,Gradient Boosting,Raw,Gaussian noise,2.0,1.3263757826547842,114,0.8157894736842105,0.8712933377391419,0.05550386405493135,0.07487386483303901,0.2711844930994232,0.4201929145546981,0.06938777038517067
Breast Cancer,17,Gradient Boosting,Temperature scaled,Gaussian noise,2.0,1.3263757826547842,114,0.8157894736842105,0.8308224389349415,0.015032965250730945,0.06429443978939824,0.26217567879204895,0.40297277691590133,0.06938777038517067
Breast Cancer,17,Gradient Boosting,Raw,Feature masking,0.0,1.3263757826547842,114,0.9649122807017544,0.9710253887137736,0.006113108012019253,0.02142912795222922,0.047822470392565174,0.1149294238981268,0.012983189573205997
Breast Cancer,17,Gradient Boosting,Temperature scaled,Feature masking,0.0,1.3263757826547842,114,0.9649122807017544,0.9606725075396618,-0.004239773162092564,0.011463651861517465,0.04859606990220294,0.10703216879570084,0.012983189573205997
Breast Cancer,17,Gradient Boosting,Raw,Feature masking,0.1,1.3263757826547842,114,0.9736842105263158,0.9717063324585139,-0.001977878067801919,0.021976762073280958,0.040121563560908055,0.1081559017735917,0.015021558084733535
Breast Cancer,17,Gradient Boosting,Temperature scaled,Feature masking,0.1,1.3263757826547842,114,0.9736842105263158,0.9594322388490875,-0.014251971677228359,0.018275636495720286,0.04289095063464801,0.10363695092946394,0.015021558084733535
Breast Cancer,17,Gradient Boosting,Raw,Feature masking,0.2,1.3263757826547842,114,0.9298245614035088,0.9597015205469039,0.029876959143395165,0.040325151650771066,0.06187346714057507,0.13615517734537502,0.022042885608082603
Breast Cancer,17,Gradient Boosting,Temperature scaled,Feature masking,0.2,1.3263757826547842,114,0.9298245614035088,0.9453803029567323,0.015555741553223479,0.041687194671214255,0.06259299046311341,0.13090249291942138,0.022042885608082603
Breast Cancer,17,Gradient Boosting,Raw,Feature masking,0.3,1.3263757826547842,114,0.9298245614035088,0.9500733491658413,0.02024878776233252,0.037250428587444,0.09334800975558533,0.1819828591628063,0.01550402046356877
Breast Cancer,17,Gradient Boosting,Temperature scaled,Feature masking,0.3,1.3263757826547842,114,0.9298245614035088,0.9286558549587142,-0.0011687064447946094,0.042283060746623254,0.0939334393875382,0.17608879885583392,0.01550402046356877
Breast Cancer,17,Gradient Boosting,Raw,Feature masking,0.4,1.3263757826547842,114,0.9122807017543859,0.926836995831592,0.014556294077206045,0.034127835512875904,0.113985011108375,0.208898613833633,0.02285095557558921
Breast Cancer,17,Gradient Boosting,Temperature scaled,Feature masking,0.4,1.3263757826547842,114,0.9122807017543859,0.9043158791423902,-0.007964822611995714,0.030067441241502173,0.11494956736714379,0.2057922899514329,0.02285095557558921
Breast Cancer,17,Gradient Boosting,Raw,Feature masking,0.5,1.3263757826547842,114,0.9210526315789473,0.9233458226174567,0.0022931910385093346,0.03853595103919932,0.1164352727049454,0.2131898815909245,0.020883109449983128
Breast Cancer,17,Gradient Boosting,Temperature scaled,Feature masking,0.5,1.3263757826547842,114,0.9210526315789473,0.8964926581383944,-0.02455997344055294,0.046843936234702406,0.11886476413431551,0.21465479987868066,0.020883109449983128
Breast Cancer,18,Logistic Regression,Raw,Gaussian noise,0.0,0.7001502091073196,114,0.9649122807017544,0.9724131927311275,0.007500912029373086,0.034955218612280216,0.059813731383609556,0.13067950435478526,0.006478970274385397
Breast Cancer,18,Logistic Regression,Temperature scaled,Gaussian noise,0.0,0.7001502091073196,114,0.9649122807017544,0.9840595483594432,0.019147267657688816,0.03747071247642829,0.059255690220783724,0.16018724617985952,0.006478970274385397
Breast Cancer,18,Logistic Regression,Raw,Gaussian noise,0.25,0.7001502091073196,114,0.9649122807017544,0.9697176152686794,0.004805334566925001,0.037117154899033195,0.06036952377688613,0.11770159556594506,0.004910301369597728
Breast Cancer,18,Logistic Regression,Temperature scaled,Gaussian noise,0.25,0.7001502091073196,114,0.9649122807017544,0.9818834193766441,0.016971138674889752,0.0316400987378767,0.06389398944487777,0.13962306203856661,0.004910301369597728
Breast Cancer,18,Logistic Regression,Raw,Gaussian noise,0.5,0.7001502091073196,114,0.9298245614035088,0.9588300424273505,0.029005481023841706,0.03974697001019573,0.08986318530611569,0.16303165640241996,0.008522619262016373
Breast Cancer,18,Logistic Regression,Temperature scaled,Gaussian noise,0.5,0.7001502091073196,114,0.9298245614035088,0.9695266730982768,0.039702111694768005,0.049217581003846066,0.09573716838902709,0.19856459327184994,0.008522619262016373
Breast Cancer,18,Logistic Regression,Raw,Gaussian noise,1.0,0.7001502091073196,114,0.8947368421052632,0.9559961702660364,0.061259328160773285,0.07660056590225833,0.1739508534693625,0.3215355993174944,0.022136555930724378
Breast Cancer,18,Logistic Regression,Temperature scaled,Gaussian noise,1.0,0.7001502091073196,114,0.8947368421052632,0.9723750332515064,0.07763819114624326,0.0903805735371513,0.18615830226041113,0.41851635849647023,0.022136555930724378
Breast Cancer,18,Logistic Regression,Raw,Gaussian noise,1.5,0.7001502091073196,114,0.8596491228070176,0.9346194715453165,0.074970348738299,0.08065294169797148,0.21706118796273186,0.3902967487657496,0.0293823645405702
Breast Cancer,18,Logistic Regression,Temperature scaled,Gaussian noise,1.5,0.7001502091073196,114,0.8596491228070176,0.9520650509084354,0.09241592810141785,0.10404551803361559,0.22876265621225556,0.5023898393092205,0.0293823645405702
Breast Cancer,18,Logistic Regression,Raw,Gaussian noise,2.0,0.7001502091073196,114,0.7543859649122807,0.9395885286822353,0.1852025637699546,0.18905035934335837,0.38777964357233513,1.2323954863472595,0.10779482203505276
Breast Cancer,18,Logistic Regression,Temperature scaled,Gaussian noise,2.0,0.7001502091073196,114,0.7543859649122807,0.9540539977972237,0.19966803288494295,0.20480376819744958,0.4099727579863933,1.7006325789333645,0.11074518909145697
Breast Cancer,18,Logistic Regression,Raw,Feature masking,0.0,0.7001502091073196,114,0.9649122807017544,0.9724131927311275,0.007500912029373086,0.034955218612280216,0.059813731383609556,0.13067950435478526,0.006478970274385397
Breast Cancer,18,Logistic Regression,Temperature scaled,Feature masking,0.0,0.7001502091073196,114,0.9649122807017544,0.9840595483594432,0.019147267657688816,0.03747071247642829,0.059255690220783724,0.16018724617985952,0.006478970274385397
Breast Cancer,18,Logistic Regression,Raw,Feature masking,0.1,0.7001502091073196,114,0.956140350877193,0.9605203434327947,0.0043799925556017305,0.04490950122540257,0.0683703055846672,0.14195363274127382,0.007520191620960523
Breast Cancer,18,Logistic Regression,Temperature scaled,Feature masking,0.1,0.7001502091073196,114,0.956140350877193,0.9740534445946673,0.017913093717474293,0.03642517745884357,0.06740903798334989,0.16724103939521906,0.007520191620960523
Breast Cancer,18,Logistic Regression,Raw,Feature masking,0.2,0.7001502091073196,114,0.9649122807017544,0.9557330429093095,-0.009179237792444894,0.050376129395379936,0.07567631175018585,0.17351147554460278,0.012659600538073397
Breast Cancer,18,Logistic Regression,Temperature scaled,Feature masking,0.2,0.7001502091073196,114,0.9649122807017544,0.971074214046076,0.00616193334432158,0.04292299784507703,0.07184441423746946,0.20801576281554807,0.012659600538073397
Breast Cancer,18,Logistic Regression,Raw,Feature masking,0.3,0.7001502091073196,114,0.9385964912280702,0.937187802467291,-0.0014086887607791532,0.057985735161891566,0.09595230079054323,0.16136199323435726,0.009050995196609055
Breast Cancer,18,Logistic Regression,Temperature scaled,Feature masking,0.3,0.7001502091073196,114,0.9385964912280702,0.9553356430876,0.01673915185952979,0.06722386329956996,0.0966057422501971,0.1770295367952584,0.009050995196609055
Breast Cancer,18,Logistic Regression,Raw,Feature masking,0.4,0.7001502091073196,114,0.956140350877193,0.9295452994472267,-0.02659505142996621,0.05563367022428262,0.09567459531634626,0.1714600645138569,0.011927040924689382
Breast Cancer,18,Logistic Regression,Temperature scaled,Feature masking,0.4,0.7001502091073196,114,0.956140350877193,0.9545786717895371,-0.0015616790876558095,0.05365124688657682,0.09322579296399337,0.1809836851390558,0.011927040924689382
Breast Cancer,18,Logistic Regression,Raw,Feature masking,0.5,0.7001502091073196,114,0.9210526315789473,0.9190242637670337,-0.002028367811913623,0.07420109720935344,0.09977583848178286,0.17715699477431768,0.013498115390197133
Breast Cancer,18,Logistic Regression,Temperature scaled,Feature masking,0.5,0.7001502091073196,114,0.9210526315789473,0.9444165234893422,0.023363891910394896,0.052686149191230845,0.10020235478270025,0.18230172296824212,0.013498115390197133
Breast Cancer,18,Random Forest,Raw,Gaussian noise,0.0,0.19376592875614973,114,0.9298245614035088,0.9381776246167826,0.008353063213273781,0.04568893065966763,0.10773417441058554,0.18561615507256835,0.013130228628725892
Breast Cancer,18,Random Forest,Temperature scaled,Gaussian noise,0.0,0.19376592875614973,114,0.9298245614035088,0.9944250064729976,0.06460044506948881,0.06992116701356647,0.13412686396526038,0.5921268074372747,0.013130228628725892
Breast Cancer,18,Random Forest,Raw,Gaussian noise,0.25,0.19376592875614973,114,0.9210526315789473,0.9132481063768872,-0.0078045252020600975,0.038333375104594274,0.11371131008866962,0.18593679489059134,0.011162832214890412
Breast Cancer,18,Random Forest,Temperature scaled,Gaussian noise,0.25,0.19376592875614973,114,0.9210526315789473,0.9811666694900011,0.06011403791105374,0.08093560163923987,0.14425964858590484,0.45176517884228007,0.011162832214890412
Breast Cancer,18,Random Forest,Raw,Gaussian noise,0.5,0.19376592875614973,114,0.9473684210526315,0.8679705653020916,-0.07939785575053993,0.08489164578117211,0.11895624101620897,0.21621500251599626,0.016248667515870455
Breast Cancer,18,Random Forest,Temperature scaled,Gaussian noise,0.5,0.19376592875614973,114,0.9473684210526315,0.975147740036943,0.02777931898431152,0.06577591654391202,0.10743604265584404,0.33820573186187114,0.016248667515870455
Breast Cancer,18,Random Forest,Raw,Gaussian noise,1.0,0.19376592875614973,114,0.8947368421052632,0.7545059454191034,-0.14023089668615973,0.14023089668615982,0.2208107955706285,0.36751911013556576,0.039338215965535724
Breast Cancer,18,Random Forest,Temperature scaled,Gaussian noise,1.0,0.19376592875614973,114,0.8947368421052632,0.942958341558785,0.04822149945352183,0.0877009885670157,0.1880544146834219,0.4222073208921705,0.039338215965535724
Breast Cancer,18,Random Forest,Raw,Gaussian noise,1.5,0.19376592875614973,114,0.8859649122807017,0.6852038150932886,-0.20076109718741308,0.20076109718741295,0.26407203853124867,0.4305202868017811,0.03322188777844805
Breast Cancer,18,Random Forest,Temperature scaled,Gaussian noise,1.5,0.19376592875614973,114,0.8859649122807017,0.8995062077221117,0.013541295441409917,0.10416115000698375,0.19764848385093697,0.3114752960622562,0.03322188777844805
Breast Cancer,18,Random Forest,Raw,Gaussian noise,2.0,0.19376592875614973,114,0.7017543859649122,0.6708518796992482,-0.030902506265664043,0.07052077415761623,0.3796328054976064,0.5562655905176637,0.1584477226873687
Breast Cancer,18,Random Forest,Temperature scaled,Gaussian noise,2.0,0.19376592875614973,114,0.7017543859649122,0.8888847816521734,0.1871303956872612,0.22014496469007913,0.47997535316142337,0.8697564180453065,0.1584477226873687
Breast Cancer,18,Random Forest,Raw,Feature masking,0.0,0.19376592875614973,114,0.9298245614035088,0.9381776246167826,0.008353063213273781,0.04568893065966762,0.10773417441058554,0.1856161550725683,0.013130228628725892
Breast Cancer,18,Random Forest,Temperature scaled,Feature masking,0.0,0.19376592875614973,114,0.9298245614035088,0.9944250064729976,0.06460044506948881,0.06992116701356647,0.13412686396526038,0.5921268074372747,0.013130228628725892
Breast Cancer,18,Random Forest,Raw,Feature masking,0.1,0.19376592875614973,114,0.9298245614035088,0.9218531885267236,-0.007971372876785177,0.037483625730844905,0.11579265302630472,0.20888420232957544,0.019794171109581055
Breast Cancer,18,Random Forest,Temperature scaled,Feature masking,0.1,0.19376592875614973,114,0.9298245614035088,0.9948039358929159,0.06497937448940716,0.07284368890859974,0.137655797501513,0.6235664202935773,0.019794171109581055
Breast Cancer,18,Random Forest,Raw,Feature masking,0.2,0.19376592875614973,114,0.9035087719298246,0.8890747424115144,-0.014434029518310187,0.06219214703418203,0.13445235250074036,0.24504449413199192,0.03004066608906771
Breast Cancer,18,Random Forest,Temperature scaled,Feature masking,0.2,0.19376592875614973,114,0.9035087719298246,0.9848218823843828,0.08131311045455825,0.08572718230811799,0.17148547330299616,0.6173054603020978,0.03004066608906771
Breast Cancer,18,Random Forest,Raw,Feature masking,0.3,0.19376592875614973,114,0.9122807017543859,0.8490250905040202,-0.06325561125036572,0.0806508493456037,0.15621732759279153,0.2792245994645419,0.03334762873819023
Breast Cancer,18,Random Forest,Temperature scaled,Feature masking,0.3,0.19376592875614973,114,0.9122807017543859,0.9873083765881281,0.07502767483374218,0.08763714409265386,0.17122514990521687,0.5598484647678978,0.03334762873819023
Breast Cancer,18,Random Forest,Raw,Feature masking,0.4,0.19376592875614973,114,0.8859649122807017,0.8048980367585543,-0.08106687552214742,0.10045428849903405,0.17560715696918658,0.3042792374271178,0.023665821789436714
Breast Cancer,18,Random Forest,Temperature scaled,Feature masking,0.4,0.19376592875614973,114,0.8859649122807017,0.9699977820233004,0.08403286974259871,0.09889368624129938,0.18278441847108662,0.41757044969074814,0.023665821789436714
Breast Cancer,18,Random Forest,Raw,Feature masking,0.5,0.19376592875614973,114,0.9122807017543859,0.7884453077137287,-0.12383539404065724,0.12383539404065723,0.18928042907780918,0.33562885338621223,0.042341094724260224
Breast Cancer,18,Random Forest,Temperature scaled,Feature masking,0.5,0.19376592875614973,114,0.9122807017543859,0.9709197453444568,0.05863904359007088,0.0651500362405003,0.15940576845646595,0.47889569113854347,0.042341094724260224
Breast Cancer,18,Gradient Boosting,Raw,Gaussian noise,0.0,0.7610881284026746,114,0.956140350877193,0.976328153729678,0.020187802852485004,0.040349214163757044,0.0839064019562772,0.20721689988962175,0.011037758484842902
Breast Cancer,18,Gradient Boosting,Temperature scaled,Gaussian noise,0.0,0.7610881284026746,114,0.956140350877193,0.9834565936603364,0.027316242783143485,0.04164045508213517,0.08519692131109634,0.2555311607830335,0.011037758484842902
Breast Cancer,18,Gradient Boosting,Raw,Gaussian noise,0.25,0.7610881284026746,114,0.9385964912280702,0.9631033204481814,0.02450682922011116,0.03979201299234804,0.10322206711645122,0.22319030220891278,0.015907168395759164
Breast Cancer,18,Gradient Boosting,Temperature scaled,Gaussian noise,0.25,0.7610881284026746,114,0.9385964912280702,0.9713734018209782,0.03277691059290799,0.05232855532681557,0.10434952640887672,0.26969388310692943,0.015907168395759164
Breast Cancer,18,Gradient Boosting,Raw,Gaussian noise,0.5,0.7610881284026746,114,0.9385964912280702,0.9641087875307988,0.025512296302728554,0.04307554843790924,0.10809556104783773,0.21406860045946216,0.015193083284568983
Breast Cancer,18,Gradient Boosting,Temperature scaled,Gaussian noise,0.5,0.7610881284026746,114,0.9385964912280702,0.9758071490534175,0.03721065782534727,0.0506881191491795,0.11057746218148434,0.2553308291842794,0.015193083284568983
Breast Cancer,18,Gradient Boosting,Raw,Gaussian noise,1.0,0.7610881284026746,114,0.8596491228070176,0.904461291754283,0.044812168947265474,0.09381467521108938,0.2096235954804558,0.3411282471835994,0.04009513916398582
Breast Cancer,18,Gradient Boosting,Temperature scaled,Gaussian noise,1.0,0.7610881284026746,114,0.8596491228070176,0.925792942647033,0.0661438198400155,0.090760156946037,0.21988707783107578,0.3868700396601157,0.04009513916398582
Breast Cancer,18,Gradient Boosting,Raw,Gaussian noise,1.5,0.7610881284026746,114,0.8421052631578947,0.8706765499291691,0.028571286771274407,0.060856783349287874,0.2091770165536729,0.32470250083352276,0.03997041104498162
Breast Cancer,18,Gradient Boosting,Temperature scaled,Gaussian noise,1.5,0.7610881284026746,114,0.8421052631578947,0.8988953642724097,0.05679010111451499,0.08801461278610559,0.2154701201597278,0.3440880564068105,0.03997041104498162
Breast Cancer,18,Gradient Boosting,Raw,Gaussian noise,2.0,0.7610881284026746,114,0.7192982456140351,0.8408513022401555,0.12155305662612037,0.1490976842111973,0.4037906217346484,0.6623695947658285,0.15992132109317245
Breast Cancer,18,Gradient Boosting,Temperature scaled,Gaussian noise,2.0,0.7610881284026746,114,0.7192982456140351,0.8699883430374177,0.15069009742338257,0.1727966605919381,0.42337403939148144,0.7733967446388444,0.15992132109317245
Breast Cancer,18,Gradient Boosting,Raw,Feature masking,0.0,0.7610881284026746,114,0.956140350877193,0.976328153729678,0.020187802852485004,0.040349214163757044,0.0839064019562772,0.20721689988962175,0.011037758484842902
Breast Cancer,18,Gradient Boosting,Temperature scaled,Feature masking,0.0,0.7610881284026746,114,0.956140350877193,0.9834565936603364,0.027316242783143485,0.04164045508213517,0.08519692131109634,0.2555311607830335,0.011037758484842902
Breast Cancer,18,Gradient Boosting,Raw,Feature masking,0.1,0.7610881284026746,114,0.9473684210526315,0.9716502133233448,0.024281792270713254,0.042811829683498774,0.09804347498056834,0.23201472379769414,0.012980730580759076
Breast Cancer,18,Gradient Boosting,Temperature scaled,Feature masking,0.1,0.7610881284026746,114,0.9473684210526315,0.9790268966307715,0.031658475578139944,0.05611620498676105,0.09869494668611394,0.2859170936514707,0.012980730580759076
Breast Cancer,18,Gradient Boosting,Raw,Feature masking,0.2,0.7610881284026746,114,0.9122807017543859,0.9684668862960086,0.05618618454162272,0.07817799095422691,0.13916630026007554,0.2977357027175738,0.022112010358682172
Breast Cancer,18,Gradient Boosting,Temperature scaled,Feature masking,0.2,0.7610881284026746,114,0.9122807017543859,0.9764191412725968,0.06413843951821085,0.08598373314330036,0.1461368871279982,0.3701427172065365,0.022112010358682172
Breast Cancer,18,Gradient Boosting,Raw,Feature masking,0.3,0.7610881284026746,114,0.8859649122807017,0.9471588580067027,0.06119394572600101,0.07043683732777677,0.1629214499995822,0.31931031276065813,0.025996512582302726
Breast Cancer,18,Gradient Boosting,Temperature scaled,Feature masking,0.3,0.7610881284026746,114,0.8859649122807017,0.9586744341869902,0.07270952190628843,0.07768991157044838,0.16987271297151785,0.38593947637445336,0.025996512582302726
Breast Cancer,18,Gradient Boosting,Raw,Feature masking,0.4,0.7610881284026746,114,0.9035087719298246,0.9513586503576321,0.047849878427807524,0.08560968097460274,0.18422795360953612,0.3697512933880569,0.04258319734465807
Breast Cancer,18,Gradient Boosting,Temperature scaled,Feature masking,0.4,0.7610881284026746,114,0.9035087719298246,0.9670106126314255,0.06350184070160092,0.10072872293732861,0.18908514987280856,0.45059599906893105,0.04258319734465807
Breast Cancer,18,Gradient Boosting,Raw,Feature masking,0.5,0.7610881284026746,114,0.868421052631579,0.9133978705730831,0.0449768179415041,0.07303059560064717,0.17970152282927998,0.3266259877979987,0.038190753468967865
Breast Cancer,18,Gradient Boosting,Temperature scaled,Feature masking,0.5,0.7610881284026746,114,0.868421052631579,0.9310829215646799,0.06266186893310088,0.08008700077294248,0.18409999383476403,0.3747434102706427,0.038190753468967865
Breast Cancer,19,Logistic Regression,Raw,Gaussian noise,0.0,0.5521018929152597,114,0.9736842105263158,0.9641992231687092,-0.009484987357606611,0.027705443914348208,0.038406235896547555,0.07121925501349277,0.0019717183567040217
Breast Cancer,19,Logistic Regression,Temperature scaled,Gaussian noise,0.0,0.5521018929152597,114,0.9736842105263158,0.982909108167981,0.00922489764166523,0.018195241672651862,0.036468595981846826,0.07393310524168749,0.0019717183567040217
Breast Cancer,19,Logistic Regression,Raw,Gaussian noise,0.25,0.5521018929152597,114,0.9649122807017544,0.9608785961265806,-0.004033684575173835,0.03370835807399468,0.059650384442453096,0.094047306245983,0.002756917200598341
Breast Cancer,19,Logistic Regression,Temperature scaled,Gaussian noise,0.25,0.5521018929152597,114,0.9649122807017544,0.9784301527814242,0.013517872079669813,0.04087502302459363,0.06359392930039176,0.11223603599413476,0.002756917200598341
Breast Cancer,19,Logistic Regression,Raw,Gaussian noise,0.5,0.5521018929152597,114,0.9649122807017544,0.9686675068766372,0.0037552261748827753,0.02689278731135422,0.05548875595898561,0.09929856277810316,0.0036131727329620266
Breast Cancer,19,Logistic Regression,Temperature scaled,Gaussian noise,0.5,0.5521018929152597,114,0.9649122807017544,0.98669314554028,0.021780864838525593,0.02968766601498299,0.05708062964305156,0.13043443733666657,0.0036131727329620266
Breast Cancer,19,Logistic Regression,Raw,Gaussian noise,1.0,0.5521018929152597,114,0.9210526315789473,0.9585842314680609,0.03753159988911359,0.050642510346615224,0.10073836029772923,0.1493407746505626,0.005886239932470479
Breast Cancer,19,Logistic Regression,Temperature scaled,Gaussian noise,1.0,0.5521018929152597,114,0.9210526315789473,0.9791114085941861,0.05805877701523876,0.058058777015238844,0.11842047260824998,0.20702236462294035,0.005886239932470479
Breast Cancer,19,Logistic Regression,Raw,Gaussian noise,1.5,0.5521018929152597,114,0.8771929824561403,0.9533444494418155,0.07615146698567521,0.08324454503921344,0.19443454617797148,0.39962524966123053,0.028738211864043253
Breast Cancer,19,Logistic Regression,Temperature scaled,Gaussian noise,1.5,0.5521018929152597,114,0.8771929824561403,0.9755655152296739,0.09837253277353364,0.10561643679829633,0.21060272853127565,0.6530737382913102,0.028738211864043253
Breast Cancer,19,Logistic Regression,Raw,Gaussian noise,2.0,0.5521018929152597,114,0.8245614035087719,0.9499684267805424,0.12540702327177045,0.12608093306665796,0.29250483586662485,0.6666005741570357,0.05302072532646098
Breast Cancer,19,Logistic Regression,Temperature scaled,Gaussian noise,2.0,0.5521018929152597,114,0.8245614035087719,0.9745773556299026,0.1500159521211306,0.16220782095748038,0.314079553129334,1.1309358069013307,0.05302072532646098
Breast Cancer,19,Logistic Regression,Raw,Feature masking,0.0,0.5521018929152597,114,0.9736842105263158,0.9641992231687092,-0.009484987357606611,0.027705443914348208,0.038406235896547555,0.07121925501349277,0.0019717183567040217
Breast Cancer,19,Logistic Regression,Temperature scaled,Feature masking,0.0,0.5521018929152597,114,0.9736842105263158,0.982909108167981,0.00922489764166523,0.018195241672651862,0.036468595981846826,0.07393310524168749,0.0019717183567040217
Breast Cancer,19,Logistic Regression,Raw,Feature masking,0.1,0.5521018929152597,114,0.9736842105263158,0.9597466471360558,-0.013937563390259977,0.03006688696304577,0.04073393517551131,0.07517214382222298,0.0016946895818927873
Breast Cancer,19,Logistic Regression,Temperature scaled,Feature masking,0.1,0.5521018929152597,114,0.9736842105263158,0.9831518286977801,0.009467618171464243,0.01806262363345404,0.03907644309827374,0.07220717795756862,0.0016946895818927873
Breast Cancer,19,Logistic Regression,Raw,Feature masking,0.2,0.5521018929152597,114,0.9649122807017544,0.947145728057592,-0.01776655264416238,0.055075958854058346,0.055270385797771736,0.09886315756850537,0.003078728183164543
Breast Cancer,19,Logistic Regression,Temperature scaled,Feature masking,0.2,0.5521018929152597,114,0.9649122807017544,0.9742314220663888,0.009319141364634409,0.038386885205607645,0.0532315280572442,0.09787545803598095,0.003078728183164543
Breast Cancer,19,Logistic Regression,Raw,Feature masking,0.3,0.5521018929152597,114,0.9385964912280702,0.9356692829335956,-0.0029272082944745703,0.060575917178193585,0.08251368056711464,0.1487873533747389,0.008046337117608847
Breast Cancer,19,Logistic Regression,Temperature scaled,Feature masking,0.3,0.5521018929152597,114,0.9385964912280702,0.9679532568103251,0.029356765582254862,0.0464395104092029,0.0806141112371404,0.17102302206016892,0.008046337117608847
Breast Cancer,19,Logistic Regression,Raw,Feature masking,0.4,0.5521018929152597,114,0.9385964912280702,0.9272652154023627,-0.011331275825707476,0.05247450021019672,0.08851476867583788,0.14490703334214497,0.005949520992954307
Breast Cancer,19,Logistic Regression,Temperature scaled,Feature masking,0.4,0.5521018929152597,114,0.9385964912280702,0.9639663777843506,0.025369886556280363,0.058132685414914766,0.09503285509149653,0.1512374874840497,0.005949520992954307
Breast Cancer,19,Logistic Regression,Raw,Feature masking,0.5,0.5521018929152597,114,0.9210526315789473,0.9105786151573246,-0.010474016421622712,0.04279867499571562,0.10864300703796294,0.18222828498890242,0.011321142851646222
Breast Cancer,19,Logistic Regression,Temperature scaled,Feature masking,0.5,0.5521018929152597,114,0.9210526315789473,0.952001008514,0.0309483769350527,0.06243583272181345,0.11358004526674144,0.1969442646578746,0.011321142851646222
Breast Cancer,19,Random Forest,Raw,Gaussian noise,0.0,0.44781758201416433,114,0.956140350877193,0.9300695071008755,-0.02607084377631741,0.054536842105473646,0.06238565837371205,0.11240701148860312,0.0029022396901649604
Breast Cancer,19,Random Forest,Temperature scaled,Gaussian noise,0.0,0.44781758201416433,114,0.956140350877193,0.9732620693045657,0.017121718427372756,0.028705877802156908,0.05937165196967019,0.10043657893957308,0.0029022396901649604
Breast Cancer,19,Random Forest,Raw,Gaussian noise,0.25,0.44781758201416433,114,0.9649122807017544,0.9014819966582337,-0.06343028404352069,0.06966921470350397,0.0628518514719338,0.12497389067092687,0.0016609102589544129
Breast Cancer,19,Random Forest,Temperature scaled,Gaussian noise,0.25,0.44781758201416433,114,0.9649122807017544,0.9542779010366924,-0.010634379665061977,0.026461244490852655,0.04527453331822452,0.07260118208447508,0.0016609102589544129
Breast Cancer,19,Random Forest,Raw,Gaussian noise,0.5,0.44781758201416433,114,0.956140350877193,0.8293705931495405,-0.12676975772765242,0.14569203564466726,0.10302025911851939,0.20746796013468927,0.0012193163300256897
Breast Cancer,19,Random Forest,Temperature scaled,Gaussian noise,0.5,0.44781758201416433,114,0.956140350877193,0.9200836181750023,-0.036056732702190675,0.08366274391140882,0.05312273469288051,0.10314163165172066,0.0012193163300256897
Breast Cancer,19,Random Forest,Raw,Gaussian noise,1.0,0.44781758201416433,114,0.8771929824561403,0.7229358117516013,-0.15425717070453904,0.15786850459482035,0.21700578060053133,0.36956222189452503,0.01854833222846086
Breast Cancer,19,Random Forest,Temperature scaled,Gaussian noise,1.0,0.44781758201416433,114,0.8771929824561403,0.8386974351656078,-0.038495547290532506,0.07965201297465145,0.15811813575121444,0.25636369360012445,0.01854833222846086
Breast Cancer,19,Random Forest,Raw,Gaussian noise,1.5,0.44781758201416433,114,0.8157894736842105,0.6717405736563631,-0.14404890002784743,0.16642667780562517,0.3021775138185853,0.47390051153536134,0.06502189304999452
Breast Cancer,19,Random Forest,Temperature scaled,Gaussian noise,1.5,0.44781758201416433,114,0.8157894736842105,0.786587615159264,-0.0292018585249465,0.08792562561570222,0.25478645897432894,0.39638683432768074,0.06502189304999452
Breast Cancer,19,Random Forest,Raw,Gaussian noise,2.0,0.44781758201416433,114,0.8508771929824561,0.653493038150933,-0.19738415483152316,0.19986633249791141,0.3103704799760424,0.48585092983715705,0.06005018852171115
Breast Cancer,19,Random Forest,Temperature scaled,Gaussian noise,2.0,0.44781758201416433,114,0.8508771929824561,0.7645336604021211,-0.086343532580335,0.08870921458356565,0.24793537321557704,0.3923982905997869,0.06005018852171115
Breast Cancer,19,Random Forest,Raw,Feature masking,0.0,0.44781758201416433,114,0.956140350877193,0.9300695071008755,-0.02607084377631741,0.054536842105473646,0.06238565837371206,0.11240701148860313,0.0029022396901649604
Breast Cancer,19,Random Forest,Temperature scaled,Feature masking,0.0,0.44781758201416433,114,0.956140350877193,0.9732620693045657,0.017121718427372756,0.028705877802156908,0.05937165196967018,0.10043657893957308,0.0029022396901649604
Breast Cancer,19,Random Forest,Raw,Feature masking,0.1,0.44781758201416433,114,0.9736842105263158,0.8999767752714681,-0.07370743525484769,0.07370743525484756,0.06871444171937781,0.1410540327989871,0.003110693326572179
Breast Cancer,19,Random Forest,Temperature scaled,Feature masking,0.1,0.44781758201416433,114,0.9736842105263158,0.9663858241135568,-0.007298386412759039,0.02785594685536635,0.05420437117819851,0.09771538263103378,0.003110693326572179
Breast Cancer,19,Random Forest,Raw,Feature masking,0.2,0.44781758201416433,114,0.956140350877193,0.8669974937343183,-0.08914285714287462,0.08914285714287472,0.08738021248279428,0.1792611947340028,0.003963725205417147
Breast Cancer,19,Random Forest,Temperature scaled,Feature masking,0.2,0.44781758201416433,114,0.956140350877193,0.9512416333212965,-0.004898717555896437,0.026472284418848295,0.06568984651371777,0.1132053113290847,0.003963725205417147
Breast Cancer,19,Random Forest,Raw,Feature masking,0.3,0.44781758201416433,114,0.9473684210526315,0.8538968810916179,-0.09347153996101365,0.10319952659426339,0.10171556535058987,0.20253632388516635,0.005792912277735836
Breast Cancer,19,Random Forest,Temperature scaled,Feature masking,0.3,0.44781758201416433,114,0.9473684210526315,0.9484510069086491,0.001082585856017615,0.02343251736690027,0.0794475841169079,0.13475164376168267,0.005792912277735836
Breast Cancer,19,Random Forest,Raw,Feature masking,0.4,0.44781758201416433,114,0.9473684210526315,0.8170629490392561,-0.1303054720133754,0.13081892230577308,0.125060099668616,0.24834582008448336,0.011941603993038376
Breast Cancer,19,Random Forest,Temperature scaled,Feature masking,0.4,0.44781758201416433,114,0.9473684210526315,0.9317375480083432,-0.01563087304428834,0.02917309094898499,0.08373089776459611,0.15701363056377707,0.011941603993038376
Breast Cancer,19,Random Forest,Raw,Feature masking,0.5,0.44781758201416433,114,0.9210526315789473,0.7769627123363967,-0.14408991924255066,0.15548941798941798,0.15594528307452935,0.29373454814822064,0.009670706642286728
Breast Cancer,19,Random Forest,Temperature scaled,Feature masking,0.5,0.44781758201416433,114,0.9210526315789473,0.8994374785776285,-0.021615153001318888,0.049095117589516984,0.10467840758246899,0.18074342095064577,0.009670706642286728
Breast Cancer,19,Gradient Boosting,Raw,Gaussian noise,0.0,0.8996532883087334,114,0.956140350877193,0.9740692513103989,0.01792890043320594,0.038640688816748245,0.07198861432522172,0.12478558085668565,0.0036542621542230407
Breast Cancer,19,Gradient Boosting,Temperature scaled,Gaussian noise,0.0,0.8996532883087334,114,0.956140350877193,0.9774577556149819,0.02131740473778898,0.03916078089662536,0.0733894463880072,0.13148987879352872,0.0036542621542230407
Breast Cancer,19,Gradient Boosting,Raw,Gaussian noise,0.25,0.8996532883087334,114,0.9473684210526315,0.967777855807345,0.020409434754713462,0.0344314664738486,0.06826528736391445,0.11364737659868457,0.003807607962446945
Breast Cancer,19,Gradient Boosting,Temperature scaled,Gaussian noise,0.25,0.8996532883087334,114,0.9473684210526315,0.9726201039007927,0.02525168284816115,0.03879231326927568,0.06954502428580299,0.1167847633553884,0.003807607962446945
Breast Cancer,19,Gradient Boosting,Raw,Gaussian noise,0.5,0.8996532883087334,114,0.9473684210526315,0.9530021567083204,0.005633735655688921,0.023584582440417234,0.08514810368210886,0.15020750788033688,0.007752268634670315
Breast Cancer,19,Gradient Boosting,Temperature scaled,Gaussian noise,0.5,0.8996532883087334,114,0.9473684210526315,0.9598606456649765,0.012492224612345004,0.02255709560800255,0.08572860677688167,0.15324843493138032,0.007752268634670315
Breast Cancer,19,Gradient Boosting,Raw,Gaussian noise,1.0,0.8996532883087334,114,0.8859649122807017,0.879739580827385,-0.006225331453316718,0.05875426391329308,0.14018584311244248,0.22751225146733853,0.01803605773499176
Breast Cancer,19,Gradient Boosting,Temperature scaled,Gaussian noise,1.0,0.8996532883087334,114,0.8859649122807017,0.8913077541222734,0.005342841841571633,0.0734885601097802,0.13912633195590735,0.2230724299970778,0.01803605773499176
Breast Cancer,19,Gradient Boosting,Raw,Gaussian noise,1.5,0.8996532883087334,114,0.8070175438596491,0.8279686309733726,0.02095108711372351,0.049710150313051746,0.237515822337303,0.3642232301636419,0.054602358144038673
Breast Cancer,19,Gradient Boosting,Temperature scaled,Gaussian noise,1.5,0.8996532883087334,114,0.8070175438596491,0.840091597964756,0.03307405410510689,0.03937988878888267,0.2384794333642601,0.3662114659965796,0.054602358144038673
Breast Cancer,19,Gradient Boosting,Raw,Gaussian noise,2.0,0.8996532883087334,114,0.8508771929824561,0.8339130241617378,-0.016964168820718273,0.11634954419879107,0.25223024383364856,0.3924484008845243,0.06345118186207568
Breast Cancer,19,Gradient Boosting,Temperature scaled,Gaussian noise,2.0,0.8996532883087334,114,0.8508771929824561,0.8472076241569027,-0.003669568825553471,0.10590389407601644,0.253411897621647,0.3974997981375387,0.06345118186207568
Breast Cancer,19,Gradient Boosting,Raw,Feature masking,0.0,0.8996532883087334,114,0.956140350877193,0.9740692513103989,0.01792890043320594,0.038640688816748245,0.07198861432522172,0.12478558085668565,0.0036542621542230407
Breast Cancer,19,Gradient Boosting,Temperature scaled,Feature masking,0.0,0.8996532883087334,114,0.956140350877193,0.9774577556149819,0.02131740473778898,0.03916078089662536,0.0733894463880072,0.13148987879352872,0.0036542621542230407
Breast Cancer,19,Gradient Boosting,Raw,Feature masking,0.1,0.8996532883087334,114,0.9649122807017544,0.9689219475051178,0.004009666803363454,0.024008188059904713,0.057518578967214955,0.10548408569208119,0.0033897698764052383
Breast Cancer,19,Gradient Boosting,Temperature scaled,Feature masking,0.1,0.8996532883087334,114,0.9649122807017544,0.9732398942218178,0.008327613520063393,0.019499512141092565,0.05795696693689018,0.10839220499463256,0.0033897698764052383
Breast Cancer,19,Gradient Boosting,Raw,Feature masking,0.2,0.8996532883087334,114,0.9473684210526315,0.9586582401965777,0.011289819143946223,0.03463394704509915,0.06753470066803735,0.12479016658309838,0.005912801108264819
Breast Cancer,19,Gradient Boosting,Temperature scaled,Feature masking,0.2,0.8996532883087334,114,0.9473684210526315,0.9640561142947522,0.016687693242120716,0.016687693242120667,0.0680331950891797,0.12721700848143086,0.005912801108264819
Breast Cancer,19,Gradient Boosting,Raw,Feature masking,0.3,0.8996532883087334,114,0.9385964912280702,0.96389186550347,0.02529537427539974,0.05778409386910162,0.11005805708557466,0.18719876144939201,0.009925628746092853
Breast Cancer,19,Gradient Boosting,Temperature scaled,Feature masking,0.3,0.8996532883087334,114,0.9385964912280702,0.9698354525075986,0.03123896127952841,0.05637539027010659,0.11232196073882185,0.19694359433392106,0.009925628746092853
Breast Cancer,19,Gradient Boosting,Raw,Feature masking,0.4,0.8996532883087334,114,0.9298245614035088,0.9459535249344431,0.016128963530934293,0.03007683885758129,0.1071530635972256,0.17476647968056463,0.009823552600414334
Breast Cancer,19,Gradient Boosting,Temperature scaled,Feature masking,0.4,0.8996532883087334,114,0.9298245614035088,0.9539105904432462,0.024086029039737444,0.04935634660949503,0.10890204528599857,0.17841389925104162,0.009823552600414334
Breast Cancer,19,Gradient Boosting,Raw,Feature masking,0.5,0.8996532883087334,114,0.8947368421052632,0.9215495629666052,0.02681272086134201,0.05205743796272473,0.1507062269865217,0.23578138712524926,0.017905458106199753
Breast Cancer,19,Gradient Boosting,Temperature scaled,Feature masking,0.5,0.8996532883087334,114,0.8947368421052632,0.9324850587648157,0.037748216659552525,0.05699953374939647,0.1535309304897355,0.2395952558215373,0.017905458106199753
Wine,0,Logistic Regression,Raw,Gaussian noise,0.0,0.04979096017932634,36,0.9722222222222222,0.9170752735153154,-0.05514694870690684,0.0851320719495685,0.05412408310629959,0.10502583434635254,0.0011794532627865965
Wine,0,Logistic Regression,Temperature scaled,Gaussian noise,0.0,0.04979096017932634,36,0.9722222222222222,0.9957175943627173,0.02349537214049513,0.029918188463110038,0.05212130842640042,0.09402016680311875,0.0011794532627865965
Wine,0,Logistic Regression,Raw,Gaussian noise,0.25,0.04979096017932634,36,0.9722222222222222,0.9282177153574376,-0.04400450686478463,0.058009146726081345,0.050244303614233855,0.09757902883643492,0.0011794532627865965
Wine,0,Logistic Regression,Temperature scaled,Gaussian noise,0.25,0.04979096017932634,36,0.9722222222222222,0.9999634067447167,0.027741184522494522,0.027741184522494522,0.05554851745004265,0.268220494567957,0.0011794532627865965
Wine,0,Logistic Regression,Raw,Gaussian noise,0.5,0.04979096017932634,36,0.9444444444444444,0.903819076273022,-0.04062536817142237,0.06279036974154105,0.07875508077448486,0.1397113925941872,0.004092055593281084
Wine,0,Logistic Regression,Temperature scaled,Gaussian noise,0.5,0.04979096017932634,36,0.9444444444444444,0.9929803866117921,0.04853594216734769,0.05394785359581061,0.0959526671567225,0.47807609922263455,0.0032240000377255296
Wine,0,Logistic Regression,Raw,Gaussian noise,1.0,0.04979096017932634,36,0.8055555555555556,0.883565791409753,0.07801023585419742,0.13580741370976457,0.2646093805257502,0.47896440727806666,0.0669577427106114
Wine,0,Logistic Regression,Temperature scaled,Gaussian noise,1.0,0.04979096017932634,36,0.8055555555555556,0.9964069698379878,0.19085141428243224,0.19085141428243216,0.382562096784243,3.5963847267988234,0.07509770944513439
Wine,0,Logistic Regression,Raw,Gaussian noise,1.5,0.04979096017932634,36,0.7777777777777778,0.8878111578402654,0.11003338006248764,0.16635745286041959,0.34038081006201915,0.6460634595075239,0.10631835292354343
Wine,0,Logistic Regression,Temperature scaled,Gaussian noise,1.5,0.04979096017932634,36,0.7777777777777778,0.9946464354902272,0.21686865771244945,0.21686865771244962,0.4284886556075393,5.193630191308271,0.08381525570805842
Wine,0,Logistic Regression,Raw,Gaussian noise,2.0,0.04979096017932634,36,0.75,0.9263069672806608,0.17630696728066075,0.20013916187481362,0.39409521286161575,1.2556046585697938,0.16638497603488717
Wine,0,Logistic Regression,Temperature scaled,Gaussian noise,2.0,0.04979096017932634,36,0.75,0.9996393878143053,0.24963938781430528,0.24963938781430528,0.4986343773772798,5.661220480522282,0.17724466815092899
Wine,0,Logistic Regression,Raw,Feature masking,0.0,0.04979096017932634,36,0.9722222222222222,0.9170752735153154,-0.05514694870690684,0.0851320719495685,0.05412408310629959,0.10502583434635254,0.0011794532627865965
Wine,0,Logistic Regression,Temperature scaled,Feature masking,0.0,0.04979096017932634,36,0.9722222222222222,0.9957175943627173,0.02349537214049513,0.029918188463110038,0.05212130842640042,0.09402016680311875,0.0011794532627865965
Wine,0,Logistic Regression,Raw,Feature masking,0.1,0.04979096017932634,36,0.9722222222222222,0.928926583321257,-0.043295638900965217,0.06752906908866124,0.054737131295322136,0.11331888515797968,0.0011794532627865965
Wine,0,Logistic Regression,Temperature scaled,Feature masking,0.1,0.04979096017932634,36,0.9722222222222222,0.9999961348648159,0.027773912642593657,0.027773912642593657,0.05555555662743415,0.6703659670348111,0.0019964467268388845
Wine,0,Logistic Regression,Raw,Feature masking,0.2,0.04979096017932634,36,0.9444444444444444,0.9122659730361408,-0.032178471408303655,0.07956784912282112,0.11701520903655191,0.20594825716298368,0.017372091864933402
Wine,0,Logistic Regression,Temperature scaled,Feature masking,0.2,0.04979096017932634,36,0.9444444444444444,0.9999997112827577,0.055555266838313244,0.055555266838313244,0.11111111111618599,1.535057017381291,0.04786171831679191
Wine,0,Logistic Regression,Raw,Feature masking,0.3,0.04979096017932634,36,0.8611111111111112,0.8580871148074137,-0.0030239963036974293,0.1415969395287078,0.14019946399589284,0.2513797807267951,0.011870266054722094
Wine,0,Logistic Regression,Temperature scaled,Feature masking,0.3,0.04979096017932634,36,0.8611111111111112,0.9925129348375266,0.1314018237264154,0.1314018237264153,0.2513758901841459,1.490808965752625,0.014595797228529132
Wine,0,Logistic Regression,Raw,Feature masking,0.4,0.04979096017932634,36,0.8333333333333334,0.8669882069271739,0.03365487359384056,0.11559025291166423,0.21461033693318274,0.35289327107313095,0.03321069151380119
Wine,0,Logistic Regression,Temperature scaled,Feature masking,0.4,0.04979096017932634,36,0.8333333333333334,0.9973128254099498,0.16397949207661644,0.1685263523243562,0.33217402119527883,2.9062620338392176,0.040284554397051045
Wine,0,Logistic Regression,Raw,Feature masking,0.5,0.04979096017932634,36,0.8611111111111112,0.7985716625780359,-0.06253944853307525,0.09186027259772321,0.18846491180569866,0.3227489393750316,0.026858968420816372
Wine,0,Logistic Regression,Temperature scaled,Feature masking,0.5,0.04979096017932634,36,0.8611111111111112,0.9985372929152684,0.13742618180415722,0.13742618180415722,0.272471774666193,1.533009145304352,0.02779238867056804
Wine,0,Random Forest,Raw,Gaussian noise,0.0,0.09259353345476348,36,0.9722222222222222,0.8265899470898108,-0.1456322751324114,0.14563227513241145,0.10425086476694863,0.22439345422730594,0.00460231047181553
Wine,0,Random Forest,Temperature scaled,Gaussian noise,0.0,0.09259353345476348,36,0.9722222222222222,0.9986774424183709,0.026455220196148654,0.026455220196148654,0.0555300029913359,0.2023220970346825,0.0028381975685897267
Wine,0,Random Forest,Raw,Gaussian noise,0.25,0.09259353345476348,36,0.9166666666666666,0.7866153439153165,-0.13005132275135012,0.13005132275135028,0.15560530699924455,0.3036520781375921,0.020870088910125713
Wine,0,Random Forest,Temperature scaled,Gaussian noise,0.25,0.09259353345476348,36,0.9166666666666666,0.9788935343669741,0.0622268677003075,0.06222686770030736,0.10588373935229266,0.4760079103599121,0.014616840667713377
Wine,0,Random Forest,Raw,Gaussian noise,0.5,0.09259353345476348,36,0.8888888888888888,0.7468269841269024,-0.14206190476198644,0.1650026455027274,0.2020637176165308,0.37444510062518493,0.017375300880143774
Wine,0,Random Forest,Temperature scaled,Gaussian noise,0.5,0.09259353345476348,36,0.8888888888888888,0.9917235381143059,0.10283464922541707,0.10283464922541717,0.210932926883161,0.6207059724793871,0.01633327138983842
Wine,0,Random Forest,Raw,Gaussian noise,1.0,0.09259353345476348,36,0.7777777777777778,0.6282150793650795,-0.14956269841269831,0.245971164021164,0.37797583487024444,0.6723533537892649,0.16274005647574288
Wine,0,Random Forest,Temperature scaled,Gaussian noise,1.0,0.09259353345476348,36,0.7777777777777778,0.9536331258474361,0.1758553480696583,0.18408072780225662,0.3427794150006609,1.630055740847815,0.14157235027597947
Wine,0,Random Forest,Raw,Gaussian noise,1.5,0.09259353345476348,36,0.6944444444444444,0.6052174603174348,-0.08922698412700958,0.1596407407407663,0.46598762458554166,0.7769248664921349,0.22893569489233034
Wine,0,Random Forest,Temperature scaled,Gaussian noise,1.5,0.09259353345476348,36,0.6944444444444444,0.956220904405689,0.26177645996124455,0.2890417211757382,0.5821542030255035,2.768253686275342,0.21450320108197293
Wine,0,Random Forest,Raw,Gaussian noise,2.0,0.09259353345476348,36,0.75,0.6452793650793651,-0.10472063492063488,0.1667703703703704,0.38237830127991934,0.6586137967478708,0.1490255221901343
Wine,0,Random Forest,Temperature scaled,Gaussian noise,2.0,0.09259353345476348,36,0.75,0.9840705212570027,0.23407052125700267,0.23407052125700273,0.45979042505132117,2.068221522689276,0.1618952695372208
Wine,0,Random Forest,Raw,Feature masking,0.0,0.09259353345476348,36,0.9722222222222222,0.8265899470898108,-0.1456322751324114,0.14563227513241145,0.10425086476694864,0.22439345422730594,0.00460231047181553
Wine,0,Random Forest,Temperature scaled,Feature masking,0.0,0.09259353345476348,36,0.9722222222222222,0.9986774424183709,0.026455220196148654,0.026455220196148654,0.0555300029913359,0.20232209703468249,0.0028381975685897267
Wine,0,Random Forest,Raw,Feature masking,0.1,0.09259353345476348,36,0.9722222222222222,0.8098499999998646,-0.1623722222223576,0.16237222222235742,0.11503082395062414,0.24710691406199073,0.0019964467268388845
Wine,0,Random Forest,Temperature scaled,Feature masking,0.1,0.09259353345476348,36,0.9722222222222222,0.998713821315325,0.026491599093102836,0.026491599093102836,0.055516405973873716,0.20014870015308955,0.0037062531241452814
Wine,0,Random Forest,Raw,Feature masking,0.2,0.09259353345476348,36,0.8888888888888888,0.7784042328042051,-0.11048465608468372,0.16090687830690587,0.1685476483396325,0.31979367085446736,0.017779940189448395
Wine,0,Random Forest,Temperature scaled,Feature masking,0.2,0.09259353345476348,36,0.8888888888888888,0.9940646865215896,0.1051757976327008,0.10517579763270068,0.20176553235332753,0.4892001620750333,0.011757599659939406
Wine,0,Random Forest,Raw,Feature masking,0.3,0.09259353345476348,36,0.8888888888888888,0.7039740740740741,-0.18491481481481475,0.21043386243386242,0.22890297365079368,0.43457949357284215,0.023360866476690167
Wine,0,Random Forest,Temperature scaled,Feature masking,0.3,0.09259353345476348,36,0.8888888888888888,0.9732786965004954,0.08438980761160653,0.10689636472178562,0.18371984516100237,0.6902819330786847,0.015304464805476278
Wine,0,Random Forest,Raw,Feature masking,0.4,0.09259353345476348,36,0.8333333333333334,0.6991558201058202,-0.13417751322751315,0.1791087301587301,0.25257020131519275,0.4618846096441772,0.03696249526560494
Wine,0,Random Forest,Temperature scaled,Feature masking,0.4,0.09259353345476348,36,0.8333333333333334,0.9577320452519663,0.12439871191863294,0.12439871191863307,0.24918046936006658,0.893492902145174,0.04415078764828172
Wine,0,Random Forest,Raw,Feature masking,0.5,0.09259353345476348,36,0.9166666666666666,0.6593137566137566,-0.25735291005291006,0.25735291005291006,0.24294849881078356,0.47517628213644414,0.012400129670748985
Wine,0,Random Forest,Temperature scaled,Feature masking,0.5,0.09259353345476348,36,0.9166666666666666,0.9735680720090224,0.05690140534235577,0.06197046458697687,0.13858798376462508,0.49579367536589686,0.012599016473578441
Wine,0,Gradient Boosting,Raw,Gaussian noise,0.0,0.9859135584700066,36,0.9722222222222222,0.9566198606169701,-0.01560236160525208,0.03704732366538152,0.05354052677696397,0.09843822102021815,0.0037062531241452814
Wine,0,Gradient Boosting,Temperature scaled,Gaussian noise,0.0,0.9859135584700066,36,0.9722222222222222,0.9577333909167218,-0.014488831305500383,0.03665919077331442,0.05339638723326463,0.09786958055298747,0.0037062531241452814
Wine,0,Gradient Boosting,Raw,Gaussian noise,0.25,0.9859135584700066,36,0.9722222222222222,0.9245008729388622,-0.047721349283360026,0.08928994405424576,0.09711081235967428,0.22114419923293183,0.018487839714151022
Wine,0,Gradient Boosting,Temperature scaled,Gaussian noise,0.25,0.9859135584700066,36,0.9722222222222222,0.9256420668816285,-0.046580155340593676,0.08899522765889348,0.09656560317933024,0.22160434706278972,0.018487839714151022
Wine,0,Gradient Boosting,Raw,Gaussian noise,0.5,0.9859135584700066,36,0.8333333333333334,0.9186075605142118,0.0852742271808784,0.1176318263754308,0.2317631122082238,0.43376838160269765,0.035207744815408566
Wine,0,Gradient Boosting,Temperature scaled,Gaussian noise,0.5,0.9859135584700066,36,0.8333333333333334,0.9198586957409679,0.08652536240763453,0.10382653605847719,0.23235805934649742,0.4370398070720732,0.035207744815408566
Wine,0,Gradient Boosting,Raw,Gaussian noise,1.0,0.9859135584700066,36,0.6944444444444444,0.8342385740862984,0.139794129641854,0.22958384821974823,0.47821479239630693,0.9424444130548508,0.22229759018810918
Wine,0,Gradient Boosting,Temperature scaled,Gaussian noise,1.0,0.9859135584700066,36,0.6944444444444444,0.8360794485710011,0.14163500412655672,0.20645823947671665,0.4793607679768177,0.9506118144132922,0.22229759018810918
Wine,0,Gradient Boosting,Raw,Gaussian noise,1.5,0.9859135584700066,36,0.5,0.8691746931828732,0.3691746931828732,0.37000212936129284,0.7342112760472813,1.583838363525605,0.2918458789930735
Wine,0,Gradient Boosting,Temperature scaled,Gaussian noise,1.5,0.9859135584700066,36,0.5,0.8708367240844402,0.37083672408444024,0.3716010579597343,0.736846668217,1.6020679988758904,0.2918458789930735
Wine,0,Gradient Boosting,Raw,Gaussian noise,2.0,0.9859135584700066,36,0.7777777777777778,0.8498430321915184,0.07206525441374056,0.14602412161136882,0.36024499725973513,0.864507268932583,0.14293132196034758
Wine,0,Gradient Boosting,Temperature scaled,Gaussian noise,2.0,0.9859135584700066,36,0.7777777777777778,0.8514859263290897,0.07370814855131191,0.14646043001044434,0.36035390036598774,0.8720262269278762,0.14293132196034758
Wine,0,Gradient Boosting,Raw,Feature masking,0.0,0.9859135584700066,36,0.9722222222222222,0.9566198606169701,-0.01560236160525208,0.03704732366538152,0.05354052677696397,0.09843822102021815,0.0037062531241452814
Wine,0,Gradient Boosting,Temperature scaled,Feature masking,0.0,0.9859135584700066,36,0.9722222222222222,0.9577333909167218,-0.014488831305500383,0.03665919077331442,0.05339638723326463,0.09786958055298747,0.0037062531241452814
Wine,0,Gradient Boosting,Raw,Feature masking,0.1,0.9859135584700066,36,1.0,0.9474194767994761,-0.052580523200523865,0.052580523200523935,0.02191870720024533,0.060376864512038414,0.0
Wine,0,Gradient Boosting,Temperature scaled,Feature masking,0.1,0.9859135584700066,36,1.0,0.9485752336979556,-0.0514247663020444,0.05142476630204438,0.021420624193888353,0.05901991353370276,0.0
Wine,0,Gradient Boosting,Raw,Feature masking,0.2,0.9859135584700066,36,0.8611111111111112,0.9154189829220127,0.054307871810901576,0.10706079677378778,0.20391766191967953,0.3258804472302794,0.02691683879118674
Wine,0,Gradient Boosting,Temperature scaled,Feature masking,0.2,0.9859135584700066,36,0.8611111111111112,0.9166734651559918,0.055562354044880635,0.10711515995960214,0.20446998636323,0.32748031198091815,0.02691683879118674
Wine,0,Gradient Boosting,Raw,Feature masking,0.3,0.9859135584700066,36,0.9166666666666666,0.8925026689446539,-0.02416399772201272,0.08117417323277308,0.15385548452613562,0.28667008300421665,0.015278036799657595
Wine,0,Gradient Boosting,Temperature scaled,Feature masking,0.3,0.9859135584700066,36,0.9166666666666666,0.8939608728218074,-0.022705793844859268,0.08097336169709393,0.1537876050032779,0.28706340307998407,0.015278036799657595
Wine,0,Gradient Boosting,Raw,Feature masking,0.4,0.9859135584700066,36,0.8333333333333334,0.8973018122696378,0.06396847893630442,0.09770380133375883,0.22933463709115498,0.37810686866935683,0.03467793693265951
Wine,0,Gradient Boosting,Temperature scaled,Feature masking,0.4,0.9859135584700066,36,0.8333333333333334,0.8988315205124988,0.06549818717916545,0.09902258604246424,0.23018551212949648,0.37982600393298027,0.03467793693265951
Wine,0,Gradient Boosting,Raw,Feature masking,0.5,0.9859135584700066,36,0.8888888888888888,0.880571289647041,-0.008317599241847828,0.08633575569959755,0.16557148057612803,0.32937395529138386,0.0200361446035812
Wine,0,Gradient Boosting,Temperature scaled,Feature masking,0.5,0.9859135584700066,36,0.8888888888888888,0.8822946349325311,-0.00659425395635771,0.08634926898697783,0.16532963739691228,0.329838511061327,0.0200361446035812
Wine,1,Logistic Regression,Raw,Gaussian noise,0.0,0.4878596421366019,36,1.0,0.9422081557988695,-0.05779184420113048,0.05779184420113066,0.021141501387184593,0.06504851825125829,0.0
Wine,1,Logistic Regression,Temperature scaled,Gaussian noise,0.0,0.4878596421366019,36,1.0,0.9843369682750315,-0.015663031724968524,0.0156630317249684,0.005134465393251919,0.017253196585898523,0.0
Wine,1,Logistic Regression,Raw,Gaussian noise,0.25,0.4878596421366019,36,0.9722222222222222,0.9404937977972398,-0.03172842442498236,0.06373810572608879,0.03796758991937838,0.08480486736965623,0.0003858024691358026
Wine,1,Logistic Regression,Temperature scaled,Gaussian noise,0.25,0.4878596421366019,36,0.9722222222222222,0.9832163037365008,0.010994081514278609,0.03110621533677925,0.03434580342092588,0.052964457789199046,0.0003858024691358026
Wine,1,Logistic Regression,Raw,Gaussian noise,0.5,0.4878596421366019,36,0.8888888888888888,0.9192158606969549,0.030326971808066094,0.06720720615266745,0.09927641897145287,0.1533744486374164,0.008164012930576814
Wine,1,Logistic Regression,Temperature scaled,Gaussian noise,0.5,0.4878596421366019,36,0.8888888888888888,0.9520798411150455,0.06319095222615667,0.08368367069398243,0.11291318593201886,0.16925141981042705,0.008164012930576814
Wine,1,Logistic Regression,Raw,Gaussian noise,1.0,0.4878596421366019,36,0.7222222222222222,0.8985316136253599,0.17630939140313773,0.21567708072068062,0.4092711901119736,0.7688887258245862,0.1135807839210711
Wine,1,Logistic Regression,Temperature scaled,Gaussian noise,1.0,0.4878596421366019,36,0.7222222222222222,0.9622922361840494,0.24007001396182714,0.2652128976801438,0.4903646137820762,1.3782876859989932,0.1135807839210711
Wine,1,Logistic Regression,Raw,Gaussian noise,1.5,0.4878596421366019,36,0.6944444444444444,0.9159710202324882,0.2215265757880438,0.232447060928334,0.4663760022444668,0.9075160720575401,0.0788803864437839
Wine,1,Logistic Regression,Temperature scaled,Gaussian noise,1.5,0.4878596421366019,36,0.6944444444444444,0.9512446007319093,0.2568001562874649,0.28380169637399555,0.5388227127444731,1.7074736657284657,0.07781201037540783
Wine,1,Logistic Regression,Raw,Gaussian noise,2.0,0.4878596421366019,36,0.6666666666666666,0.9118485738452402,0.24518190717857358,0.2687463036509721,0.5403441113317109,1.325813748764028,0.15262490071312
Wine,1,Logistic Regression,Temperature scaled,Gaussian noise,2.0,0.4878596421366019,36,0.6666666666666666,0.9640416488928771,0.2973749822262105,0.29737498222621067,0.6083260602108215,2.5459747673458253,0.14734103206119578
Wine,1,Logistic Regression,Raw,Feature masking,0.0,0.4878596421366019,36,1.0,0.9422081557988695,-0.05779184420113048,0.05779184420113066,0.021141501387184593,0.06504851825125829,0.0
Wine,1,Logistic Regression,Temperature scaled,Feature masking,0.0,0.4878596421366019,36,1.0,0.9843369682750315,-0.015663031724968524,0.0156630317249684,0.005134465393251919,0.017253196585898523,0.0
Wine,1,Logistic Regression,Raw,Feature masking,0.1,0.4878596421366019,36,0.9722222222222222,0.9181508493790029,-0.05407137284321928,0.062011339116826415,0.04694349623174002,0.10369774738078485,0.0003858024691358026
Wine,1,Logistic Regression,Temperature scaled,Feature masking,0.1,0.4878596421366019,36,0.9722222222222222,0.9681346929758329,-0.004087529246389332,0.04006142647195327,0.030625644730874646,0.05326873246079525,0.0003858024691358026
Wine,1,Logistic Regression,Raw,Feature masking,0.2,0.4878596421366019,36,0.9722222222222222,0.9210869819508469,-0.05113524027137528,0.07747693962839652,0.043902092691791364,0.1053837360424865,0.0003858024691358026
Wine,1,Logistic Regression,Temperature scaled,Feature masking,0.2,0.4878596421366019,36,0.9722222222222222,0.9728054888585181,0.0005832666362959316,0.03379063477063694,0.03125624483324967,0.05596219272689388,0.0003858024691358026
Wine,1,Logistic Regression,Raw,Feature masking,0.3,0.4878596421366019,36,0.8611111111111112,0.8307859572123181,-0.03032515389879309,0.0881733750910218,0.1824433457076112,0.28970174366426055,0.02741637193777871
Wine,1,Logistic Regression,Temperature scaled,Feature masking,0.3,0.4878596421366019,36,0.8611111111111112,0.9037726198660258,0.04266150875491459,0.08858986480793885,0.19763287024626827,0.2778251171022602,0.026347995869402646
Wine,1,Logistic Regression,Raw,Feature masking,0.4,0.4878596421366019,36,0.8333333333333334,0.8506009271736455,0.01726759384031218,0.0747454679154723,0.23305647175555042,0.3883015492554178,0.049942655733265964
Wine,1,Logistic Regression,Temperature scaled,Feature masking,0.4,0.4878596421366019,36,0.8333333333333334,0.9397997723231861,0.10646643898985275,0.136461124918743,0.2675786012158816,0.49382385638319387,0.04880814209875234
Wine,1,Logistic Regression,Raw,Feature masking,0.5,0.4878596421366019,36,0.9166666666666666,0.8305124915223918,-0.08615417514427481,0.103406774756311,0.13667852792423285,0.2520401751666283,0.013030541496606735
Wine,1,Logistic Regression,Temperature scaled,Feature masking,0.5,0.4878596421366019,36,0.9166666666666666,0.92315649829607,0.00648983162940342,0.07517959930578154,0.12273752265953765,0.18764717341763842,0.013030541496606735
Wine,1,Random Forest,Raw,Gaussian noise,0.0,0.04978737775118086,36,1.0,0.8662403439152156,-0.13375965608478435,0.13375965608478424,0.05569078236710886,0.15440566828908364,0.0
Wine,1,Random Forest,Temperature scaled,Gaussian noise,0.0,0.04978737775118086,36,1.0,0.9999550681504596,-4.4931849540352786e-05,4.4931849540352786e-05,1.27404619786038e-07,4.496373265973492e-05,0.0
Wine,1,Random Forest,Raw,Gaussian noise,0.25,0.04978737775118086,36,0.9722222222222222,0.8464088624337899,-0.12581335978843233,0.15020595238102505,0.07032618152054766,0.18154142405459908,0.0003858024691358026
Wine,1,Random Forest,Temperature scaled,Gaussian noise,0.25,0.04978737775118086,36,0.9722222222222222,0.9923376860345721,0.020115463812349854,0.020115575306097328,0.02913365715841285,0.03577587780299963,0.0003858024691358026
Wine,1,Random Forest,Raw,Gaussian noise,0.5,0.04978737775118086,36,0.9444444444444444,0.7901206349205366,-0.15432380952390778,0.16740158730168553,0.149862463446727,0.2968692023550792,0.015048031662629862
Wine,1,Random Forest,Temperature scaled,Gaussian noise,0.5,0.04978737775118086,36,0.9444444444444444,0.9972353831407383,0.05279093869629392,0.058043087540170395,0.11131433644996792,0.8589313366233982,0.011865901322571136
Wine,1,Random Forest,Raw,Gaussian noise,1.0,0.04978737775118086,36,0.75,0.6340445767195624,-0.11595542328043762,0.14156071428572864,0.3782776988322005,0.6238813240386639,0.15244812041662453
Wine,1,Random Forest,Temperature scaled,Gaussian noise,1.0,0.04978737775118086,36,0.75,0.982985168243534,0.232985168243534,0.2554253031265821,0.4847680796920952,2.519108397683195,0.15283091746875327
Wine,1,Random Forest,Raw,Gaussian noise,1.5,0.04978737775118086,36,0.6388888888888888,0.6637908730158496,0.024901984126960763,0.11627923280425614,0.38817532961577833,0.6330824205152733,0.14738535570689076
Wine,1,Random Forest,Temperature scaled,Gaussian noise,1.5,0.04978737775118086,36,0.6388888888888888,0.9839391808998893,0.34505029201100046,0.3450502920110005,0.6711400595179191,3.9043014362729926,0.1426614015512513
Wine,1,Random Forest,Raw,Gaussian noise,2.0,0.04978737775118086,36,0.6666666666666666,0.594283597883598,-0.07238306878306866,0.18056349206349206,0.4341291038397581,0.7310358966798871,0.1578540384285664
Wine,1,Random Forest,Temperature scaled,Gaussian noise,2.0,0.04978737775118086,36,0.6666666666666666,0.9758185664789418,0.3091518998122752,0.3347145593364982,0.64841210508867,3.797844307453474,0.16899763634039175
Wine,1,Random Forest,Raw,Feature masking,0.0,0.04978737775118086,36,1.0,0.8662403439152156,-0.13375965608478435,0.13375965608478424,0.05569078236710886,0.15440566828908364,0.0
Wine,1,Random Forest,Temperature scaled,Feature masking,0.0,0.04978737775118086,36,1.0,0.9999550681504596,-4.4931849540352786e-05,4.4931849540352786e-05,1.2740461978603754e-07,4.496373265973492e-05,0.0
Wine,1,Random Forest,Raw,Feature masking,0.1,0.04978737775118086,36,1.0,0.8243066137565336,-0.17569338624346642,0.17569338624346628,0.09127635874024215,0.2110729783645459,0.0
Wine,1,Random Forest,Temperature scaled,Feature masking,0.1,0.04978737775118086,36,1.0,0.9932826579007329,-0.00671734209926711,0.006717342099267026,0.003188887540172239,0.007670255127731903,0.0
Wine,1,Random Forest,Raw,Feature masking,0.2,0.04978737775118086,36,0.9722222222222222,0.8128759259258983,-0.1593462962963239,0.17959444444447206,0.09358034913832225,0.23332336167141646,0.0003858024691358026
Wine,1,Random Forest,Temperature scaled,Feature masking,0.2,0.04978737775118086,36,0.9722222222222222,0.9882770011864758,0.016054778964253558,0.021350106903378324,0.043505070975087566,0.15255933332817861,0.0003858024691358026
Wine,1,Random Forest,Raw,Feature masking,0.3,0.04978737775118086,36,0.8611111111111112,0.7141101851851577,-0.14700092592595349,0.22997870370373136,0.20538851205593373,0.3944196878125533,0.015350993634121403
Wine,1,Random Forest,Temperature scaled,Feature masking,0.3,0.04978737775118086,36,0.8611111111111112,0.9953888419793837,0.13427773086827255,0.1342777308682726,0.2607768164090463,0.649577883299897,0.012796191980648021
Wine,1,Random Forest,Raw,Feature masking,0.4,0.04978737775118086,36,0.7777777777777778,0.6824691798941521,-0.09530859788362567,0.15047288359791133,0.29830513875535414,0.5240465545502765,0.06454051303602389
Wine,1,Random Forest,Temperature scaled,Feature masking,0.4,0.04978737775118086,36,0.7777777777777778,0.9971489311234794,0.21937115334570156,0.21937115334570156,0.4340261323465803,2.3531611291853434,0.06393846517925952
Wine,1,Random Forest,Raw,Feature masking,0.5,0.04978737775118086,36,0.8888888888888888,0.6660161375661376,-0.2228727513227512,0.23557460317460316,0.2781183987767699,0.5050006634453132,0.06936958827995125
Wine,1,Random Forest,Temperature scaled,Feature masking,0.5,0.04978737775118086,36,0.8888888888888888,0.9884651894021759,0.09957630051328703,0.11452815259176641,0.21373958615455868,1.5263831333801572,0.06250079995955002
Wine,1,Gradient Boosting,Raw,Gaussian noise,0.0,0.06939825239273328,36,1.0,0.9677564615982597,-0.032243538401740324,0.03224353840174031,0.0132454700678616,0.03756442733798665,0.0
Wine,1,Gradient Boosting,Temperature scaled,Gaussian noise,0.0,0.06939825239273328,36,1.0,0.9999964021742785,-3.597825721457504e-06,3.597825721457504e-06,9.319488451729248e-10,3.598058731090855e-06,0.0
Wine,1,Gradient Boosting,Raw,Gaussian noise,0.25,0.06939825239273328,36,0.9722222222222222,0.9573673910910361,-0.01485483113118613,0.04460756155624608,0.031739631062344904,0.06825300552176079,0.0003858024691358026
Wine,1,Gradient Boosting,Temperature scaled,Gaussian noise,0.25,0.06939825239273328,36,0.9722222222222222,0.9999983826834065,0.02777616046118425,0.02777616046118425,0.055549118718175396,0.27110028583285783,0.0003858024691358026
Wine,1,Gradient Boosting,Raw,Gaussian noise,0.5,0.06939825239273328,36,0.8611111111111112,0.9377327452835537,0.0766216341724425,0.111859945540371,0.19964354953598112,0.33546123204041156,0.025510074495403247
Wine,1,Gradient Boosting,Temperature scaled,Gaussian noise,0.5,0.06939825239273328,36,0.8611111111111112,0.9921801042648711,0.13106899315375997,0.13106899315376014,0.2509061718827199,2.8215989706370967,0.06454534673448895
Wine,1,Gradient Boosting,Raw,Gaussian noise,1.0,0.06939825239273328,36,0.6111111111111112,0.8712029358190326,0.26009182470792147,0.2801361572895949,0.551432172561985,1.1471350030911198,0.22491816099436157
Wine,1,Gradient Boosting,Temperature scaled,Gaussian noise,1.0,0.06939825239273328,36,0.6111111111111112,0.9965376379425207,0.38542652683140954,0.38542652683140977,0.7667377272949859,7.2282769108778036,0.24827259802991758
Wine,1,Gradient Boosting,Raw,Gaussian noise,1.5,0.06939825239273328,36,0.6944444444444444,0.9059663720093644,0.21152192756491994,0.26343914305351457,0.5086860251186873,1.0959403283606415,0.22420350736159173
Wine,1,Gradient Boosting,Temperature scaled,Gaussian noise,1.5,0.06939825239273328,36,0.6944444444444444,0.9987112440286023,0.3042667995841579,0.3042667995841579,0.6111974621188936,6.765713805118855,0.1637764969541555
Wine,1,Gradient Boosting,Raw,Gaussian noise,2.0,0.06939825239273328,36,0.6111111111111112,0.850515722323351,0.23940461121223988,0.28309614664946603,0.6264091599684032,1.3264913848093094,0.2609311019143194
Wine,1,Gradient Boosting,Temperature scaled,Gaussian noise,2.0,0.06939825239273328,36,0.6111111111111112,0.9892072437349481,0.3780961326238369,0.378096132623837,0.7464964400514518,8.700398753552863,0.32185549819332937
Wine,1,Gradient Boosting,Raw,Feature masking,0.0,0.06939825239273328,36,1.0,0.9677564615982597,-0.032243538401740324,0.03224353840174031,0.0132454700678616,0.03756442733798665,0.0
Wine,1,Gradient Boosting,Temperature scaled,Feature masking,0.0,0.06939825239273328,36,1.0,0.9999964021742785,-3.597825721457504e-06,3.597825721457504e-06,9.319488451729248e-10,3.598058731090855e-06,0.0
Wine,1,Gradient Boosting,Raw,Feature masking,0.1,0.06939825239273328,36,0.9444444444444444,0.9487436375490635,0.004299193104619126,0.08339094216120341,0.08826669816048613,0.14939623055772097,0.0067076896605280534
Wine,1,Gradient Boosting,Temperature scaled,Feature masking,0.1,0.06939825239273328,36,0.9444444444444444,0.9999945464310396,0.05555010198659516,0.05555010198659516,0.11110369019396361,1.034582639833661,0.044729818958581254
Wine,1,Gradient Boosting,Raw,Feature masking,0.2,0.06939825239273328,36,0.9444444444444444,0.9761794035142854,0.03173495906984103,0.06472973222012376,0.09446295394741505,0.17118870451370685,0.003175899989625481
Wine,1,Gradient Boosting,Temperature scaled,Feature masking,0.2,0.06939825239273328,36,0.9444444444444444,0.9999999993337583,0.05555555488931385,0.05555555488931385,0.1111111111107778,1.5350567293289274,0.014231038198577574
Wine,1,Gradient Boosting,Raw,Feature masking,0.3,0.06939825239273328,36,0.8333333333333334,0.91187336008232,0.07854002674898664,0.13962260040020244,0.23294128854236515,0.38571017065904356,0.03088921154156128
Wine,1,Gradient Boosting,Temperature scaled,Feature masking,0.3,0.06939825239273328,36,0.8333333333333334,0.9990728371524793,0.16573950381914593,0.16573950381914593,0.33080346773332236,3.3596722219809156,0.06620287847535501
Wine,1,Gradient Boosting,Raw,Feature masking,0.4,0.06939825239273328,36,0.75,0.8799204187600447,0.12992041876004468,0.16406134454177465,0.36849995489000853,0.6758765850517648,0.08893172090854169
Wine,1,Gradient Boosting,Temperature scaled,Feature masking,0.4,0.06939825239273328,36,0.75,0.9813951543142534,0.2313951543142534,0.2560921166322096,0.48928116288601703,4.913072112004538,0.1180333048939913
Wine,1,Gradient Boosting,Raw,Feature masking,0.5,0.06939825239273328,36,0.8333333333333334,0.8851788638300467,0.051845530496713366,0.08225879139992238,0.2570175838378742,0.44083371647714253,0.05220244399697935
Wine,1,Gradient Boosting,Temperature scaled,Feature masking,0.5,0.06939825239273328,36,0.8333333333333334,0.9947341742187665,0.16140084088543316,0.17045825932067202,0.33278286343799834,3.2507999616090424,0.06437127255167746
Wine,2,Logistic Regression,Raw,Gaussian noise,0.0,0.049787320548964786,36,0.9722222222222222,0.9411905434611243,-0.031031678761097914,0.05390763502396391,0.030143971633294735,0.07603988881011176,0.0003858024691358026
Wine,2,Logistic Regression,Temperature scaled,Gaussian noise,0.0,0.049787320548964786,36,0.9722222222222222,0.9993218386993851,0.027099616477162858,0.027099616477162858,0.052877675389016596,0.10316250571605387,0.0003858024691358026
Wine,2,Logistic Regression,Raw,Gaussian noise,0.25,0.049787320548964786,36,0.9722222222222222,0.9336891356246192,-0.03853308659760302,0.07728906133603923,0.05260939702216667,0.1020218829670633,0.0019964467268388845
Wine,2,Logistic Regression,Temperature scaled,Gaussian noise,0.25,0.049787320548964786,36,0.9722222222222222,0.9998587176388362,0.02763649541661395,0.02763649541661395,0.05555698225553302,0.4690029273402118,0.0019964467268388845
Wine,2,Logistic Regression,Raw,Gaussian noise,0.5,0.049787320548964786,36,1.0,0.9315788289303383,-0.06842117106966172,0.06842117106966164,0.03465140631736299,0.08247728211352667,0.0
Wine,2,Logistic Regression,Temperature scaled,Gaussian noise,0.5,0.049787320548964786,36,1.0,0.9999616950028352,-3.8304997164839705e-05,3.8304997164839705e-05,5.444092391655122e-08,3.831861423255093e-05,0.0
Wine,2,Logistic Regression,Raw,Gaussian noise,1.0,0.049787320548964786,36,0.7777777777777778,0.9022989984381335,0.12452122066035576,0.18911577902717258,0.3029350917031767,0.45523897975819927,0.053849719410277906
Wine,2,Logistic Regression,Temperature scaled,Gaussian noise,1.0,0.049787320548964786,36,0.7777777777777778,0.9884958995782382,0.21071812180046046,0.22586988193729007,0.433974543107728,4.525538725773791,0.20851419111633587
Wine,2,Logistic Regression,Raw,Gaussian noise,1.5,0.049787320548964786,36,0.6944444444444444,0.8764716700030285,0.18202722555858408,0.22363298442673157,0.47870413245196136,1.1272986873687652,0.17180209546560749
Wine,2,Logistic Regression,Temperature scaled,Gaussian noise,1.5,0.049787320548964786,36,0.6944444444444444,0.993143607093661,0.2986991626492166,0.3112622577987245,0.6117336131548082,6.7028317951865155,0.28411839636974423
Wine,2,Logistic Regression,Raw,Gaussian noise,2.0,0.049787320548964786,36,0.6666666666666666,0.9257934538864707,0.2591267872198041,0.2979891177627729,0.5483106562986985,1.179273869530659,0.15138572931439032
Wine,2,Logistic Regression,Temperature scaled,Gaussian noise,2.0,0.049787320548964786,36,0.6666666666666666,0.9942883719792507,0.32762170531258406,0.32762170531258356,0.6449946651932918,7.801668039314908,0.3665952649231627
Wine,2,Logistic Regression,Raw,Feature masking,0.0,0.049787320548964786,36,0.9722222222222222,0.9411905434611243,-0.031031678761097914,0.05390763502396391,0.030143971633294735,0.07603988881011176,0.0003858024691358026
Wine,2,Logistic Regression,Temperature scaled,Feature masking,0.0,0.049787320548964786,36,0.9722222222222222,0.9993218386993851,0.027099616477162858,0.027099616477162858,0.052877675389016596,0.10316250571605387,0.0003858024691358026
Wine,2,Logistic Regression,Raw,Feature masking,0.1,0.049787320548964786,36,0.9722222222222222,0.927786819764757,-0.044435402457465245,0.06731135872033095,0.04110461371698223,0.09410141033775725,0.0003858024691358026
Wine,2,Logistic Regression,Temperature scaled,Feature masking,0.1,0.049787320548964786,36,0.9722222222222222,0.9990069110886404,0.02678468886641816,0.02678468886641816,0.0528848160726918,0.10347923210606441,0.0003858024691358026
Wine,2,Logistic Regression,Raw,Feature masking,0.2,0.049787320548964786,36,0.9722222222222222,0.9139255046218828,-0.05829671760033939,0.08356170464214822,0.04773469180810074,0.11158005138288053,0.0003858024691358026
Wine,2,Logistic Regression,Temperature scaled,Feature masking,0.2,0.049787320548964786,36,0.9722222222222222,0.9999404955779553,0.02771827335573307,0.02771827335573307,0.05532577275688921,0.17167317521796935,0.0003858024691358026
Wine,2,Logistic Regression,Raw,Feature masking,0.3,0.049787320548964786,36,0.8888888888888888,0.861501527499366,-0.027387361389522802,0.09389153841849103,0.14531137033594235,0.2536989911716365,0.013416343965742537
Wine,2,Logistic Regression,Temperature scaled,Feature masking,0.3,0.049787320548964786,36,0.8888888888888888,0.9989238894419449,0.11003500055305604,0.11003500055305604,0.21802301612854202,1.7564058183702054,0.01700244014256452
Wine,2,Logistic Regression,Raw,Feature masking,0.4,0.049787320548964786,36,0.8333333333333334,0.7814803716795953,-0.051852961653738094,0.09902253590534228,0.20883263773086275,0.3759962454655318,0.02492633058279483
Wine,2,Logistic Regression,Temperature scaled,Feature masking,0.4,0.049787320548964786,36,0.8333333333333334,0.9810796089648623,0.14774627563152898,0.17276450371467367,0.32609352048872586,1.7886154545343638,0.02482392402877537
Wine,2,Logistic Regression,Raw,Feature masking,0.5,0.049787320548964786,36,0.8611111111111112,0.7987981346440057,-0.06231297646710543,0.14512197446387823,0.21613702865396378,0.3819091664152938,0.05044502067862586
Wine,2,Logistic Regression,Temperature scaled,Feature masking,0.5,0.049787320548964786,36,0.8611111111111112,0.9944930143878944,0.13338190327678323,0.13338190327678337,0.25798435343093407,2.0879254571915467,0.04498285756940393
Wine,2,Random Forest,Raw,Gaussian noise,0.0,0.04978728204601069,36,1.0,0.8095068783067684,-0.19049312169323163,0.19049312169323154,0.09434095346435113,0.22948586970093002,0.0
Wine,2,Random Forest,Temperature scaled,Gaussian noise,0.0,0.04978728204601069,36,1.0,0.9987502592222124,-0.0012497407777876113,0.0012497407777876113,0.00011159951755137135,0.001278503358422594,0.0
Wine,2,Random Forest,Raw,Gaussian noise,0.25,0.04978728204601069,36,0.9166666666666666,0.7947997354496308,-0.12186693121703585,0.12334576719587195,0.1474429131720927,0.2934382883167387,0.012188790654855891
Wine,2,Random Forest,Temperature scaled,Gaussian noise,0.25,0.04978728204601069,36,0.9166666666666666,0.9972217025685607,0.08055503590189406,0.08607973039265095,0.167153345184776,0.8834235177539954,0.006014097558215208
Wine,2,Random Forest,Raw,Gaussian noise,0.5,0.04978728204601069,36,0.8888888888888888,0.7593152116401931,-0.12957367724869573,0.1391966931216745,0.1798735094393927,0.34546810070433476,0.019209115213958107
Wine,2,Random Forest,Temperature scaled,Gaussian noise,0.5,0.04978728204601069,36,0.8888888888888888,0.9942237703823206,0.10533488149343173,0.10533488149343159,0.2040760562340382,1.0117072456335319,0.013645720499673145
Wine,2,Random Forest,Raw,Gaussian noise,1.0,0.04978728204601069,36,0.8611111111111112,0.6818558201058201,-0.17925529100529103,0.21272407407407398,0.29341990624842534,0.5297463579402956,0.0812908220853911
Wine,2,Random Forest,Temperature scaled,Gaussian noise,1.0,0.04978728204601069,36,0.8611111111111112,0.9884349748301252,0.12732386371901405,0.1273238637190141,0.24433809724584898,2.0158113382292577,0.09052596844016285
Wine,2,Random Forest,Raw,Gaussian noise,1.5,0.04978728204601069,36,0.6944444444444444,0.6071357142856877,-0.08730873015875673,0.1482949735450001,0.4273934862118944,0.7334539828586949,0.1332236767418535
Wine,2,Random Forest,Temperature scaled,Gaussian noise,1.5,0.04978728204601069,36,0.6944444444444444,0.9856171217670047,0.29117267732256025,0.2911726773225603,0.5857627915249416,4.142238049348233,0.1341853158410347
Wine,2,Random Forest,Raw,Gaussian noise,2.0,0.04978728204601069,36,0.5,0.5583080687830688,0.05830806878306882,0.1332638888888889,0.5497080214600655,0.8940960284994637,0.3211490659896385
Wine,2,Random Forest,Temperature scaled,Gaussian noise,2.0,0.04978728204601069,36,0.5,0.9884692715111638,0.4884692715111638,0.4884692715111637,0.9815896378765095,5.701523390442499,0.34654740310576365
Wine,2,Random Forest,Raw,Feature masking,0.0,0.04978728204601069,36,1.0,0.8095068783067684,-0.19049312169323163,0.19049312169323154,0.09434095346435113,0.22948586970093,0.0
Wine,2,Random Forest,Temperature scaled,Feature masking,0.0,0.04978728204601069,36,1.0,0.9987502592222124,-0.0012497407777876113,0.0012497407777876113,0.00011159951755137135,0.001278503358422594,0.0
Wine,2,Random Forest,Raw,Feature masking,0.1,0.04978728204601069,36,1.0,0.7870568783067959,-0.21294312169320406,0.21294312169320412,0.11000392770975231,0.25849403560108764,0.0
Wine,2,Random Forest,Temperature scaled,Feature masking,0.1,0.04978728204601069,36,1.0,0.9994009765923207,-0.0005990234076792555,0.0005990234076792555,2.2732881501897462e-05,0.0006047842202249044,0.0
Wine,2,Random Forest,Raw,Feature masking,0.2,0.04978728204601069,36,1.0,0.7315132275132276,-0.26848677248677244,0.2684867724867725,0.15277071348954396,0.33581113345526886,0.0
Wine,2,Random Forest,Temperature scaled,Feature masking,0.2,0.04978728204601069,36,1.0,0.9813441885186351,-0.01865581148136486,0.01865581148136485,0.010219155592411398,0.02198009535374711,0.0
Wine,2,Random Forest,Raw,Feature masking,0.3,0.04978728204601069,36,0.8888888888888888,0.6955,-0.19338888888888883,0.19338888888888894,0.25078500017636685,0.4677923176302754,0.029108865598249777
Wine,2,Random Forest,Temperature scaled,Feature masking,0.3,0.04978728204601069,36,0.8888888888888888,0.9761148830968663,0.0872259942079775,0.13015016891876094,0.23893426822062683,1.5337366945470574,0.029253003631407013
Wine,2,Random Forest,Raw,Feature masking,0.4,0.04978728204601069,36,0.8333333333333334,0.6544082010582011,-0.1789251322751323,0.22792407407407408,0.29243785593348454,0.5480382765104026,0.020178340132189998
Wine,2,Random Forest,Temperature scaled,Feature masking,0.4,0.04978728204601069,36,0.8333333333333334,0.9937305941250751,0.16039726079174177,0.16039726079174182,0.31819774798082523,1.8405908305127885,0.021392951711520097
Wine,2,Random Forest,Raw,Feature masking,0.5,0.04978728204601069,36,0.6944444444444444,0.620771164021164,-0.07367328042328047,0.3103150793650794,0.3439710073570169,0.6063008132085529,0.06097324428277667
Wine,2,Random Forest,Temperature scaled,Feature masking,0.5,0.04978728204601069,36,0.6944444444444444,0.971461353691454,0.2770169092470096,0.2948622911087265,0.5509637606145484,2.144854945540967,0.0852009520878128
Wine,2,Gradient Boosting,Raw,Gaussian noise,0.0,0.6930902404667282,36,0.9444444444444444,0.9322760556058957,-0.01216838883854876,0.08236261086288998,0.07585302267044888,0.13837464567170096,0.004017650831376323
Wine,2,Gradient Boosting,Temperature scaled,Gaussian noise,0.0,0.6930902404667282,36,0.9444444444444444,0.9586129608439925,0.014168516399548081,0.06743388697890226,0.07848565838517947,0.13067579067669352,0.004017650831376323
Wine,2,Gradient Boosting,Raw,Gaussian noise,0.25,0.6930902404667282,36,0.8888888888888888,0.9534648068388036,0.0645759179499148,0.06852431396651947,0.14841981560395143,0.23728463790187584,0.009931689698253582
Wine,2,Gradient Boosting,Temperature scaled,Gaussian noise,0.25,0.6930902404667282,36,0.8888888888888888,0.9726335061365755,0.08374461724768667,0.08374461724768699,0.1691241011427953,0.2942005052470963,0.01074868316230587
Wine,2,Gradient Boosting,Raw,Gaussian noise,0.5,0.6930902404667282,36,0.8611111111111112,0.9289383927449096,0.06782728163379848,0.10399042725757257,0.21238876297957163,0.4073244940009501,0.04090644223632723
Wine,2,Gradient Boosting,Temperature scaled,Gaussian noise,0.5,0.6930902404667282,36,0.8611111111111112,0.9540762219657043,0.09296511085459314,0.1351625622031581,0.23309129856130623,0.5175765241058552,0.04090644223632723
Wine,2,Gradient Boosting,Raw,Gaussian noise,1.0,0.6930902404667282,36,0.8611111111111112,0.9118506992222317,0.05073958811112056,0.12151839827895847,0.25220044465338787,0.5048453093718434,0.0523846178612786
Wine,2,Gradient Boosting,Temperature scaled,Gaussian noise,1.0,0.6930902404667282,36,0.8611111111111112,0.939258460753199,0.0781473496420878,0.10105868863548667,0.26429446081978947,0.6483206586609263,0.05533836346208301
Wine,2,Gradient Boosting,Raw,Gaussian noise,1.5,0.6930902404667282,36,0.6111111111111112,0.8825600017060506,0.2714488905949395,0.3396516715396179,0.6517452431507968,1.5187867000489574,0.24813721139060507
Wine,2,Gradient Boosting,Temperature scaled,Gaussian noise,1.5,0.6930902404667282,36,0.6111111111111112,0.9221284868283794,0.3110173757172683,0.36228078519741047,0.6845338691543862,2.080728320125149,0.2544511500095309
Wine,2,Gradient Boosting,Raw,Gaussian noise,2.0,0.6930902404667282,36,0.4444444444444444,0.8247837187595853,0.3803392743151409,0.3803392743151409,0.8210431703593197,1.7618328884352565,0.38724932817128443
Wine,2,Gradient Boosting,Temperature scaled,Gaussian noise,2.0,0.6930902404667282,36,0.4444444444444444,0.8672529510820078,0.4228085066375634,0.4228085066375632,0.8846776847848011,2.391044672113479,0.38960088607839793
Wine,2,Gradient Boosting,Raw,Feature masking,0.0,0.6930902404667282,36,0.9444444444444444,0.9322760556058957,-0.01216838883854876,0.08236261086288998,0.07585302267044888,0.13837464567170096,0.004017650831376323
Wine,2,Gradient Boosting,Temperature scaled,Feature masking,0.0,0.6930902404667282,36,0.9444444444444444,0.9586129608439925,0.014168516399548081,0.06743388697890226,0.07848565838517947,0.13067579067669352,0.004017650831376323
Wine,2,Gradient Boosting,Raw,Feature masking,0.1,0.6930902404667282,36,0.9166666666666666,0.9135584125441878,-0.0031082541224788374,0.07420663240962058,0.09638926454236814,0.16919076732411586,0.006088502320119968
Wine,2,Gradient Boosting,Temperature scaled,Feature masking,0.1,0.6930902404667282,36,0.9166666666666666,0.9416095413343576,0.024942874667690962,0.07611981511211076,0.09961625555264342,0.16101737968785992,0.006088502320119968
Wine,2,Gradient Boosting,Raw,Feature masking,0.2,0.6930902404667282,36,0.8888888888888888,0.9169192165806676,0.02803032769177871,0.07650033765517293,0.14053679493368432,0.23791860541090903,0.009931689698253582
Wine,2,Gradient Boosting,Temperature scaled,Feature masking,0.2,0.6930902404667282,36,0.8888888888888888,0.9507765163658826,0.06188762747699372,0.07084425920849242,0.1544221989657269,0.2567924241306806,0.010889544104383852
Wine,2,Gradient Boosting,Raw,Feature masking,0.3,0.6930902404667282,36,0.7222222222222222,0.8854963604242656,0.1632741382020434,0.2423986814284721,0.3961144149161043,0.6947941159080442,0.08185295699038606
Wine,2,Gradient Boosting,Temperature scaled,Feature masking,0.3,0.6930902404667282,36,0.7222222222222222,0.9193927220101147,0.19717049978789247,0.25098396536255024,0.4338084919514649,0.8942539078816272,0.08185295699038606
Wine,2,Gradient Boosting,Raw,Feature masking,0.4,0.6930902404667282,36,0.7777777777777778,0.8417945595572477,0.0640167817794699,0.12247839245773014,0.25664242608083127,0.40712414224630655,0.04607079772393492
Wine,2,Gradient Boosting,Temperature scaled,Feature masking,0.4,0.6930902404667282,36,0.7777777777777778,0.8864462449893924,0.1086684672116146,0.1467926771083993,0.28709613188254746,0.4364668873858496,0.04591004669512834
Wine,2,Gradient Boosting,Raw,Feature masking,0.5,0.6930902404667282,36,0.6388888888888888,0.8205076239145366,0.18161873502564774,0.2835824916254211,0.5665213907649911,0.9573459213232494,0.19288841314714777
Wine,2,Gradient Boosting,Temperature scaled,Feature masking,0.5,0.6930902404667282,36,0.6388888888888888,0.8779233403428133,0.23903445145392443,0.32141681826445045,0.6227462077120841,1.2067681766547453,0.19733947134820598
Wine,3,Logistic Regression,Raw,Gaussian noise,0.0,0.04978724609789495,36,1.0,0.9583607341548045,-0.041639265845195506,0.04163926584519552,0.014756302449527232,0.04629710637649743,0.0
Wine,3,Logistic Regression,Temperature scaled,Gaussian noise,0.0,0.04978724609789495,36,1.0,0.9999997045340877,-2.954659122922365e-07,2.954659122922365e-07,6.28552425773203e-12,2.9546748368459163e-07,0.0
Wine,3,Logistic Regression,Raw,Gaussian noise,0.25,0.04978724609789495,36,1.0,0.9582109279328422,-0.04178907206715776,0.041789072067158047,0.01171319169614987,0.04525055759123695,0.0
Wine,3,Logistic Regression,Temperature scaled,Gaussian noise,0.25,0.04978724609789495,36,1.0,0.999999999994543,-5.4569682106375694e-12,5.4569682106375694e-12,8.657054001249045e-22,5.457036057818839e-12,0.0
Wine,3,Logistic Regression,Raw,Gaussian noise,0.5,0.04978724609789495,36,0.9444444444444444,0.9341330177268655,-0.010311426717578898,0.06081195905156491,0.09233699275055135,0.1542344353147928,0.007665544066658323
Wine,3,Logistic Regression,Temperature scaled,Gaussian noise,0.5,0.04978724609789495,36,0.9444444444444444,0.9999992465421429,0.055554802097698475,0.055554802097698475,0.11110879865835822,1.0669720386640398,0.0742933110220733
Wine,3,Logistic Regression,Raw,Gaussian noise,1.0,0.04978724609789495,36,0.9166666666666666,0.9226880117006184,0.006021345033951797,0.08232187084798832,0.12940010676682862,0.1990546044508647,0.011371797190803603
Wine,3,Logistic Regression,Temperature scaled,Gaussian noise,1.0,0.04978724609789495,36,0.9166666666666666,0.9908427368253062,0.07417607015863958,0.08511101790975012,0.15522451250930688,1.4053198526061188,0.026550742905730684
Wine,3,Logistic Regression,Raw,Gaussian noise,1.5,0.04978724609789495,36,0.8888888888888888,0.9020397860912426,0.01315089720235374,0.10587949346624842,0.21954123801221387,0.4199459132168041,0.02761503482541574
Wine,3,Logistic Regression,Temperature scaled,Gaussian noise,1.5,0.04978724609789495,36,0.8888888888888888,0.9999639933320866,0.11107510444319779,0.11107510444319779,0.22219643853509494,3.0701365599742325,0.04046765002258718
Wine,3,Logistic Regression,Raw,Gaussian noise,2.0,0.04978724609789495,36,0.6666666666666666,0.889443070765227,0.22277640409856037,0.31812950202377355,0.5835361478153476,1.6733653168340332,0.281412853654469
Wine,3,Logistic Regression,Temperature scaled,Gaussian noise,2.0,0.04978724609789495,36,0.6666666666666666,0.9978650020848607,0.3311983354181941,0.3311983354181941,0.6627348836431306,8.513929388493914,0.2926586304717206
Wine,3,Logistic Regression,Raw,Feature masking,0.0,0.04978724609789495,36,1.0,0.9583607341548045,-0.041639265845195506,0.04163926584519552,0.014756302449527232,0.04629710637649743,0.0
Wine,3,Logistic Regression,Temperature scaled,Feature masking,0.0,0.04978724609789495,36,1.0,0.9999997045340877,-2.954659122922365e-07,2.954659122922365e-07,6.28552425773203e-12,2.9546748368459163e-07,0.0
Wine,3,Logistic Regression,Raw,Feature masking,0.1,0.04978724609789495,36,1.0,0.9514487232135431,-0.048551276786456876,0.048551276786457015,0.01534866713325322,0.05340851063398065,0.0
Wine,3,Logistic Regression,Temperature scaled,Feature masking,0.1,0.04978724609789495,36,1.0,0.9999999478829211,-5.211707887475825e-08,5.211707887475825e-08,1.9551680965818558e-13,5.2117127929833164e-08,0.0
Wine,3,Logistic Regression,Raw,Feature masking,0.2,0.04978724609789495,36,1.0,0.9221710227786206,-0.07782897722137938,0.07782897722137919,0.03572622665524067,0.090023859777008,0.0
Wine,3,Logistic Regression,Temperature scaled,Feature masking,0.2,0.04978724609789495,36,1.0,0.9990562893906502,-0.0009437106093498349,0.0009437106093498349,6.410008479374815e-05,0.000960108022175584,0.0
Wine,3,Logistic Regression,Raw,Feature masking,0.3,0.04978724609789495,36,0.9722222222222222,0.9097707234588717,-0.062451498763350544,0.09332743536079346,0.049329752878726554,0.1165433536578857,0.0011794532627865965
Wine,3,Logistic Regression,Temperature scaled,Feature masking,0.3,0.04978724609789495,36,0.9722222222222222,0.9911413968737244,0.01891917465150217,0.03660903443250665,0.061133636584755756,0.22221914953527006,0.0011794532627865965
Wine,3,Logistic Regression,Raw,Feature masking,0.4,0.04978724609789495,36,0.9722222222222222,0.8858007394790869,-0.08642148274313532,0.08642148274313534,0.0666429217559698,0.14937601891154623,0.0011794532627865965
Wine,3,Logistic Regression,Temperature scaled,Feature masking,0.4,0.04978724609789495,36,0.9722222222222222,0.9999992915048558,0.02777706928263357,0.02777706928263357,0.05555495051329523,0.3366871487401349,0.0011794532627865965
Wine,3,Logistic Regression,Raw,Feature masking,0.5,0.04978724609789495,36,0.8611111111111112,0.7975656367196646,-0.06354547439144653,0.11415536517000757,0.2194506598121374,0.39127898556636953,0.041517381998157236
Wine,3,Logistic Regression,Temperature scaled,Feature masking,0.5,0.04978724609789495,36,0.8611111111111112,0.997995859988174,0.1368847488770628,0.1368847488770628,0.27257107415554505,2.2222772740834755,0.1150364735914444
Wine,3,Random Forest,Raw,Gaussian noise,0.0,0.26039308976080316,36,0.9722222222222222,0.8797229276894856,-0.09249929453273664,0.09416331569675768,0.05894920011142362,0.14328784927010474,0.0011794532627865965
Wine,3,Random Forest,Temperature scaled,Gaussian noise,0.0,0.26039308976080316,36,0.9722222222222222,0.9725025073918248,0.00028028516960254546,0.007606306644739321,0.029379871059916622,0.043489399733012475,0.0011794532627865965
Wine,3,Random Forest,Raw,Gaussian noise,0.25,0.26039308976080316,36,0.9722222222222222,0.8513639329805452,-0.12085828924167696,0.1258879188713066,0.07816289119229797,0.1814532330266772,0.0011794532627865965
Wine,3,Random Forest,Temperature scaled,Gaussian noise,0.25,0.26039308976080316,36,0.9722222222222222,0.9741657300815914,0.0019435078593691424,0.03812502683528674,0.03719571811826862,0.056207588730495396,0.0011794532627865965
Wine,3,Random Forest,Raw,Gaussian noise,0.5,0.26039308976080316,36,0.8611111111111112,0.7855552028217744,-0.07555590828933678,0.1317395061729347,0.17461451637413866,0.32449429142918274,0.020202763481776742
Wine,3,Random Forest,Temperature scaled,Gaussian noise,0.5,0.26039308976080316,36,0.8611111111111112,0.9473081833878756,0.08619707227676443,0.096172829161356,0.1782925180464891,0.27243647423026834,0.01375404638677829
Wine,3,Random Forest,Raw,Gaussian noise,1.0,0.26039308976080316,36,0.8888888888888888,0.6620544091710758,-0.226834479717813,0.226834479717813,0.2700370392111082,0.48754494738638127,0.04921688173096432
Wine,3,Random Forest,Temperature scaled,Gaussian noise,1.0,0.26039308976080316,36,0.8888888888888888,0.9003375188748576,0.011448629985968739,0.07978650177270077,0.1870353977190925,0.32655753701519846,0.04041932130557395
Wine,3,Random Forest,Raw,Gaussian noise,1.5,0.26039308976080316,36,0.7777777777777778,0.6347082010581756,-0.1430695767196022,0.18342671957674514,0.361360541386863,0.6199296580965313,0.13501750915867297
Wine,3,Random Forest,Temperature scaled,Gaussian noise,1.5,0.26039308976080316,36,0.7777777777777778,0.8562973964469345,0.07851961866915669,0.14988001878759177,0.3471622387385989,0.6909716243048405,0.1295809837946114
Wine,3,Random Forest,Raw,Gaussian noise,2.0,0.26039308976080316,36,0.5555555555555556,0.5464674603174603,-0.009088095238095284,0.13526058201058205,0.5616384855228018,0.9420832830692993,0.28331494497775916
Wine,3,Random Forest,Temperature scaled,Gaussian noise,2.0,0.26039308976080316,36,0.5555555555555556,0.7616332000917545,0.20607764453619892,0.3326624964416753,0.6653362658680086,1.497507481081085,0.2774486490245708
Wine,3,Random Forest,Raw,Feature masking,0.0,0.26039308976080316,36,0.9722222222222222,0.8797229276894856,-0.09249929453273664,0.09416331569675768,0.05894920011142362,0.14328784927010474,0.0011794532627865965
Wine,3,Random Forest,Temperature scaled,Feature masking,0.0,0.26039308976080316,36,0.9722222222222222,0.9725025073918248,0.00028028516960254546,0.007606306644739327,0.029379871059916622,0.04348939973301247,0.0011794532627865965
Wine,3,Random Forest,Raw,Feature masking,0.1,0.26039308976080316,36,0.9722222222222222,0.8243226631392756,-0.1478995590829466,0.14911913580252334,0.09221779346491116,0.21202319693089067,0.0003858024691358026
Wine,3,Random Forest,Temperature scaled,Feature masking,0.1,0.26039308976080316,36,0.9722222222222222,0.9651678917540075,-0.007054330468214687,0.036547825841635795,0.026630736495202822,0.04661163544176968,0.0003858024691358026
Wine,3,Random Forest,Raw,Feature masking,0.2,0.26039308976080316,36,0.9444444444444444,0.7825455026455026,-0.16189894179894182,0.1618989417989418,0.13505113431090957,0.2786608064570247,0.004834644295428611
Wine,3,Random Forest,Temperature scaled,Feature masking,0.2,0.26039308976080316,36,0.9444444444444444,0.9441319841600188,-0.0003124602844256641,0.05802059377344373,0.07119693133315391,0.10814271822817932,0.004017650831376323
Wine,3,Random Forest,Raw,Feature masking,0.3,0.26039308976080316,36,0.9722222222222222,0.7901525573192241,-0.18206966490299814,0.18206966490299825,0.13502035559474818,0.2904084248262293,0.01702585141005745
Wine,3,Random Forest,Temperature scaled,Feature masking,0.3,0.26039308976080316,36,0.9722222222222222,0.9768411810211304,0.004618958798908168,0.03502127407954816,0.06180212502815455,0.16521237083286466,0.013051584935790977
Wine,3,Random Forest,Raw,Feature masking,0.4,0.26039308976080316,36,0.9166666666666666,0.7559444444444445,-0.1607222222222221,0.1811994708994709,0.17975474742756362,0.36117676778304175,0.013409111199114344
Wine,3,Random Forest,Temperature scaled,Feature masking,0.4,0.26039308976080316,36,0.9166666666666666,0.9581193078278277,0.0414526411611611,0.06669294117689308,0.12838993249388167,0.26825599573336284,0.012251703791706939
Wine,3,Random Forest,Raw,Feature masking,0.5,0.26039308976080316,36,0.7777777777777778,0.6602188712522046,-0.11755890652557321,0.22772998236331568,0.3335165541283839,0.5859051280827463,0.07906943740293981
Wine,3,Random Forest,Temperature scaled,Feature masking,0.5,0.26039308976080316,36,0.7777777777777778,0.869182795333431,0.09140501755565322,0.1320015627457864,0.31913916902423145,0.6925681832535089,0.08391413847514403
Wine,3,Gradient Boosting,Raw,Gaussian noise,0.0,0.8642500137267646,36,1.0,0.9761817858841442,-0.02381821411585583,0.02381821411585594,0.012262525479448312,0.028198083846126036,0.0
Wine,3,Gradient Boosting,Temperature scaled,Gaussian noise,0.0,0.8642500137267646,36,1.0,0.9810814413076486,-0.018918558692351373,0.018918558692351154,0.011288734414964422,0.022955452783481836,0.0
Wine,3,Gradient Boosting,Raw,Gaussian noise,0.25,0.8642500137267646,36,0.9722222222222222,0.9706215055194407,-0.0016007167027815017,0.041937884250124124,0.061533402941414704,0.13852042785750351,0.007478154295935218
Wine,3,Gradient Boosting,Temperature scaled,Gaussian noise,0.25,0.8642500137267646,36,0.9722222222222222,0.9784426426874061,0.006220420465183896,0.038140866217301256,0.05996912117196762,0.14662565996969143,0.007478154295935218
Wine,3,Gradient Boosting,Raw,Gaussian noise,0.5,0.8642500137267646,36,0.8333333333333334,0.9660383156748031,0.13270498234146977,0.15556052771026638,0.30063323572921086,0.58781252180897,0.04336009892420847
Wine,3,Gradient Boosting,Temperature scaled,Gaussian noise,0.5,0.8642500137267646,36,0.8333333333333334,0.975174787171522,0.14184145383818858,0.15719706860414706,0.3094975271600079,0.6640562070315685,0.044201849765959325
Wine,3,Gradient Boosting,Raw,Gaussian noise,1.0,0.8642500137267646,36,0.8611111111111112,0.8929589376215029,0.03184782651039175,0.15700895543041246,0.2721802787955951,0.4726723187183024,0.07226462629502332
Wine,3,Gradient Boosting,Temperature scaled,Gaussian noise,1.0,0.8642500137267646,36,0.8611111111111112,0.9112620182270346,0.050150907115923404,0.15299718937470846,0.2749878741136436,0.5053457372270004,0.069933623964021
Wine,3,Gradient Boosting,Raw,Gaussian noise,1.5,0.8642500137267646,36,0.6388888888888888,0.8634743664626545,0.22458547757376568,0.22458547757376557,0.5075427616544845,1.028013900944706,0.1267339429383105
Wine,3,Gradient Boosting,Temperature scaled,Gaussian noise,1.5,0.8642500137267646,36,0.6388888888888888,0.8762767643072251,0.23738787541833628,0.23738787541833625,0.5257542979295945,1.145355874389731,0.12887069507506263
Wine,3,Gradient Boosting,Raw,Gaussian noise,2.0,0.8642500137267646,36,0.4166666666666667,0.8086925375462651,0.39202587087959845,0.3920258708795984,0.966746334970285,2.4213059741110894,0.5295532632011344
Wine,3,Gradient Boosting,Temperature scaled,Gaussian noise,2.0,0.8642500137267646,36,0.4166666666666667,0.8257124090337098,0.4090457423670431,0.4625960024406426,0.9839446158367221,2.739191146300866,0.5295532632011344
Wine,3,Gradient Boosting,Raw,Feature masking,0.0,0.8642500137267646,36,1.0,0.9761817858841442,-0.02381821411585583,0.02381821411585594,0.012262525479448312,0.028198083846126036,0.0
Wine,3,Gradient Boosting,Temperature scaled,Feature masking,0.0,0.8642500137267646,36,1.0,0.9810814413076486,-0.018918558692351373,0.018918558692351154,0.011288734414964422,0.022955452783481836,0.0
Wine,3,Gradient Boosting,Raw,Feature masking,0.1,0.8642500137267646,36,0.9722222222222222,0.9567130855775657,-0.015509136644656474,0.034946027489544465,0.04390678636368207,0.076003848889201,0.0011794532627865965
Wine,3,Gradient Boosting,Temperature scaled,Feature masking,0.1,0.8642500137267646,36,0.9722222222222222,0.9647836796329615,-0.007438542589260688,0.03139850205685396,0.044165231735981615,0.07045782752468216,0.0011794532627865965
Wine,3,Gradient Boosting,Raw,Feature masking,0.2,0.8642500137267646,36,0.9444444444444444,0.9535709016884858,0.009126457244041375,0.08311322808963367,0.1158770441007711,0.20377451319893725,0.009234489521886737
Wine,3,Gradient Boosting,Temperature scaled,Feature masking,0.2,0.8642500137267646,36,0.9444444444444444,0.9635143976443545,0.019069953199910117,0.0742428084337605,0.11750308643511048,0.21597378637619438,0.009234489521886737
Wine,3,Gradient Boosting,Raw,Feature masking,0.3,0.8642500137267646,36,0.8888888888888888,0.9411740857285644,0.052285196839675585,0.07324341061271447,0.16356585245957475,0.2532212587196724,0.015923045571115867
Wine,3,Gradient Boosting,Temperature scaled,Feature masking,0.3,0.8642500137267646,36,0.8888888888888888,0.9522648272992201,0.06337593841033129,0.08279856340959588,0.171042729918638,0.2689098833274344,0.015923045571115867
Wine,3,Gradient Boosting,Raw,Feature masking,0.4,0.8642500137267646,36,0.8055555555555556,0.9389852264182087,0.13342967086265312,0.13810749938558703,0.2829326658938126,0.5535801628037492,0.047725538512093324
Wine,3,Gradient Boosting,Temperature scaled,Feature masking,0.4,0.8642500137267646,36,0.8055555555555556,0.9493028393829981,0.1437472838274425,0.16184329456198487,0.29311808661539795,0.6164886272315433,0.047725538512093324
Wine,3,Gradient Boosting,Raw,Feature masking,0.5,0.8642500137267646,36,0.7777777777777778,0.8964761814894179,0.11869840371164009,0.13000481104235861,0.34343157716669015,0.7199672783512421,0.1107045089622542
Wine,3,Gradient Boosting,Temperature scaled,Feature masking,0.5,0.8642500137267646,36,0.7777777777777778,0.9158920294110258,0.13811425163324798,0.15559299549871292,0.3543831157707022,0.7904650426409491,0.11244062007336532
Wine,4,Logistic Regression,Raw,Gaussian noise,0.0,0.04978732741028491,36,0.9166666666666666,0.9216873569354124,0.005020690268745742,0.0652239510464095,0.07313603690324837,0.12594506700367103,0.0044034533005121255
Wine,4,Logistic Regression,Temperature scaled,Gaussian noise,0.0,0.04978732741028491,36,0.9166666666666666,0.9863517582293757,0.06968509156270908,0.06968509156270894,0.12531884343858232,0.5377507880371127,0.0044034533005121255
Wine,4,Logistic Regression,Raw,Gaussian noise,0.25,0.04978732741028491,36,0.9166666666666666,0.9236596742882237,0.006993007621557079,0.09068542239349708,0.1061744011505748,0.17748006933797317,0.006088502320119968
Wine,4,Logistic Regression,Temperature scaled,Gaussian noise,0.25,0.04978732741028491,36,0.9166666666666666,0.9999980946529775,0.08333142798631088,0.08333142798631088,0.1666628565970031,1.7826437418411014,0.005220446764564414
Wine,4,Logistic Regression,Raw,Gaussian noise,0.5,0.04978732741028491,36,0.9444444444444444,0.9305594946537428,-0.01388494979070165,0.07517006895293037,0.07171214542624822,0.14469945862889283,0.0023822491959746873
Wine,4,Logistic Regression,Temperature scaled,Gaussian noise,0.5,0.04978732741028491,36,0.9444444444444444,0.9939236040924813,0.04947915964803684,0.049479159648036605,0.0899013584937171,0.8105283404107569,0.0023822491959746873
Wine,4,Logistic Regression,Raw,Gaussian noise,1.0,0.04978732741028491,36,0.8611111111111112,0.9123778898703241,0.05126677875921293,0.09775387935451606,0.20467505746246395,0.3197780311864824,0.02663116786932656
Wine,4,Logistic Regression,Temperature scaled,Gaussian noise,1.0,0.04978732741028491,36,0.8611111111111112,0.9999797396833886,0.13886862857227744,0.13886862857227744,0.2777018839726223,2.771742185776049,0.07231693981446755
Wine,4,Logistic Regression,Raw,Gaussian noise,1.5,0.04978732741028491,36,0.8333333333333334,0.8939738634434659,0.060640530110132485,0.18345052755453273,0.29858350754516266,0.5671499831436878,0.07488255479036914
Wine,4,Logistic Regression,Temperature scaled,Gaussian noise,1.5,0.04978732741028491,36,0.8333333333333334,0.998169345241137,0.16483601190780361,0.16483601190780361,0.3335524724140503,4.079864376230972,0.1596379253513289
Wine,4,Logistic Regression,Raw,Gaussian noise,2.0,0.04978732741028491,36,0.6388888888888888,0.9186463918073456,0.2797575029184568,0.35665260085375416,0.6698234599705345,1.9504888368056923,0.2668097192684533
Wine,4,Logistic Regression,Temperature scaled,Gaussian noise,2.0,0.04978732741028491,36,0.6388888888888888,0.9981278860102947,0.35923899712140583,0.35923899712140583,0.7223500246096313,9.43697453234609,0.3827785113297664
Wine,4,Logistic Regression,Raw,Feature masking,0.0,0.04978732741028491,36,0.9166666666666666,0.9216873569354124,0.005020690268745742,0.0652239510464095,0.07313603690324837,0.12594506700367103,0.0044034533005121255
Wine,4,Logistic Regression,Temperature scaled,Feature masking,0.0,0.04978732741028491,36,0.9166666666666666,0.9863517582293757,0.06968509156270908,0.06968509156270894,0.12531884343858232,0.5377507880371127,0.0044034533005121255
Wine,4,Logistic Regression,Raw,Feature masking,0.1,0.04978732741028491,36,0.9444444444444444,0.9155001490683107,-0.028944295376133744,0.08777751230702005,0.0714459625822827,0.13532337017935817,0.0032240000377255296
Wine,4,Logistic Regression,Temperature scaled,Feature masking,0.1,0.04978732741028491,36,0.9444444444444444,0.995914863783788,0.0514704193393436,0.051470419339343904,0.10413162845966392,0.6279678677538546,0.0023822491959746873
Wine,4,Logistic Regression,Raw,Feature masking,0.2,0.04978732741028491,36,0.9444444444444444,0.8971817798077757,-0.04726266463666873,0.07904198329137468,0.07223176400987909,0.15181911742590445,0.003175899989625481
Wine,4,Logistic Regression,Temperature scaled,Feature masking,0.2,0.04978732741028491,36,0.9444444444444444,0.9996187666531919,0.05517432220874752,0.05517432220874752,0.11080926598549717,0.5430744167045843,0.003175899989625481
Wine,4,Logistic Regression,Raw,Feature masking,0.3,0.04978732741028491,36,0.8888888888888888,0.8867142842793228,-0.0021746046095660887,0.10923458412392213,0.1403547524025487,0.23041776395336003,0.014396576397587872
Wine,4,Logistic Regression,Temperature scaled,Feature masking,0.3,0.04978732741028491,36,0.8888888888888888,0.9760315976299851,0.08714270874109631,0.08714270874109664,0.14750686147788564,1.5824106442223096,0.015529500831729342
Wine,4,Logistic Regression,Raw,Feature masking,0.4,0.04978732741028491,36,0.9166666666666666,0.8380330379096114,-0.07863362875705526,0.0925953999059949,0.14059467283777935,0.25749559793660526,0.011371797190803603
Wine,4,Logistic Regression,Temperature scaled,Feature masking,0.4,0.04978732741028491,36,0.9166666666666666,0.9878990656692422,0.07123239900257561,0.09147397859133746,0.1646101678333735,1.0735518803103752,0.014076911494589634
Wine,4,Logistic Regression,Raw,Feature masking,0.5,0.04978732741028491,36,0.8333333333333334,0.8000166431812117,-0.033316690152121686,0.0977971320810274,0.2770009558886295,0.619216993106683,0.11569394276927522
Wine,4,Logistic Regression,Temperature scaled,Feature masking,0.5,0.04978732741028491,36,0.8333333333333334,0.9990331857585151,0.1656998524251817,0.1656998524251817,0.33089576940129056,3.236385911872073,0.05163799304803928
Wine,4,Random Forest,Raw,Gaussian noise,0.0,0.0497873989207783,36,0.9722222222222222,0.8474306878306063,-0.12479153439161594,0.12479153439161592,0.08238054494835294,0.1893945008111896,0.0011794532627865965
Wine,4,Random Forest,Temperature scaled,Gaussian noise,0.0,0.0497873989207783,36,0.9722222222222222,0.9998881569964517,0.027665934774229517,0.027665934774229517,0.05525273139238209,0.16402230197271978,0.0003858024691358026
Wine,4,Random Forest,Raw,Gaussian noise,0.25,0.0497873989207783,36,0.9722222222222222,0.8131328042327536,-0.15908941798946863,0.15908941798946868,0.11327985456286865,0.23589063536225982,0.0019964467268388845
Wine,4,Random Forest,Temperature scaled,Gaussian noise,0.25,0.0497873989207783,36,0.9722222222222222,0.9980684586764489,0.02584623645422668,0.02584623645422668,0.050453875840385895,0.08549792604353466,0.0003858024691358026
Wine,4,Random Forest,Raw,Gaussian noise,0.5,0.0497873989207783,36,0.9444444444444444,0.7803698412697905,-0.16407460317465394,0.18621693121698196,0.13320744198539455,0.28424380333941723,0.0032240000377255296
Wine,4,Random Forest,Temperature scaled,Gaussian noise,0.5,0.0497873989207783,36,0.9444444444444444,0.9846965406003582,0.04025209615591374,0.06640488357325199,0.11482704717804786,0.21996140429710329,0.003175899989625481
Wine,4,Random Forest,Raw,Gaussian noise,1.0,0.0497873989207783,36,0.7777777777777778,0.67460740740738,-0.10317037037039778,0.12371798941801682,0.323475286540691,0.5504029945035367,0.09745189662058958
Wine,4,Random Forest,Temperature scaled,Gaussian noise,1.0,0.0497873989207783,36,0.7777777777777778,0.9900551718521847,0.21227739407440693,0.212277394074407,0.42772324014236524,2.5040684784052143,0.08831072959691466
Wine,4,Random Forest,Raw,Gaussian noise,1.5,0.0497873989207783,36,0.7777777777777778,0.6439735449735211,-0.13380423280425668,0.1953835978836217,0.42164083045100087,0.7253747492874654,0.2225621673746504
Wine,4,Random Forest,Temperature scaled,Gaussian noise,1.5,0.0497873989207783,36,0.7777777777777778,0.9849008158957212,0.20712303811794341,0.22527077947951524,0.44124645314483235,3.970751665479326,0.15688437374141243
Wine,4,Random Forest,Raw,Gaussian noise,2.0,0.0497873989207783,36,0.6111111111111112,0.5763978835978835,-0.034713227513227696,0.17120264550264547,0.5473873406550767,0.92267025237665,0.2889009712539169
Wine,4,Random Forest,Temperature scaled,Gaussian noise,2.0,0.0497873989207783,36,0.6111111111111112,0.960440757515787,0.3493296464046758,0.3943829992416229,0.7391430513039228,5.997669936143172,0.29610612969824035
Wine,4,Random Forest,Raw,Feature masking,0.0,0.0497873989207783,36,0.9722222222222222,0.8474306878306063,-0.12479153439161594,0.12479153439161593,0.08238054494835294,0.1893945008111896,0.0011794532627865965
Wine,4,Random Forest,Temperature scaled,Feature masking,0.0,0.0497873989207783,36,0.9722222222222222,0.9998881569964517,0.027665934774229517,0.027665934774229517,0.05525273139238209,0.16402230197271964,0.0003858024691358026
Wine,4,Random Forest,Raw,Feature masking,0.1,0.0497873989207783,36,0.9444444444444444,0.824920634920581,-0.11952380952386343,0.15492910052915437,0.10188882249937312,0.22942251081174156,0.0015652557319223992
Wine,4,Random Forest,Temperature scaled,Feature masking,0.1,0.0497873989207783,36,0.9444444444444444,0.9999093690359141,0.05546492459146968,0.05546492459146968,0.11074938139782214,0.37352669048743503,0.0015652557319223992
Wine,4,Random Forest,Raw,Feature masking,0.2,0.0497873989207783,36,0.8888888888888888,0.7155957671957672,-0.1732931216931216,0.19704338624338624,0.2022548494935752,0.3977976981479468,0.01074868316230587
Wine,4,Random Forest,Temperature scaled,Feature masking,0.2,0.0497873989207783,36,0.8888888888888888,0.9851768476039232,0.09628795871503437,0.09628795871503426,0.18032381694403274,0.7087536411356976,0.013566656616055188
Wine,4,Random Forest,Raw,Feature masking,0.3,0.0497873989207783,36,0.9722222222222222,0.7369888888888626,-0.2352333333333596,0.27838888888891516,0.19295894799697905,0.3920661417021253,0.03699172372048601
Wine,4,Random Forest,Temperature scaled,Feature masking,0.3,0.0497873989207783,36,0.9722222222222222,0.9997516455001221,0.027529423277899867,0.027529423277899867,0.055559697750660796,0.7677777603705367,0.02723712646588875
Wine,4,Random Forest,Raw,Feature masking,0.4,0.0497873989207783,36,0.8888888888888888,0.6892730158730159,-0.1996158730158729,0.24293068783068783,0.2407672939027463,0.46568823511700164,0.030798828924650037
Wine,4,Random Forest,Temperature scaled,Feature masking,0.4,0.0497873989207783,36,0.8888888888888888,0.9897196219268207,0.10083073303793189,0.1008307330379319,0.19801950830361814,1.1787157612817403,0.028814701940523053
Wine,4,Random Forest,Raw,Feature masking,0.5,0.0497873989207783,36,0.7777777777777778,0.6608899470899471,-0.11688783068783071,0.14246772486772485,0.35003824401108585,0.6201602526702663,0.08850860588012821
Wine,4,Random Forest,Temperature scaled,Feature masking,0.5,0.0497873989207783,36,0.7777777777777778,0.9778115322401183,0.2000337544623405,0.2315026819136259,0.4356233818517581,3.2055629888994934,0.08717175520784656
Wine,4,Gradient Boosting,Raw,Gaussian noise,0.0,0.6457428934101962,36,0.9444444444444444,0.9495069329677494,0.005062488523304931,0.06159697649714984,0.049786215091946695,0.08621759527583166,0.0015652557319223992
Wine,4,Gradient Boosting,Temperature scaled,Gaussian noise,0.0,0.6457428934101962,36,0.9444444444444444,0.9710291631238994,0.026584718679455,0.04616776012626572,0.05198538257474027,0.07613037183579974,0.0015652557319223992
Wine,4,Gradient Boosting,Raw,Gaussian noise,0.25,0.6457428934101962,36,0.9444444444444444,0.9038346803142263,-0.04060976413021811,0.07250998340457321,0.07999131652202107,0.14236241111121867,0.005914038866877259
Wine,4,Gradient Boosting,Temperature scaled,Gaussian noise,0.25,0.6457428934101962,36,0.9444444444444444,0.9360024002995401,-0.008442044144904348,0.08014455188313274,0.07043602280189915,0.11551526095914973,0.004092055593281084
Wine,4,Gradient Boosting,Raw,Gaussian noise,0.5,0.6457428934101962,36,0.9166666666666666,0.9080853433571195,-0.008581323309547084,0.07432317973246666,0.1326137437847164,0.23696152126115796,0.010072216612219758
Wine,4,Gradient Boosting,Temperature scaled,Gaussian noise,0.5,0.6457428934101962,36,0.9166666666666666,0.931984449312141,0.015317782645474343,0.06197106359065235,0.13026592425130767,0.2724078478620687,0.010072216612219758
Wine,4,Gradient Boosting,Raw,Gaussian noise,1.0,0.6457428934101962,36,0.6944444444444444,0.8616983048943395,0.1672538604498951,0.22512671214272895,0.39828158768493366,0.7726719604247304,0.1678273005080885
Wine,4,Gradient Boosting,Temperature scaled,Gaussian noise,1.0,0.6457428934101962,36,0.6944444444444444,0.90234350777353,0.2078990633290856,0.2570717032809353,0.42598542812941737,1.0481555484574652,0.1678273005080885
Wine,4,Gradient Boosting,Raw,Gaussian noise,1.5,0.6457428934101962,36,0.6388888888888888,0.8351670866382033,0.19627819774931443,0.267730239870502,0.5053506555913196,1.1246171281691244,0.18767304975963817
Wine,4,Gradient Boosting,Temperature scaled,Gaussian noise,1.5,0.6457428934101962,36,0.6388888888888888,0.8780095341034572,0.23912064521456833,0.26722191913211624,0.5293018489800692,1.5703940474365476,0.188645419683621
Wine,4,Gradient Boosting,Raw,Gaussian noise,2.0,0.6457428934101962,36,0.4722222222222222,0.8273843785651299,0.3551621563429077,0.38151243224545595,0.8162172603838723,1.7995647465078608,0.41715197126535264
Wine,4,Gradient Boosting,Temperature scaled,Gaussian noise,2.0,0.6457428934101962,36,0.4722222222222222,0.8783088442823135,0.4060866220600913,0.43314595115494864,0.8861635495673466,2.606569968463398,0.4144084025735081
Wine,4,Gradient Boosting,Raw,Feature masking,0.0,0.6457428934101962,36,0.9444444444444444,0.9495069329677494,0.005062488523304931,0.06159697649714984,0.049786215091946695,0.08621759527583166,0.0015652557319223992
Wine,4,Gradient Boosting,Temperature scaled,Feature masking,0.0,0.6457428934101962,36,0.9444444444444444,0.9710291631238994,0.026584718679455,0.04616776012626572,0.05198538257474027,0.07613037183579974,0.0015652557319223992
Wine,4,Gradient Boosting,Raw,Feature masking,0.1,0.6457428934101962,36,0.9444444444444444,0.9494876406602969,0.005043196215852475,0.06284098126405399,0.08528289172388975,0.14337713175039252,0.004834644295428611
Wine,4,Gradient Boosting,Temperature scaled,Feature masking,0.1,0.6457428934101962,36,0.9444444444444444,0.9741014035969253,0.0296569591524809,0.05818611122772772,0.09556512884274206,0.16094999427842852,0.004017650831376323
Wine,4,Gradient Boosting,Raw,Feature masking,0.2,0.6457428934101962,36,0.9166666666666666,0.9118504126682976,-0.004816253998369047,0.12599657048580204,0.17011202305221454,0.35558315238727606,0.03185738044681582
Wine,4,Gradient Boosting,Temperature scaled,Feature masking,0.2,0.6457428934101962,36,0.9166666666666666,0.9487152659782878,0.032048599311621184,0.09948220187352849,0.17179961980446057,0.4486396450021478,0.032753437794486064
Wine,4,Gradient Boosting,Raw,Feature masking,0.3,0.6457428934101962,36,0.9166666666666666,0.9518562222930651,0.03518955562639847,0.0707487167932261,0.14878440857187494,0.3650787430213703,0.05003928289138166
Wine,4,Gradient Boosting,Temperature scaled,Feature masking,0.3,0.6457428934101962,36,0.9166666666666666,0.9788021871138233,0.062135520447156645,0.06691392442147294,0.15279358945065163,0.5043681759358888,0.04774651393194603
Wine,4,Gradient Boosting,Raw,Feature masking,0.4,0.6457428934101962,36,0.9166666666666666,0.9133702234497041,-0.0032964432169625413,0.12171479685280527,0.1578630773545902,0.3533426953447839,0.06424825554196882
Wine,4,Gradient Boosting,Temperature scaled,Feature masking,0.4,0.6457428934101962,36,0.9166666666666666,0.9507568872519285,0.0340902205852619,0.10310548311311746,0.1633804087754357,0.4458349636899634,0.06424825554196882
Wine,4,Gradient Boosting,Raw,Feature masking,0.5,0.6457428934101962,36,0.7777777777777778,0.848813462873468,0.07103568509569025,0.13102246571647047,0.3615812432399512,0.646753905161033,0.11180580438289837
Wine,4,Gradient Boosting,Temperature scaled,Feature masking,0.5,0.6457428934101962,36,0.7777777777777778,0.915160424194136,0.13738264641635822,0.17992301866563354,0.39810290358085304,0.8214921290253376,0.10817804124426568
Wine,5,Logistic Regression,Raw,Gaussian noise,0.0,0.4020226401624857,36,0.9722222222222222,0.9531058362925161,-0.019116385929706103,0.04607125533711434,0.048237787994939114,0.0858824344199206,0.0019964467268388845
Wine,5,Logistic Regression,Temperature scaled,Gaussian noise,0.0,0.4020226401624857,36,0.9722222222222222,0.9871248828104332,0.014902660588210992,0.034439738760039335,0.05650881466072687,0.09392953151469306,0.0011794532627865965
Wine,5,Logistic Regression,Raw,Gaussian noise,0.25,0.4020226401624857,36,0.9722222222222222,0.9585959793019525,-0.013626242920269704,0.053933241358327465,0.05997011960632859,0.11883955742353172,0.0028381975685897267
Wine,5,Logistic Regression,Temperature scaled,Gaussian noise,0.25,0.4020226401624857,36,0.9722222222222222,0.9937600720378944,0.021537849815672194,0.028749887123196014,0.05652164841270165,0.18735019137311204,0.00460231047181553
Wine,5,Logistic Regression,Raw,Gaussian noise,0.5,0.4020226401624857,36,0.9444444444444444,0.935885516424543,-0.008558928019901435,0.07223459148211574,0.08242821236444256,0.14392609921355262,0.005914038866877259
Wine,5,Logistic Regression,Temperature scaled,Gaussian noise,0.5,0.4020226401624857,36,0.9444444444444444,0.9900605925583746,0.04561614811393022,0.049761821108036564,0.09645439056566267,0.18726051375625682,0.0068718932730075285
Wine,5,Logistic Regression,Raw,Gaussian noise,1.0,0.4020226401624857,36,0.8611111111111112,0.9158339209041382,0.054722809793027016,0.09896108743331443,0.18819011721614287,0.3188470906395591,0.028543105483878554
Wine,5,Logistic Regression,Temperature scaled,Gaussian noise,1.0,0.4020226401624857,36,0.8611111111111112,0.9618204575224154,0.10070934641130425,0.12820487244867057,0.20588680129661494,0.5812172379090188,0.02651838255122723
Wine,5,Logistic Regression,Raw,Gaussian noise,1.5,0.4020226401624857,36,0.8055555555555556,0.9275463810585518,0.12199082550299623,0.15244041635404934,0.3556113323331595,0.9565134423630401,0.12324621718244497
Wine,5,Logistic Regression,Temperature scaled,Gaussian noise,1.5,0.4020226401624857,36,0.8055555555555556,0.9654455803283604,0.15989002477280478,0.20896679026079,0.3790063034579618,2.1901274397521617,0.12458038900907037
Wine,5,Logistic Regression,Raw,Gaussian noise,2.0,0.4020226401624857,36,0.7777777777777778,0.9372419801725607,0.15946420239478287,0.21629645710118123,0.4300547570317255,1.5283067565119026,0.15216184499927585
Wine,5,Logistic Regression,Temperature scaled,Gaussian noise,2.0,0.4020226401624857,36,0.7777777777777778,0.9742481768615979,0.19647039908382014,0.2414262108421592,0.4570449040415308,3.5545027184187843,0.1524722406221715
Wine,5,Logistic Regression,Raw,Feature masking,0.0,0.4020226401624857,36,0.9722222222222222,0.9531058362925161,-0.019116385929706103,0.04607125533711434,0.048237787994939114,0.0858824344199206,0.0019964467268388845
Wine,5,Logistic Regression,Temperature scaled,Feature masking,0.0,0.4020226401624857,36,0.9722222222222222,0.9871248828104332,0.014902660588210992,0.034439738760039335,0.05650881466072687,0.09392953151469306,0.0011794532627865965
Wine,5,Logistic Regression,Raw,Feature masking,0.1,0.4020226401624857,36,0.9722222222222222,0.9327670249698419,-0.039455197252380336,0.07656122215698168,0.04939687272005545,0.10187095420261706,0.0011794532627865965
Wine,5,Logistic Regression,Temperature scaled,Feature masking,0.1,0.4020226401624857,36,0.9722222222222222,0.9837473278759779,0.01152510565375564,0.03843038926837224,0.05219741659106287,0.0800978005961798,0.0011794532627865965
Wine,5,Logistic Regression,Raw,Feature masking,0.2,0.4020226401624857,36,0.9166666666666666,0.8985631758339778,-0.018103490832688807,0.08172081716253045,0.09882081522190206,0.17018499786806507,0.008619961303191854
Wine,5,Logistic Regression,Temperature scaled,Feature masking,0.2,0.4020226401624857,36,0.9166666666666666,0.9610043908120726,0.04433772414540593,0.07714131107196612,0.11079516574749942,0.1572090167427413,0.006882153113770762
Wine,5,Logistic Regression,Raw,Feature masking,0.3,0.4020226401624857,36,0.9722222222222222,0.9212672799636644,-0.05095494225855779,0.06704471909668583,0.04801914218158335,0.10942443766281719,0.0019964467268388845
Wine,5,Logistic Regression,Temperature scaled,Feature masking,0.3,0.4020226401624857,36,0.9722222222222222,0.9843065589669302,0.01208433674470799,0.03512673360697525,0.04385019788436829,0.0653655877491235,0.0011794532627865965
Wine,5,Logistic Regression,Raw,Feature masking,0.4,0.4020226401624857,36,0.8888888888888888,0.8898846572854305,0.0009957683965416964,0.07744070422568655,0.12886781940115025,0.21586574043550127,0.01074868316230587
Wine,5,Logistic Regression,Temperature scaled,Feature masking,0.4,0.4020226401624857,36,0.8888888888888888,0.9629935334899068,0.07410464460101795,0.10539610108847124,0.17061768454094275,0.24927832326072194,0.011484463585586292
Wine,5,Logistic Regression,Raw,Feature masking,0.5,0.4020226401624857,36,0.8888888888888888,0.7952201732368052,-0.09366871565208368,0.15785794912829296,0.1718971911981734,0.3238532665353084,0.013354546907282517
Wine,5,Logistic Regression,Temperature scaled,Feature masking,0.5,0.4020226401624857,36,0.8888888888888888,0.9157663733459813,0.026877484457092482,0.06996669795077214,0.15421110581657985,0.2574183116222317,0.013306446859182468
Wine,5,Random Forest,Raw,Gaussian noise,0.0,0.35121124511409874,36,0.9444444444444444,0.8523582010580969,-0.09208624338634752,0.0937862433863477,0.09247042371882856,0.20146117385719314,0.0032240000377255296
Wine,5,Random Forest,Temperature scaled,Gaussian noise,0.0,0.35121124511409874,36,0.9444444444444444,0.9678327672490548,0.02338832280461034,0.04967515413076414,0.07014019979381911,0.1091153079226219,0.0032240000377255296
Wine,5,Random Forest,Raw,Gaussian noise,0.25,0.35121124511409874,36,0.9444444444444444,0.830447883597809,-0.11399656084663545,0.12623730158737614,0.11017223780298549,0.23610046132736676,0.005702699850984165
Wine,5,Random Forest,Temperature scaled,Gaussian noise,0.25,0.35121124511409874,36,0.9444444444444444,0.9565484955102507,0.012104051065806254,0.0732686646024712,0.09242148672745064,0.14334080903788093,0.004885706386931877
Wine,5,Random Forest,Raw,Gaussian noise,0.5,0.35121124511409874,36,0.9722222222222222,0.7570259259258734,-0.21519629629634884,0.21519629629634893,0.1534352616376969,0.3126820287166086,0.0028381975685897267
Wine,5,Random Forest,Temperature scaled,Gaussian noise,0.5,0.35121124511409874,36,0.9722222222222222,0.9115074746946696,-0.06071474752755257,0.0607147475275525,0.07441981293013505,0.13060238548616682,0.0028381975685897267
Wine,5,Random Forest,Raw,Gaussian noise,1.0,0.35121124511409874,36,0.8888888888888888,0.6638444444444445,-0.22504444444444438,0.22504444444444444,0.28361595071302587,0.5077107402676043,0.05245474850638325
Wine,5,Random Forest,Temperature scaled,Gaussian noise,1.0,0.35121124511409874,36,0.8888888888888888,0.8642097837672121,-0.024679105121676703,0.0990948090338696,0.21741625985848148,0.36612146223531117,0.04877728346397568
Wine,5,Random Forest,Raw,Gaussian noise,1.5,0.35121124511409874,36,0.8055555555555556,0.6586589947089714,-0.1468965608465842,0.17293730158732482,0.34404127951625707,0.5896517131764054,0.08969124924090979
Wine,5,Random Forest,Temperature scaled,Gaussian noise,1.5,0.35121124511409874,36,0.8055555555555556,0.846464461927805,0.04090890637224942,0.18967040678966765,0.34980367750766145,0.5905601565356178,0.09142813580788636
Wine,5,Random Forest,Raw,Gaussian noise,2.0,0.35121124511409874,36,0.6944444444444444,0.6316849206349207,-0.06275952380952377,0.12390555555555555,0.4411163954698918,0.7606911101958178,0.24701866577843218
Wine,5,Random Forest,Temperature scaled,Gaussian noise,2.0,0.35121124511409874,36,0.6944444444444444,0.8440819261606386,0.14963748171619418,0.1643820584122906,0.45962582015693904,0.9742968537598394,0.1995272742466595
Wine,5,Random Forest,Raw,Feature masking,0.0,0.35121124511409874,36,0.9444444444444444,0.8523582010580969,-0.09208624338634752,0.0937862433863477,0.09247042371882856,0.20146117385719314,0.0032240000377255296
Wine,5,Random Forest,Temperature scaled,Feature masking,0.0,0.35121124511409874,36,0.9444444444444444,0.9678327672490548,0.02338832280461034,0.04967515413076414,0.07014019979381911,0.10911530792262192,0.0032240000377255296
Wine,5,Random Forest,Raw,Feature masking,0.1,0.35121124511409874,36,0.9444444444444444,0.8092494708994432,-0.1351949735450012,0.13519497354500115,0.12965412590073092,0.2685625260755413,0.008482537530710611
Wine,5,Random Forest,Temperature scaled,Feature masking,0.1,0.35121124511409874,36,0.9444444444444444,0.955441468738419,0.010997024293974533,0.04653385858458501,0.09216334581359274,0.1519587581886909,0.008482537530710611
Wine,5,Random Forest,Raw,Feature masking,0.2,0.35121124511409874,36,0.9166666666666666,0.7459566137566137,-0.17071005291005292,0.19046931216931215,0.17701793379188716,0.35300157501129725,0.010072216612219758
Wine,5,Random Forest,Temperature scaled,Feature masking,0.2,0.35121124511409874,36,0.9166666666666666,0.9174943019563337,0.0008276352896671169,0.05967912630135293,0.10398734731704952,0.18081909535945984,0.009043410027857617
Wine,5,Random Forest,Raw,Feature masking,0.3,0.35121124511409874,36,0.9444444444444444,0.7226862433862434,-0.221758201058201,0.23597089947089944,0.18089559557571178,0.37391376994378567,0.008308563595960812
Wine,5,Random Forest,Temperature scaled,Feature masking,0.3,0.35121124511409874,36,0.9444444444444444,0.9195792266358187,-0.024865217808625717,0.09858029302128055,0.1042653147467779,0.1708208722711442,0.009234489521886737
Wine,5,Random Forest,Raw,Feature masking,0.4,0.35121124511409874,36,0.9166666666666666,0.7272214285714286,-0.18944523809523806,0.23082619047619046,0.2006745763366087,0.3989203016114952,0.020249851447782984
Wine,5,Random Forest,Temperature scaled,Feature masking,0.4,0.35121124511409874,36,0.9166666666666666,0.912382243927447,-0.004284422739219584,0.10460441286220226,0.1316942478367474,0.24627981798172463,0.01753821123614277
Wine,5,Random Forest,Raw,Feature masking,0.5,0.35121124511409874,36,0.8055555555555556,0.6033283068783069,-0.20222724867724873,0.22957486772486768,0.3144049215520282,0.5798477377541609,0.04111984252098651
Wine,5,Random Forest,Temperature scaled,Feature masking,0.5,0.35121124511409874,36,0.8055555555555556,0.82583439070595,0.020278835150394414,0.1420762742785463,0.21233907804914964,0.35323341329471425,0.034400569581698584
Wine,5,Gradient Boosting,Raw,Gaussian noise,0.0,1.2132530826943837,36,0.9444444444444444,0.9521461625702649,0.007701718125820434,0.07868979748895354,0.09634559638812834,0.15876849193978157,0.006598757198654414
Wine,5,Gradient Boosting,Temperature scaled,Gaussian noise,0.0,1.2132530826943837,36,0.9444444444444444,0.9358938396550704,-0.008550604789373972,0.07514718431421986,0.0936686105553764,0.160187892134072,0.006598757198654414
Wine,5,Gradient Boosting,Raw,Gaussian noise,0.25,1.2132530826943837,36,0.9444444444444444,0.9482289031411254,0.0037844586966809812,0.08668899359982728,0.10011629648673698,0.16082190607641286,0.0065444506927350085
Wine,5,Gradient Boosting,Temperature scaled,Gaussian noise,0.25,1.2132530826943837,36,0.9444444444444444,0.9323835265619825,-0.012060917882461886,0.09595607640472321,0.09694159480452443,0.1625723243466606,0.0065444506927350085
Wine,5,Gradient Boosting,Raw,Gaussian noise,0.5,1.2132530826943837,36,0.9444444444444444,0.9147194290607632,-0.02972501538368122,0.061833361599731615,0.09702965266915581,0.16769671833730163,0.0074405080404052575
Wine,5,Gradient Boosting,Temperature scaled,Gaussian noise,0.5,1.2132530826943837,36,0.9444444444444444,0.8899141717500808,-0.05453027269436361,0.07654831354537288,0.10070142006530788,0.18592956954939108,0.006598757198654414
Wine,5,Gradient Boosting,Raw,Gaussian noise,1.0,1.2132530826943837,36,0.7777777777777778,0.8433451808321902,0.06556740305441244,0.1793685662511321,0.3431825875740582,0.5420698976514396,0.08774189664983935
Wine,5,Gradient Boosting,Temperature scaled,Gaussian noise,1.0,1.2132530826943837,36,0.7777777777777778,0.8192283557180292,0.04145057794025142,0.12708492013674572,0.33258535126507915,0.5140313707355477,0.09084922195544053
Wine,5,Gradient Boosting,Raw,Gaussian noise,1.5,1.2132530826943837,36,0.7222222222222222,0.8908993237775014,0.16867710155527915,0.19087216742247537,0.4476975735706277,0.89208872783032,0.1302396010653839
Wine,5,Gradient Boosting,Temperature scaled,Gaussian noise,1.5,1.2132530826943837,36,0.7222222222222222,0.860505534623801,0.13828331240157876,0.1891407918031568,0.4306679137145686,0.7954670790952397,0.13034200761940337
Wine,5,Gradient Boosting,Raw,Gaussian noise,2.0,1.2132530826943837,36,0.6388888888888888,0.8486789246730098,0.20979003578412092,0.21701781980730528,0.48597973582637216,1.094814516934024,0.22871221271242875
Wine,5,Gradient Boosting,Temperature scaled,Gaussian noise,2.0,1.2132530826943837,36,0.6388888888888888,0.8221117234579451,0.1832228345690563,0.19631906914723007,0.4707074230654638,0.9704538613244877,0.2263821688527796
Wine,5,Gradient Boosting,Raw,Feature masking,0.0,1.2132530826943837,36,0.9444444444444444,0.9521461625702649,0.007701718125820434,0.07868979748895354,0.09634559638812834,0.15876849193978157,0.006598757198654414
Wine,5,Gradient Boosting,Temperature scaled,Feature masking,0.0,1.2132530826943837,36,0.9444444444444444,0.9358938396550704,-0.008550604789373972,0.07514718431421986,0.0936686105553764,0.160187892134072,0.006598757198654414
Wine,5,Gradient Boosting,Raw,Feature masking,0.1,1.2132530826943837,36,0.9444444444444444,0.9358768151697371,-0.008567629274707333,0.09796629682272838,0.1282386652313932,0.2822860445222018,0.016757838059936258
Wine,5,Gradient Boosting,Temperature scaled,Feature masking,0.1,1.2132530826943837,36,0.9444444444444444,0.9174197308331661,-0.02702471361127834,0.10296359446355767,0.13052782171965563,0.26891347995414355,0.016757838059936258
Wine,5,Gradient Boosting,Raw,Feature masking,0.2,1.2132530826943837,36,0.8888888888888888,0.8765750868894797,-0.012313801999409124,0.06795872806125834,0.16215312328741224,0.2836728559578607,0.01956775942271355
Wine,5,Gradient Boosting,Temperature scaled,Feature masking,0.2,1.2132530826943837,36,0.8888888888888888,0.849426407390129,-0.03946248149875986,0.09863631156749858,0.1654749019363861,0.2966837271596161,0.018726008580962707
Wine,5,Gradient Boosting,Raw,Feature masking,0.3,1.2132530826943837,36,0.8888888888888888,0.921298117176467,0.032409228287578196,0.11191408328759424,0.18394921899274919,0.29596398724692174,0.019827695979597697
Wine,5,Gradient Boosting,Temperature scaled,Feature masking,0.3,1.2132530826943837,36,0.8888888888888888,0.8948056419633504,0.0059167530744616,0.0944666411628383,0.17644123974308787,0.29176588985229457,0.022007183159084877
Wine,5,Gradient Boosting,Raw,Feature masking,0.4,1.2132530826943837,36,0.8888888888888888,0.9119426227110252,0.02305373382213638,0.07141219473671695,0.1601140067106236,0.28066691046503073,0.016230864835818964
Wine,5,Gradient Boosting,Temperature scaled,Feature masking,0.4,1.2132530826943837,36,0.8888888888888888,0.8837397505676109,-0.005149138321277946,0.06571495671738292,0.157160189855985,0.2847951135912308,0.016230864835818964
Wine,5,Gradient Boosting,Raw,Feature masking,0.5,1.2132530826943837,36,0.8055555555555556,0.8354962021412174,0.029940646585661868,0.11704738804163727,0.26390631578392065,0.4705381887543989,0.05535723529468035
Wine,5,Gradient Boosting,Temperature scaled,Feature masking,0.5,1.2132530826943837,36,0.8055555555555556,0.7955552351153039,-0.010000320440251675,0.12946120442388934,0.26302184871499257,0.4751644142485645,0.05535723529468035
Wine,6,Logistic Regression,Raw,Gaussian noise,0.0,0.7515237196192669,36,0.9722222222222222,0.9298734594669581,-0.04234876275526411,0.05015818368193248,0.04118886428667574,0.08962962085967012,0.0003858024691358026
Wine,6,Logistic Regression,Temperature scaled,Gaussian noise,0.0,0.7515237196192669,36,0.9722222222222222,0.9515992752731776,-0.02062294694904465,0.05267790597442992,0.03328355540512382,0.06584199472886341,0.0003858024691358026
Wine,6,Logistic Regression,Raw,Gaussian noise,0.25,0.7515237196192669,36,0.9722222222222222,0.931325263459934,-0.04089695876228816,0.0836711220608136,0.06279108314350815,0.11548565465564667,0.0028381975685897267
Wine,6,Logistic Regression,Temperature scaled,Gaussian noise,0.25,0.7515237196192669,36,0.9722222222222222,0.9543159342013059,-0.017906288020916317,0.06463601400405994,0.060960538334142785,0.10084660105093446,0.0028381975685897267
Wine,6,Logistic Regression,Raw,Gaussian noise,0.5,0.7515237196192669,36,1.0,0.9360674530127058,-0.06393254698729423,0.06393254698729406,0.028918629478029128,0.07495054487312394,0.0
Wine,6,Logistic Regression,Temperature scaled,Gaussian noise,0.5,0.7515237196192669,36,1.0,0.9581490935649555,-0.04185090643504452,0.0418509064350446,0.020458869437166613,0.049480596395465704,0.0
Wine,6,Logistic Regression,Raw,Gaussian noise,1.0,0.7515237196192669,36,0.9444444444444444,0.8774377101902324,-0.067006734254212,0.0991755855606094,0.12162873300296348,0.20946153048276897,0.012229657936327748
Wine,6,Logistic Regression,Temperature scaled,Gaussian noise,1.0,0.7515237196192669,36,0.9444444444444444,0.9015950219254137,-0.04284942251903068,0.08699219228807337,0.11244471247291078,0.19628823353308283,0.012229657936327748
Wine,6,Logistic Regression,Raw,Gaussian noise,1.5,0.7515237196192669,36,0.75,0.9079516114820296,0.15795161148202963,0.26763996090441877,0.46877063954285636,1.1202019156488323,0.14170909342863366
Wine,6,Logistic Regression,Temperature scaled,Gaussian noise,1.5,0.7515237196192669,36,0.75,0.9352526265030731,0.18525262650307306,0.27720570900551184,0.48935243121833,1.4227248113127224,0.14429447101401127
Wine,6,Logistic Regression,Raw,Gaussian noise,2.0,0.7515237196192669,36,0.6111111111111112,0.9172670699627063,0.3061559588515952,0.3402386391850039,0.6928968681351875,2.0140494644948563,0.23321468692871092
Wine,6,Logistic Regression,Temperature scaled,Gaussian noise,2.0,0.7515237196192669,36,0.6111111111111112,0.9385684143877415,0.32745730327663036,0.3647741294862875,0.721314778126922,2.6215231780176413,0.23321468692871092
Wine,6,Logistic Regression,Raw,Feature masking,0.0,0.7515237196192669,36,0.9722222222222222,0.9298734594669581,-0.04234876275526411,0.05015818368193248,0.04118886428667574,0.08962962085967012,0.0003858024691358026
Wine,6,Logistic Regression,Temperature scaled,Feature masking,0.0,0.7515237196192669,36,0.9722222222222222,0.9515992752731776,-0.02062294694904465,0.05267790597442992,0.03328355540512382,0.06584199472886341,0.0003858024691358026
Wine,6,Logistic Regression,Raw,Feature masking,0.1,0.7515237196192669,36,0.9722222222222222,0.9145095415637656,-0.05771268065845658,0.08219273324984884,0.06301430788702518,0.125782695754348,0.0028381975685897267
Wine,6,Logistic Regression,Temperature scaled,Feature masking,0.1,0.7515237196192669,36,0.9722222222222222,0.9423172315948948,-0.029904990627327432,0.058712712551767805,0.05534065686540673,0.10057301106089307,0.0028381975685897267
Wine,6,Logistic Regression,Raw,Feature masking,0.2,0.7515237196192669,36,0.9166666666666666,0.8833250755775918,-0.03334159108907486,0.12916033695448503,0.09670085731985449,0.17759674989355945,0.0052715088560676806
Wine,6,Logistic Regression,Temperature scaled,Feature masking,0.2,0.7515237196192669,36,0.9166666666666666,0.9152238783083982,-0.0014427883582683876,0.07454602533053283,0.09136208040324528,0.1518647847088218,0.0061675662037379295
Wine,6,Logistic Regression,Raw,Feature masking,0.3,0.7515237196192669,36,0.9444444444444444,0.8669613381217178,-0.07748310632272659,0.10633330404764882,0.08089310532291469,0.1723902973349365,0.0023822491959746873
Wine,6,Logistic Regression,Temperature scaled,Feature masking,0.3,0.7515237196192669,36,0.9444444444444444,0.9060251091927279,-0.03841933525171648,0.06769540961869927,0.06552066380181208,0.12902740256015133,0.0015652557319223992
Wine,6,Logistic Regression,Raw,Feature masking,0.4,0.7515237196192669,36,0.8611111111111112,0.8436631675139958,-0.017447943597115323,0.10526200470879697,0.2156833173727106,0.3990183870936314,0.05156714970545385
Wine,6,Logistic Regression,Temperature scaled,Feature masking,0.4,0.7515237196192669,36,0.8611111111111112,0.8916914540514127,0.03058034294030154,0.12837354982007698,0.21344507323002104,0.4102254560835197,0.04865264398516856
Wine,6,Logistic Regression,Raw,Feature masking,0.5,0.7515237196192669,36,0.9166666666666666,0.8444916836755751,-0.07217498299109149,0.07292650356302081,0.16168328412984564,0.3223556025296779,0.018551545127719997
Wine,6,Logistic Regression,Temperature scaled,Feature masking,0.5,0.7515237196192669,36,0.9166666666666666,0.8884534423129775,-0.028213224353689115,0.058861181275156216,0.1523536294506564,0.30996384390858683,0.01975927459631903
Wine,6,Random Forest,Raw,Gaussian noise,0.0,0.2088233817281737,36,0.9722222222222222,0.8720449735449184,-0.10017724867730382,0.13720317460322964,0.0758396860821374,0.17082083955845792,0.0019964467268388845
Wine,6,Random Forest,Temperature scaled,Gaussian noise,0.0,0.2088233817281737,36,0.9722222222222222,0.989098929902948,0.0168767076807258,0.03532630382491188,0.057124277187741074,0.12019222510277218,0.0028381975685897267
Wine,6,Random Forest,Raw,Gaussian noise,0.25,0.2088233817281737,36,0.9722222222222222,0.8464952380952133,-0.1257269841270089,0.12572698412700886,0.0899098047568705,0.20831485362172095,0.00460231047181553
Wine,6,Random Forest,Temperature scaled,Gaussian noise,0.25,0.2088233817281737,36,0.9722222222222222,0.9891133121855358,0.016891089963313566,0.03601155402301331,0.06170865625741204,0.16600364943010149,0.0037062531241452814
Wine,6,Random Forest,Raw,Gaussian noise,0.5,0.2088233817281737,36,0.9444444444444444,0.8073891534391328,-0.13705529100531166,0.1642997354497561,0.12088997620056123,0.25810996544441195,0.005914038866877259
Wine,6,Random Forest,Temperature scaled,Gaussian noise,0.5,0.2088233817281737,36,0.9444444444444444,0.9815326991839668,0.037088254739522375,0.04935919995957494,0.08242502158207589,0.16259232878441437,0.004988112940951333
Wine,6,Random Forest,Raw,Gaussian noise,1.0,0.2088233817281737,36,0.8333333333333334,0.699274074074074,-0.13405925925925932,0.16168095238095237,0.2494072925119678,0.4575226162499518,0.051045499648609896
Wine,6,Random Forest,Temperature scaled,Gaussian noise,1.0,0.2088233817281737,36,0.8333333333333334,0.917887739096657,0.08455440576332363,0.11096670197775631,0.23372287761159985,0.46154960215017915,0.03835550736123141
Wine,6,Random Forest,Raw,Gaussian noise,1.5,0.2088233817281737,36,0.6666666666666666,0.6002195767195767,-0.06644708994708992,0.1503296296296296,0.41734754062484253,0.7014462800825572,0.15162940977457406
Wine,6,Random Forest,Temperature scaled,Gaussian noise,1.5,0.2088233817281737,36,0.6666666666666666,0.8909577327566596,0.22429106608999294,0.22429106608999272,0.5124227913884942,0.9066959033321038,0.14122614707908127
Wine,6,Random Forest,Raw,Gaussian noise,2.0,0.2088233817281737,36,0.5833333333333334,0.5876391534391311,0.00430582010579772,0.20181904761902517,0.5175022684404198,0.8860560377925201,0.2600707825876535
Wine,6,Random Forest,Temperature scaled,Gaussian noise,2.0,0.2088233817281737,36,0.5833333333333334,0.887147849450484,0.3038145161171506,0.3639126991720759,0.69987736796233,1.733643936045368,0.2709035002171283
Wine,6,Random Forest,Raw,Feature masking,0.0,0.2088233817281737,36,0.9722222222222222,0.8720449735449185,-0.10017724867730371,0.13720317460322962,0.0758396860821374,0.1708208395584579,0.0019964467268388845
Wine,6,Random Forest,Temperature scaled,Feature masking,0.0,0.2088233817281737,36,0.9722222222222222,0.989098929902948,0.0168767076807258,0.03532630382491187,0.057124277187741074,0.12019222510277215,0.0028381975685897267
Wine,6,Random Forest,Raw,Feature masking,0.1,0.2088233817281737,36,0.9444444444444444,0.8069574074073523,-0.13748703703709209,0.1374870370370921,0.12004655709246746,0.25988620397496387,0.005781763734602127
Wine,6,Random Forest,Temperature scaled,Feature masking,0.1,0.2088233817281737,36,0.9444444444444444,0.9704974398767435,0.02605299543229911,0.034003468367995185,0.08283022513937242,0.17655155656325258,0.004988112940951333
Wine,6,Random Forest,Raw,Feature masking,0.2,0.2088233817281737,36,0.9444444444444444,0.7730791005290729,-0.1713653439153715,0.18179761904764657,0.1350303122952889,0.29158907258840444,0.004885706386931877
Wine,6,Random Forest,Temperature scaled,Feature masking,0.2,0.2088233817281737,36,0.9444444444444444,0.9643688911777892,0.019924446733344814,0.05625640830171824,0.07254340453195825,0.11749230092003184,0.004092055593281084
Wine,6,Random Forest,Raw,Feature masking,0.3,0.2088233817281737,36,0.8888888888888888,0.756087037037037,-0.1328018518518519,0.1882600529100529,0.16168261364575462,0.3242397242926597,0.009822757236379945
Wine,6,Random Forest,Temperature scaled,Feature masking,0.3,0.2088233817281737,36,0.8888888888888888,0.9563979738695116,0.0675090849806228,0.0892356479249075,0.11311566401797954,0.15153065674661167,0.00639990002735101
Wine,6,Random Forest,Raw,Feature masking,0.4,0.2088233817281737,36,0.9166666666666666,0.6517404761904761,-0.2649261904761905,0.2808097883597883,0.25155101586293777,0.48598441693359334,0.02159630532261663
Wine,6,Random Forest,Temperature scaled,Feature masking,0.4,0.2088233817281737,36,0.9166666666666666,0.9366282579526365,0.01996159128596986,0.06078120728770804,0.10634079288659914,0.23507892534415595,0.02005309544607342
Wine,6,Random Forest,Raw,Feature masking,0.5,0.2088233817281737,36,0.9722222222222222,0.6421462962962963,-0.33007592592592594,0.33007592592592594,0.26708273592844545,0.5095084161941927,0.031688693417455706
Wine,6,Random Forest,Temperature scaled,Feature masking,0.5,0.2088233817281737,36,0.9722222222222222,0.9272045543420209,-0.04501766788020134,0.08397084605835833,0.0879181275451389,0.2809969877392532,0.03699172372048601
Wine,6,Gradient Boosting,Raw,Gaussian noise,0.0,0.04978727132871712,36,0.9722222222222222,0.9771078141670101,0.0048855919447878815,0.0409743625188725,0.053255589675413426,0.09177990381295395,0.0019964467268388845
Wine,6,Gradient Boosting,Temperature scaled,Gaussian noise,0.0,0.04978727132871712,36,0.9722222222222222,0.9999999839332716,0.027777761711049398,0.027777761711049398,0.055555555555407476,0.7675283803980819,0.05214824929367825
Wine,6,Gradient Boosting,Raw,Gaussian noise,0.25,0.04978727132871712,36,0.9722222222222222,0.9787144452272837,0.00649222300506147,0.02905084791337277,0.056089632385774885,0.10412809592034805,0.0019964467268388845
Wine,6,Gradient Boosting,Temperature scaled,Gaussian noise,0.25,0.04978727132871712,36,0.9722222222222222,0.9999999839332716,0.027777761711049398,0.027777761711049398,0.055555555555407476,0.7675283803980819,0.05214824929367825
Wine,6,Gradient Boosting,Raw,Gaussian noise,0.5,0.04978727132871712,36,0.9166666666666666,0.9518800892314362,0.03521342256476956,0.05208477006741408,0.11078501449577459,0.20448512911662253,0.010889210076272046
Wine,6,Gradient Boosting,Temperature scaled,Gaussian noise,0.5,0.04978727132871712,36,0.9166666666666666,0.9999271584700691,0.08326049180340245,0.08326049180340245,0.1663759071182743,1.437964100061059,0.007910485593716144
Wine,6,Gradient Boosting,Raw,Gaussian noise,1.0,0.04978727132871712,36,0.8333333333333334,0.9113836728077265,0.0780503394743931,0.12043970244408547,0.24234364823340768,0.4297786317286556,0.041312924107803795
Wine,6,Gradient Boosting,Temperature scaled,Gaussian noise,1.0,0.04978727132871712,36,0.8333333333333334,0.9982633548369565,0.16493002150362313,0.16493002150362313,0.3331309401088895,3.5242389477845903,0.07981828469326338
Wine,6,Gradient Boosting,Raw,Gaussian noise,1.5,0.04978727132871712,36,0.6666666666666666,0.8708402758872746,0.204173609220608,0.27145793694896325,0.5454927905416471,0.9644298496949452,0.18915433526854572
Wine,6,Gradient Boosting,Temperature scaled,Gaussian noise,1.5,0.04978727132871712,36,0.6666666666666666,0.9999938904351846,0.333327223768518,0.333327223768518,0.6666567859089481,8.323067533052855,0.3489538938348648
Wine,6,Gradient Boosting,Raw,Gaussian noise,2.0,0.04978727132871712,36,0.6111111111111112,0.8611000817170118,0.24998897060590064,0.28012713058878763,0.6257294095322332,1.370599090856294,0.3308809623135984
Wine,6,Gradient Boosting,Temperature scaled,Gaussian noise,2.0,0.04978727132871712,36,0.6111111111111112,0.9895329592833322,0.378421848172221,0.378421848172221,0.743719075458963,9.036286783131438,0.3567011698903124
Wine,6,Gradient Boosting,Raw,Feature masking,0.0,0.04978727132871712,36,0.9722222222222222,0.9771078141670101,0.0048855919447878815,0.0409743625188725,0.053255589675413426,0.09177990381295395,0.0019964467268388845
Wine,6,Gradient Boosting,Temperature scaled,Feature masking,0.0,0.04978727132871712,36,0.9722222222222222,0.9999999839332716,0.027777761711049398,0.027777761711049398,0.055555555555407476,0.7675283803980819,0.05214824929367825
Wine,6,Gradient Boosting,Raw,Feature masking,0.1,0.04978727132871712,36,0.9444444444444444,0.9676172418160187,0.023172797371574294,0.05594695360496337,0.0815085052593491,0.140930034394268,0.004092055593281084
Wine,6,Gradient Boosting,Temperature scaled,Feature masking,0.1,0.04978727132871712,36,0.9444444444444444,0.9999999999782685,0.055555555533824075,0.055555555533824075,0.11111111103185138,1.3526359731497832,0.05253405176281405
Wine,6,Gradient Boosting,Raw,Feature masking,0.2,0.04978727132871712,36,0.9444444444444444,0.9386283545468809,-0.005816089897563548,0.05182342184555012,0.06791670043397739,0.12271775150670498,0.0023822491959746873
Wine,6,Gradient Boosting,Temperature scaled,Feature masking,0.2,0.04978727132871712,36,0.9444444444444444,0.9982204797907926,0.05377603534634823,0.05377603534634823,0.1077797570461468,0.9627985475364582,0.0023822491959746873
Wine,6,Gradient Boosting,Raw,Feature masking,0.3,0.04978727132871712,36,0.8888888888888888,0.9267326704646837,0.03784378157579482,0.0779864702006446,0.1292414809363783,0.2031171177660699,0.01004779326263301
Wine,6,Gradient Boosting,Temperature scaled,Feature masking,0.3,0.04978727132871712,36,0.8888888888888888,0.9999997093313591,0.11111082044247023,0.11111082044247023,0.22222123765569476,1.943665538534368,0.027804600930422044
Wine,6,Gradient Boosting,Raw,Feature masking,0.4,0.04978727132871712,36,0.8611111111111112,0.8315226114560388,-0.029588499655072376,0.083828240454869,0.17926426189963718,0.30228317791551834,0.024378187884480276
Wine,6,Gradient Boosting,Temperature scaled,Feature masking,0.4,0.04978727132871712,36,0.8611111111111112,0.988549059678557,0.12743794856744584,0.14967108876244709,0.2864872693345045,1.7885489745348653,0.02271854484006285
Wine,6,Gradient Boosting,Raw,Feature masking,0.5,0.04978727132871712,36,0.8888888888888888,0.8303363284828147,-0.05855256040607415,0.11108071875999857,0.20076906222999064,0.3718646745178399,0.03376402832307999
Wine,6,Gradient Boosting,Temperature scaled,Feature masking,0.5,0.04978727132871712,36,0.8888888888888888,0.9931160583750263,0.10422716948613742,0.11252308231753769,0.21981051011611533,2.138261738528271,0.021331872325939354
Wine,7,Logistic Regression,Raw,Gaussian noise,0.0,0.3114786718745692,36,0.9722222222222222,0.9356827139128031,-0.0365395083094191,0.0643100858309018,0.041713770306983006,0.08342044350040859,0.0011794532627865965
Wine,7,Logistic Regression,Temperature scaled,Gaussian noise,0.0,0.3114786718745692,36,0.9722222222222222,0.9692042190107151,-0.0030180032115071365,0.031738581217433205,0.02576045780233564,0.042237423278452264,0.0003858024691358026
Wine,7,Logistic Regression,Raw,Gaussian noise,0.25,0.3114786718745692,36,0.9444444444444444,0.9345874735128584,-0.009856970931585995,0.04293610192507206,0.05787351932776995,0.10751245344858527,0.0023822491959746873
Wine,7,Logistic Regression,Temperature scaled,Gaussian noise,0.25,0.3114786718745692,36,0.9444444444444444,0.9792762874618963,0.0348318430174519,0.045854364268193046,0.06973396638077244,0.10718781094872881,0.0015652557319223992
Wine,7,Logistic Regression,Raw,Gaussian noise,0.5,0.3114786718745692,36,0.9166666666666666,0.9158325267591153,-0.0008341399075513234,0.05549368842930198,0.11979749805562391,0.2212107863690504,0.013068697255759227
Wine,7,Logistic Regression,Temperature scaled,Gaussian noise,0.5,0.3114786718745692,36,0.9166666666666666,0.974225628063793,0.05755896139712635,0.07405217991277041,0.12630652699345124,0.41273815804974723,0.013068697255759227
Wine,7,Logistic Regression,Raw,Gaussian noise,1.0,0.3114786718745692,36,0.8888888888888888,0.9398127596834982,0.05092387079460936,0.10391337092943129,0.14596023635102,0.2853076463408415,0.020758664672004296
Wine,7,Logistic Regression,Temperature scaled,Gaussian noise,1.0,0.3114786718745692,36,0.8888888888888888,0.981967172508321,0.09307828361943216,0.09307828361943209,0.16460770283613874,0.7102763407313565,0.024386427810636997
Wine,7,Logistic Regression,Raw,Gaussian noise,1.5,0.3114786718745692,36,0.8055555555555556,0.9108893328471288,0.10533377729157323,0.14488215491008116,0.2817539461961569,0.5156522758953068,0.05249336897920211
Wine,7,Logistic Regression,Temperature scaled,Gaussian noise,1.5,0.3114786718745692,36,0.8055555555555556,0.9789189972905604,0.17336344173500484,0.17336344173500465,0.3409442841274225,1.338748883069986,0.04997042197406911
Wine,7,Logistic Regression,Raw,Gaussian noise,2.0,0.3114786718745692,36,0.5555555555555556,0.8857744703128093,0.33021891475725373,0.37719443528098284,0.709753520698831,2.2230444491444494,0.2686618400258455
Wine,7,Logistic Regression,Temperature scaled,Gaussian noise,2.0,0.3114786718745692,36,0.5555555555555556,0.9497314545161638,0.39417589896060823,0.3941758989606087,0.7968452037944072,6.610481879511571,0.29165566718633934
Wine,7,Logistic Regression,Raw,Feature masking,0.0,0.3114786718745692,36,0.9722222222222222,0.9356827139128031,-0.0365395083094191,0.0643100858309018,0.041713770306983006,0.08342044350040859,0.0011794532627865965
Wine,7,Logistic Regression,Temperature scaled,Feature masking,0.0,0.3114786718745692,36,0.9722222222222222,0.9692042190107151,-0.0030180032115071365,0.031738581217433205,0.02576045780233564,0.042237423278452264,0.0003858024691358026
Wine,7,Logistic Regression,Raw,Feature masking,0.1,0.3114786718745692,36,0.9722222222222222,0.9210172351174266,-0.051204987104795596,0.05120498710479565,0.047958797078071526,0.1009428090764303,0.0019964467268388845
Wine,7,Logistic Regression,Temperature scaled,Feature masking,0.1,0.3114786718745692,36,0.9722222222222222,0.9601134440369202,-0.012108778185301983,0.013966112156792991,0.03581527465190375,0.05416049597430774,0.0003858024691358026
Wine,7,Logistic Regression,Raw,Feature masking,0.2,0.3114786718745692,36,0.9444444444444444,0.9119641089293749,-0.03248033551506957,0.06049693750190946,0.07552552509293947,0.1386749380738396,0.0023822491959746873
Wine,7,Logistic Regression,Temperature scaled,Feature masking,0.2,0.3114786718745692,36,0.9444444444444444,0.9714993416391342,0.027054897194689786,0.05257885504435396,0.08167011539627961,0.1306377429626323,0.003175899989625481
Wine,7,Logistic Regression,Raw,Feature masking,0.3,0.3114786718745692,36,0.9722222222222222,0.8755077610303603,-0.09671446119186189,0.122593521052688,0.07216784413192019,0.15466467510933307,0.0003858024691358026
Wine,7,Logistic Regression,Temperature scaled,Feature masking,0.3,0.3114786718745692,36,0.9722222222222222,0.9579783576546654,-0.014243864567556774,0.04624644971152623,0.03452222515113125,0.05960537766772786,0.0003858024691358026
Wine,7,Logistic Regression,Raw,Feature masking,0.4,0.3114786718745692,36,0.9166666666666666,0.8493861838381126,-0.06728048282855403,0.14316410262100757,0.13724848915453822,0.2535362500531304,0.012072687090476465
Wine,7,Logistic Regression,Temperature scaled,Feature masking,0.4,0.3114786718745692,36,0.9166666666666666,0.9692455291756601,0.05257886250899346,0.0963878589492093,0.1562277395462547,0.2670949571232979,0.012968744438146714
Wine,7,Logistic Regression,Raw,Feature masking,0.5,0.3114786718745692,36,0.8333333333333334,0.8132875855292846,-0.020045747804048775,0.11362138927609461,0.23225216581341243,0.4186417753219954,0.03801556177411577
Wine,7,Logistic Regression,Temperature scaled,Feature masking,0.5,0.3114786718745692,36,0.8333333333333334,0.9549886665505942,0.12165533321726085,0.12850700773465107,0.27627475730582024,0.6525179196301713,0.040202717509658606
Wine,7,Random Forest,Raw,Gaussian noise,0.0,0.04978738251701786,36,0.9722222222222222,0.8548223544972445,-0.11739986772497768,0.14543743386254399,0.06780827022801919,0.17299187922800718,0.0003858024691358026
Wine,7,Random Forest,Temperature scaled,Gaussian noise,0.0,0.04978738251701786,36,0.9722222222222222,0.9966620009890471,0.024439778766824904,0.024455774674059662,0.0430339572294505,0.05893199129799017,0.0003858024691358026
Wine,7,Random Forest,Raw,Gaussian noise,0.25,0.04978738251701786,36,0.9444444444444444,0.8175998677247891,-0.12684457671965532,0.1271710317461102,0.10071409392165061,0.2252186658390648,0.003175899989625481
Wine,7,Random Forest,Temperature scaled,Gaussian noise,0.25,0.04978738251701786,36,0.9444444444444444,0.9880751917228765,0.04363074727843208,0.04546506692627532,0.07229303564273798,0.09641625790859498,0.0015652557319223992
Wine,7,Random Forest,Raw,Gaussian noise,0.5,0.04978738251701786,36,0.8333333333333334,0.7435832010581513,-0.08975013227518203,0.11965489417994386,0.2091573868039897,0.3797991113625305,0.026927310572491855
Wine,7,Random Forest,Temperature scaled,Gaussian noise,0.5,0.04978738251701786,36,0.8333333333333334,0.9784224618233157,0.14508912848998234,0.1584694287375621,0.2861312668050667,1.1731117287439627,0.024655057891742445
Wine,7,Random Forest,Raw,Gaussian noise,1.0,0.04978738251701786,36,0.9166666666666666,0.6972055555555295,-0.21946111111113709,0.21946111111113706,0.20254509559839062,0.4047892203171686,0.00962029199102254
Wine,7,Random Forest,Temperature scaled,Gaussian noise,1.0,0.04978738251701786,36,0.9166666666666666,0.9887997751587003,0.07213310849203369,0.07213310849203361,0.13256830873835232,0.4231553823337745,0.006984559667790217
Wine,7,Random Forest,Raw,Gaussian noise,1.5,0.04978738251701786,36,0.6666666666666666,0.6171308201058202,-0.04953584656084642,0.14361521164021163,0.4454083054648526,0.7886340441106967,0.2956315056351151
Wine,7,Random Forest,Temperature scaled,Gaussian noise,1.5,0.04978738251701786,36,0.6666666666666666,0.9773135391852694,0.3106468725186028,0.3369600659176152,0.644099393088564,3.4696023823478255,0.18341579242090136
Wine,7,Random Forest,Raw,Gaussian noise,2.0,0.04978738251701786,36,0.5555555555555556,0.5842534391534391,0.0286978835978835,0.20997407407407404,0.5835162900176367,0.9424673018185583,0.36096852375507493
Wine,7,Random Forest,Temperature scaled,Gaussian noise,2.0,0.04978738251701786,36,0.5555555555555556,0.975368506253434,0.4198129506978784,0.4604395780438536,0.8964815084729837,7.305800286632785,0.4165008469616449
Wine,7,Random Forest,Raw,Feature masking,0.0,0.04978738251701786,36,0.9722222222222222,0.8548223544972446,-0.11739986772497757,0.14543743386254399,0.06780827022801919,0.17299187922800718,0.0003858024691358026
Wine,7,Random Forest,Temperature scaled,Feature masking,0.0,0.04978738251701786,36,0.9722222222222222,0.9966620009890471,0.024439778766824904,0.02445577467405967,0.04303395722945051,0.05893199129799022,0.0003858024691358026
Wine,7,Random Forest,Raw,Feature masking,0.1,0.04978738251701786,36,0.9444444444444444,0.8021485449734349,-0.1422958994710095,0.17103716931227939,0.11387974609599584,0.2516693542721735,0.0023822491959746873
Wine,7,Random Forest,Temperature scaled,Feature masking,0.1,0.04978738251701786,36,0.9444444444444444,0.9987269502326794,0.054282505788235014,0.054282505788235014,0.10613496368387058,0.2829325567798311,0.0015652557319223992
Wine,7,Random Forest,Raw,Feature masking,0.2,0.04978738251701786,36,0.9722222222222222,0.7703251322750768,-0.2018970899471454,0.20189708994714553,0.13304313845553034,0.28519120593049485,0.0003858024691358026
Wine,7,Random Forest,Temperature scaled,Feature masking,0.2,0.04978738251701786,36,0.9722222222222222,0.9952911773755834,0.02306895515336116,0.02325820263285468,0.0464625314764713,0.06959944798849334,0.0003858024691358026
Wine,7,Random Forest,Raw,Feature masking,0.3,0.04978738251701786,36,0.8888888888888888,0.7187345238094968,-0.17015436507939208,0.17015436507939216,0.20309200533257876,0.39265988970558485,0.015190227191238664
Wine,7,Random Forest,Temperature scaled,Feature masking,0.3,0.04978738251701786,36,0.8888888888888888,0.9802117001845375,0.09132281129564868,0.10350327529884022,0.1849824171762848,0.6192942226607818,0.012512796065531675
Wine,7,Random Forest,Raw,Feature masking,0.4,0.04978738251701786,36,0.8888888888888888,0.6925494708994435,-0.19633941798944532,0.19633941798944535,0.24351025010834043,0.447961114069597,0.026287980766495384
Wine,7,Random Forest,Temperature scaled,Feature masking,0.4,0.04978738251701786,36,0.8888888888888888,0.9840062689070321,0.0951173800181433,0.12239635581589178,0.22418962098076042,0.9410151487250603,0.03034585520329494
Wine,7,Random Forest,Raw,Feature masking,0.5,0.04978738251701786,36,0.8055555555555556,0.6610761904761904,-0.1444793650793652,0.22397513227513222,0.3061452474930713,0.5662216638072306,0.0459305069086772
Wine,7,Random Forest,Temperature scaled,Feature masking,0.5,0.04978738251701786,36,0.8055555555555556,0.97710570041911,0.17155014486355447,0.17658979335283537,0.3233388713097341,2.3585651820448783,0.05682930347231119
Wine,7,Gradient Boosting,Raw,Gaussian noise,0.0,0.05166719142389083,36,0.9722222222222222,0.9616872791609783,-0.010534943061243918,0.04248278020775263,0.033313212466532266,0.05629404985876395,0.0011794532627865965
Wine,7,Gradient Boosting,Temperature scaled,Gaussian noise,0.0,0.05166719142389083,36,0.9722222222222222,0.9913336422921789,0.019111420069956697,0.036328955869178836,0.060661418826442035,0.18193298544340902,0.0011794532627865965
Wine,7,Gradient Boosting,Raw,Gaussian noise,0.25,0.05166719142389083,36,1.0,0.9593066604259898,-0.04069333957401022,0.04069333957401036,0.019593518934449283,0.04790047190819709,0.0
Wine,7,Gradient Boosting,Temperature scaled,Gaussian noise,0.25,0.05166719142389083,36,1.0,0.999327122664349,-0.0006728773356510231,0.0006728773356510231,3.259894695272384e-05,0.0006811611211813655,0.0
Wine,7,Gradient Boosting,Raw,Gaussian noise,0.5,0.05166719142389083,36,0.8333333333333334,0.9184705880622707,0.0851372547289373,0.10864224911152771,0.21272308553816474,0.35623828862567375,0.03419171666409893
Wine,7,Gradient Boosting,Temperature scaled,Gaussian noise,0.5,0.05166719142389083,36,0.8333333333333334,0.9905829108148243,0.15724957748149093,0.1572495774814913,0.30202874392367385,2.8000555698277165,0.16214850989607127
Wine,7,Gradient Boosting,Raw,Gaussian noise,1.0,0.05166719142389083,36,0.9444444444444444,0.9181590981026628,-0.02628534634178159,0.060100586163424514,0.11337275321087475,0.20036924282435983,0.013281590072818709
Wine,7,Gradient Boosting,Temperature scaled,Gaussian noise,1.0,0.05166719142389083,36,0.9444444444444444,0.9919436937193221,0.0474992492748777,0.06361186180304514,0.11578420419521035,1.512396894660112,0.062306115321049335
Wine,7,Gradient Boosting,Raw,Gaussian noise,1.5,0.05166719142389083,36,0.5555555555555556,0.8262855894167159,0.27073003386116035,0.2707300338611605,0.6225228055935026,1.208087387858981,0.27597456894245803
Wine,7,Gradient Boosting,Temperature scaled,Gaussian noise,1.5,0.05166719142389083,36,0.5555555555555556,0.9888048566473956,0.43324930109184,0.4332493010918403,0.8508777877969431,9.15368968209237,0.329507123132907
Wine,7,Gradient Boosting,Raw,Gaussian noise,2.0,0.05166719142389083,36,0.4166666666666667,0.8266830570544728,0.4100163903878061,0.4872148509826497,0.9932027226038651,2.055573659727423,0.5225200093329093
Wine,7,Gradient Boosting,Temperature scaled,Gaussian noise,2.0,0.05166719142389083,36,0.4166666666666667,0.9944259556059555,0.5777592889392889,0.5777592889392886,1.161041160072325,15.462333643438392,0.6121374733946029
Wine,7,Gradient Boosting,Raw,Feature masking,0.0,0.05166719142389083,36,0.9722222222222222,0.9616872791609783,-0.010534943061243918,0.04248278020775263,0.033313212466532266,0.05629404985876395,0.0011794532627865965
Wine,7,Gradient Boosting,Temperature scaled,Feature masking,0.0,0.05166719142389083,36,0.9722222222222222,0.9913336422921789,0.019111420069956697,0.036328955869178836,0.060661418826442035,0.18193298544340902,0.0011794532627865965
Wine,7,Gradient Boosting,Raw,Feature masking,0.1,0.05166719142389083,36,0.9166666666666666,0.9429348646574311,0.02626819799076452,0.07294336807568456,0.09211491031634307,0.16146870843570738,0.009043410027857617
Wine,7,Gradient Boosting,Temperature scaled,Feature masking,0.1,0.05166719142389083,36,0.9166666666666666,0.999789565715761,0.08312289904909442,0.08312289904909442,0.1658268503546262,1.0836732741490447,0.013409111199114344
Wine,7,Gradient Boosting,Raw,Feature masking,0.2,0.05166719142389083,36,0.9444444444444444,0.9087172159150614,-0.03572722852938304,0.10194404665065726,0.07909111022520009,0.13479826677154422,0.004834644295428611
Wine,7,Gradient Boosting,Temperature scaled,Feature masking,0.2,0.05166719142389083,36,0.9444444444444444,0.9903158803127392,0.045871435868294785,0.06308897166751734,0.11628442409314424,0.45212916760437316,0.004834644295428611
Wine,7,Gradient Boosting,Raw,Feature masking,0.3,0.05166719142389083,36,0.8611111111111112,0.8874792383660615,0.026368127254950302,0.08595950748904604,0.17742407634564236,0.3317721434298934,0.02703037518497653
Wine,7,Gradient Boosting,Temperature scaled,Feature masking,0.3,0.05166719142389083,36,0.8611111111111112,0.9934307417910551,0.1323196306799439,0.13231963067994398,0.25515562312286383,2.0261761155682,0.050231287888373874
Wine,7,Gradient Boosting,Raw,Feature masking,0.4,0.05166719142389083,36,0.8611111111111112,0.8670612491723397,0.0059501380612285715,0.13426634668575788,0.21366530691246835,0.38209468254357454,0.038370028064632564
Wine,7,Gradient Boosting,Temperature scaled,Feature masking,0.4,0.05166719142389083,36,0.8611111111111112,0.9998700909839875,0.13875897987287633,0.13875897987287633,0.27727669612865513,2.7513027312821894,0.21253070078071312
Wine,7,Gradient Boosting,Raw,Feature masking,0.5,0.05166719142389083,36,0.75,0.8621953665834717,0.11219536658347173,0.13956584377512898,0.36497375748221805,0.6868463000477837,0.09091277212335575
Wine,7,Gradient Boosting,Temperature scaled,Feature masking,0.5,0.05166719142389083,36,0.75,0.9982911782045866,0.24829117820458657,0.24829117820458657,0.49932161736977804,5.43941730477265,0.16107188111981888
Wine,8,Logistic Regression,Raw,Gaussian noise,0.0,0.7594012294277318,36,0.9722222222222222,0.9700047625943531,-0.0022174596278691228,0.030692421170320502,0.017005157268864538,0.03761405733193107,0.0003858024691358026
Wine,8,Logistic Regression,Temperature scaled,Gaussian noise,0.0,0.7594012294277318,36,0.9722222222222222,0.9801885162097924,0.007966293987570205,0.02102553036044789,0.015739821760012655,0.02733996392059755,0.0003858024691358026
Wine,8,Logistic Regression,Raw,Gaussian noise,0.25,0.7594012294277318,36,1.0,0.9701228188298769,-0.029877181170123057,0.029877181170123085,0.01528154352522628,0.03561684408038593,0.0
Wine,8,Logistic Regression,Temperature scaled,Gaussian noise,0.25,0.7594012294277318,36,1.0,0.9801418186210662,-0.019858181378933804,0.01985818137893394,0.013277058937034134,0.024825824433640373,0.0
Wine,8,Logistic Regression,Raw,Gaussian noise,0.5,0.7594012294277318,36,0.9722222222222222,0.9592016900103513,-0.013020532211870939,0.05733707500738497,0.045960160930826305,0.08388434760936903,0.0011794532627865965
Wine,8,Logistic Regression,Temperature scaled,Gaussian noise,0.5,0.7594012294277318,36,0.9722222222222222,0.9763479838618577,0.004125761639635517,0.04381319011065429,0.04608452295430312,0.07677659808858268,0.0011794532627865965
Wine,8,Logistic Regression,Raw,Gaussian noise,1.0,0.7594012294277318,36,0.9722222222222222,0.9449593697539785,-0.02726285246824367,0.055860380085907366,0.0612838070958222,0.1056637466053081,0.0028381975685897267
Wine,8,Logistic Regression,Temperature scaled,Gaussian noise,1.0,0.7594012294277318,36,0.9722222222222222,0.9618481716960053,-0.010374050526216871,0.04527023496217429,0.060556885920554034,0.09953305455875967,0.0028381975685897267
Wine,8,Logistic Regression,Raw,Gaussian noise,1.5,0.7594012294277318,36,0.8333333333333334,0.9317360870373883,0.09840275370405493,0.12857410742610195,0.2457450155655011,0.4591096055656053,0.04759598643507747
Wine,8,Logistic Regression,Temperature scaled,Gaussian noise,1.5,0.7594012294277318,36,0.8333333333333334,0.9521497422095665,0.11881640887623313,0.11881640887623288,0.2599573090771725,0.5555850346006133,0.04759598643507747
Wine,8,Logistic Regression,Raw,Gaussian noise,2.0,0.7594012294277318,36,0.6388888888888888,0.9277599832424692,0.2888710943535804,0.3720938733898453,0.6793637200780429,1.957501833064104,0.23456854585119322
Wine,8,Logistic Regression,Temperature scaled,Gaussian noise,2.0,0.7594012294277318,36,0.6388888888888888,0.9419204377720679,0.30303154888317907,0.35071804720880373,0.69729199333709,2.531986990968743,0.23302533597465
Wine,8,Logistic Regression,Raw,Feature masking,0.0,0.7594012294277318,36,0.9722222222222222,0.9700047625943531,-0.0022174596278691228,0.030692421170320502,0.017005157268864538,0.03761405733193107,0.0003858024691358026
Wine,8,Logistic Regression,Temperature scaled,Feature masking,0.0,0.7594012294277318,36,0.9722222222222222,0.9801885162097924,0.007966293987570205,0.02102553036044789,0.015739821760012655,0.02733996392059755,0.0003858024691358026
Wine,8,Logistic Regression,Raw,Feature masking,0.1,0.7594012294277318,36,0.9722222222222222,0.9613052699345531,-0.01091695228766909,0.039391913830120494,0.01872512556510755,0.04691103984456615,0.0003858024691358026
Wine,8,Logistic Regression,Temperature scaled,Feature masking,0.1,0.7594012294277318,36,0.9722222222222222,0.9760872856972392,0.0038650634750170276,0.02512676087300105,0.016230961062414347,0.03159893991960842,0.0003858024691358026
Wine,8,Logistic Regression,Raw,Feature masking,0.2,0.7594012294277318,36,1.0,0.9314116144596891,-0.06858838554031088,0.0685883855403112,0.03694987471850239,0.08353603697004909,0.0
Wine,8,Logistic Regression,Temperature scaled,Feature masking,0.2,0.7594012294277318,36,1.0,0.951978338660887,-0.04802166133911301,0.048021661339113175,0.031061213041204294,0.06009612704489114,0.0
Wine,8,Logistic Regression,Raw,Feature masking,0.3,0.7594012294277318,36,0.9444444444444444,0.8902171455210439,-0.0542272989234005,0.11292251804570502,0.08845303605971358,0.16517547967671597,0.0068718932730075285
Wine,8,Logistic Regression,Temperature scaled,Feature masking,0.3,0.7594012294277318,36,0.9444444444444444,0.9212322232920572,-0.02321222115238719,0.06311040546010935,0.07894464301923948,0.1383644178233529,0.0068718932730075285
Wine,8,Logistic Regression,Raw,Feature masking,0.4,0.7594012294277318,36,0.9722222222222222,0.8622210679510209,-0.11000115427120127,0.12653466284844328,0.11378084313227611,0.22974914416455597,0.013051584935790977
Wine,8,Logistic Regression,Temperature scaled,Feature masking,0.4,0.7594012294277318,36,0.9722222222222222,0.9028277290157711,-0.06939449320645108,0.10116454180491453,0.09818950962550377,0.1991321469106787,0.013051584935790977
Wine,8,Logistic Regression,Raw,Feature masking,0.5,0.7594012294277318,36,0.9166666666666666,0.8205554509972663,-0.09611121566940029,0.15593918812567487,0.1498897019759589,0.28520030825884596,0.013862348049410021
Wine,8,Logistic Regression,Temperature scaled,Feature masking,0.5,0.7594012294277318,36,0.9166666666666666,0.867474670204891,-0.04919199646177563,0.12346378595419268,0.1351527216780923,0.24574130729434385,0.013862348049410021
Wine,8,Random Forest,Raw,Gaussian noise,0.0,0.438151827476313,36,0.9722222222222222,0.895006790123402,-0.0772154320988202,0.10810114638453452,0.05234316826208821,0.12968062082367843,0.0011794532627865965
Wine,8,Random Forest,Temperature scaled,Gaussian noise,0.0,0.438151827476313,36,0.9722222222222222,0.9692098397536368,-0.003012382468585373,0.03959517141302416,0.03427245149637967,0.05466803486908673,0.0011794532627865965
Wine,8,Random Forest,Raw,Gaussian noise,0.25,0.438151827476313,36,0.9722222222222222,0.8518110229276358,-0.12041119929458644,0.1462371252205127,0.07564786441141329,0.18256483290627967,0.0003858024691358026
Wine,8,Random Forest,Temperature scaled,Gaussian noise,0.25,0.438151827476313,36,0.9722222222222222,0.947337740019458,-0.02488448220276418,0.057437490049462296,0.046512629439363185,0.0782029054334758,0.0011794532627865965
Wine,8,Random Forest,Raw,Gaussian noise,0.5,0.438151827476313,36,0.9722222222222222,0.8224085978835434,-0.14981362433867884,0.1634617724868269,0.10654345520296403,0.23082560607134958,0.00460231047181553
Wine,8,Random Forest,Temperature scaled,Gaussian noise,0.5,0.438151827476313,36,0.9722222222222222,0.9384333618490679,-0.03378886037315432,0.06763874639167049,0.06038133152397786,0.1104391140236866,0.005528236397741457
Wine,8,Random Forest,Raw,Gaussian noise,1.0,0.438151827476313,36,0.8333333333333334,0.7090593474426548,-0.12427398589067862,0.17298165784835068,0.2416929437854511,0.444607850728432,0.029067228267965105
Wine,8,Random Forest,Temperature scaled,Gaussian noise,1.0,0.438151827476313,36,0.8333333333333334,0.8612750138014386,0.02794168046810519,0.11173255895665614,0.20855890718840903,0.3349077410696938,0.033930399281024884
Wine,8,Random Forest,Raw,Gaussian noise,1.5,0.438151827476313,36,0.8055555555555556,0.6572097001763669,-0.14834585537918865,0.22771225749559076,0.359823252255256,0.602641421431193,0.1587736271790669
Wine,8,Random Forest,Temperature scaled,Gaussian noise,1.5,0.438151827476313,36,0.8055555555555556,0.8265561992086751,0.02100064365311949,0.1755083326425878,0.3342037219387208,0.5773724455526981,0.15346090318766095
Wine,8,Random Forest,Raw,Gaussian noise,2.0,0.438151827476313,36,0.5,0.611592857142857,0.11159285714285705,0.23825176366843034,0.5456687299006187,0.9262859024271631,0.32963632846070584
Wine,8,Random Forest,Temperature scaled,Gaussian noise,2.0,0.438151827476313,36,0.5,0.7814944967982433,0.28149449679824334,0.2814944967982433,0.625549999360172,1.2035129560200262,0.3367426706926164
Wine,8,Random Forest,Raw,Feature masking,0.0,0.438151827476313,36,0.9722222222222222,0.895006790123402,-0.0772154320988202,0.10810114638453455,0.0523431682620882,0.12968062082367843,0.0011794532627865965
Wine,8,Random Forest,Temperature scaled,Feature masking,0.0,0.438151827476313,36,0.9722222222222222,0.9692098397536368,-0.003012382468585373,0.039595171413024155,0.03427245149637966,0.05466803486908672,0.0011794532627865965
Wine,8,Random Forest,Raw,Feature masking,0.1,0.438151827476313,36,0.9722222222222222,0.8523755731921849,-0.11984664903003728,0.15073236331575152,0.07054959994261213,0.17934843569125652,0.0011794532627865965
Wine,8,Random Forest,Temperature scaled,Feature masking,0.1,0.438151827476313,36,0.9722222222222222,0.9616499947200831,-0.010572227502139153,0.047155016446577866,0.035053596318450383,0.06245016003150827,0.0011794532627865965
Wine,8,Random Forest,Raw,Feature masking,0.2,0.438151827476313,36,0.9444444444444444,0.8030650793650517,-0.14137936507939275,0.20208730158732924,0.1217802292013104,0.2635203334611812,0.0067076896605280534
Wine,8,Random Forest,Temperature scaled,Feature masking,0.2,0.438151827476313,36,0.9444444444444444,0.9315673840896316,-0.012877060354812842,0.06392726084759913,0.07896669991527536,0.13208577693758913,0.004885706386931877
Wine,8,Random Forest,Raw,Feature masking,0.3,0.438151827476313,36,0.8888888888888888,0.7415711640211364,-0.1473177248677524,0.2193658730159006,0.16926946556367428,0.34754908277973473,0.007267955582906565
Wine,8,Random Forest,Temperature scaled,Feature masking,0.3,0.438151827476313,36,0.8888888888888888,0.8852605113232745,-0.0036283775656142936,0.09878990515531447,0.10960332316860451,0.19001411977318458,0.008164012930576814
Wine,8,Random Forest,Raw,Feature masking,0.4,0.438151827476313,36,0.8611111111111112,0.673979365079365,-0.1871317460317462,0.21425396825396822,0.26435172841017884,0.4987931999847642,0.03906748768492484
Wine,8,Random Forest,Temperature scaled,Feature masking,0.4,0.438151827476313,36,0.8611111111111112,0.860990481916083,-0.00012062919502819902,0.13309974236950212,0.20873431676611431,0.3487721154482665,0.03242806364783998
Wine,8,Random Forest,Raw,Feature masking,0.5,0.438151827476313,36,0.8333333333333334,0.6473479276895943,-0.1859854056437391,0.20605207231040568,0.2959199780491867,0.5493923331250481,0.053975618137985036
Wine,8,Random Forest,Temperature scaled,Feature masking,0.5,0.438151827476313,36,0.8333333333333334,0.8320774427767605,-0.0012558905565728251,0.12735983584470276,0.24213825492880836,0.4106639713300212,0.04475640657421723
Wine,8,Gradient Boosting,Raw,Gaussian noise,0.0,0.5484168106738365,36,1.0,0.9670901587974531,-0.03290984120254692,0.032909841202546794,0.01882216008176292,0.03960808913780423,0.0
Wine,8,Gradient Boosting,Temperature scaled,Gaussian noise,0.0,0.5484168106738365,36,1.0,0.9815698104923146,-0.01843018950768538,0.018430189507685667,0.011700793768017685,0.0224186935952661,0.0
Wine,8,Gradient Boosting,Raw,Gaussian noise,0.25,0.5484168106738365,36,0.9444444444444444,0.960565353312906,0.016120908868461625,0.051917559144808695,0.04673822017768508,0.07469557055442053,0.0015652557319223992
Wine,8,Gradient Boosting,Temperature scaled,Gaussian noise,0.25,0.5484168106738365,36,0.9444444444444444,0.9809098972067181,0.03646545276227364,0.04260726087865618,0.057189870169486984,0.07382873455035863,0.0015652557319223992
Wine,8,Gradient Boosting,Raw,Gaussian noise,0.5,0.5484168106738365,36,1.0,0.9292813237721749,-0.07071867622782513,0.07071867622782498,0.03950975076518722,0.08508790916769361,0.0
Wine,8,Gradient Boosting,Temperature scaled,Gaussian noise,0.5,0.5484168106738365,36,1.0,0.9617381221262166,-0.038261877873783434,0.03826187787378335,0.022773687937048426,0.046040344993044366,0.0
Wine,8,Gradient Boosting,Raw,Gaussian noise,1.0,0.5484168106738365,36,0.8055555555555556,0.8919277648975571,0.08637220934200152,0.11811946948990446,0.2575662094838099,0.4999771909861786,0.05707014004300301
Wine,8,Gradient Boosting,Temperature scaled,Gaussian noise,1.0,0.5484168106738365,36,0.8055555555555556,0.9353546987753926,0.129799143219837,0.12979914321983682,0.2826538041845865,0.7450328602561629,0.05870412697110759
Wine,8,Gradient Boosting,Raw,Gaussian noise,1.5,0.5484168106738365,36,0.75,0.8406635330135585,0.09066353301355845,0.1644001027599033,0.3896326304407056,0.7687647293475856,0.1627987035143777
Wine,8,Gradient Boosting,Temperature scaled,Gaussian noise,1.5,0.5484168106738365,36,0.75,0.9075549706633412,0.15755497066334123,0.18538337174061148,0.41640542100145483,1.1528118444579496,0.16285657388474806
Wine,8,Gradient Boosting,Raw,Gaussian noise,2.0,0.5484168106738365,36,0.5277777777777778,0.870376998428316,0.34259922065053816,0.39803071887411845,0.7826920850785736,1.7635212597427297,0.43311667643364493
Wine,8,Gradient Boosting,Temperature scaled,Gaussian noise,2.0,0.5484168106738365,36,0.5277777777777778,0.930898800563011,0.4031210227852332,0.4685742652629391,0.8597367355614156,3.009970959458537,0.42984381625289003
Wine,8,Gradient Boosting,Raw,Feature masking,0.0,0.5484168106738365,36,1.0,0.9670901587974531,-0.03290984120254692,0.032909841202546794,0.01882216008176292,0.03960808913780423,0.0
Wine,8,Gradient Boosting,Temperature scaled,Feature masking,0.0,0.5484168106738365,36,1.0,0.9815698104923146,-0.01843018950768538,0.018430189507685667,0.011700793768017685,0.0224186935952661,0.0
Wine,8,Gradient Boosting,Raw,Feature masking,0.1,0.5484168106738365,36,1.0,0.9629003054290138,-0.037099694570986164,0.037099694570986205,0.01894698296533048,0.04383221023555208,0.0
Wine,8,Gradient Boosting,Temperature scaled,Feature masking,0.1,0.5484168106738365,36,1.0,0.9814692458308936,-0.018530754169106434,0.01853075416910638,0.011690591110398886,0.0225165707011495,0.0
Wine,8,Gradient Boosting,Raw,Feature masking,0.2,0.5484168106738365,36,0.8611111111111112,0.9383424718044685,0.07723136069335734,0.09352648589531742,0.1472858801072818,0.21984430881438274,0.01100221049916654
Wine,8,Gradient Boosting,Temperature scaled,Feature masking,0.2,0.5484168106738365,36,0.8611111111111112,0.9715323580144923,0.11042124690338118,0.11042124690338145,0.19120361618771925,0.2976594685556749,0.01100221049916654
Wine,8,Gradient Boosting,Raw,Feature masking,0.3,0.5484168106738365,36,0.9166666666666666,0.9038940932626319,-0.012772573404034704,0.0677055939144145,0.1016046426618049,0.1744188816321702,0.008752236435466985
Wine,8,Gradient Boosting,Temperature scaled,Feature masking,0.3,0.5484168106738365,36,0.9166666666666666,0.9541352387503882,0.03746857208372156,0.05547043117569842,0.10811432318303928,0.16085815585766042,0.007910485593716144
Wine,8,Gradient Boosting,Raw,Feature masking,0.4,0.5484168106738365,36,0.8333333333333334,0.8872404032424335,0.0539070699091001,0.13017307740618533,0.23594715144673264,0.41431842919860107,0.031693597302168836
Wine,8,Gradient Boosting,Temperature scaled,Feature masking,0.4,0.5484168106738365,36,0.8333333333333334,0.947956734874241,0.11462340154090767,0.15399911084650592,0.2763882842248548,0.5667685074365056,0.0327619733705449
Wine,8,Gradient Boosting,Raw,Feature masking,0.5,0.5484168106738365,36,0.8611111111111112,0.8880562312426971,0.026945120131585898,0.10044652702591886,0.2333941377211003,0.4522077341339108,0.04664020919348283
Wine,8,Gradient Boosting,Temperature scaled,Feature masking,0.5,0.5484168106738365,36,0.8611111111111112,0.9624265320045328,0.1013154208934216,0.1343647144555559,0.2529323653515243,0.6299438245660202,0.047566135119408756
Wine,9,Logistic Regression,Raw,Gaussian noise,0.0,0.613990613193118,36,0.9444444444444444,0.9513291949899104,0.006884750545466001,0.05680823585286279,0.08154462107075716,0.12316972611903533,0.004017650831376323
Wine,9,Logistic Regression,Temperature scaled,Gaussian noise,0.0,0.613990613193118,36,0.9444444444444444,0.9706196195701291,0.02617517512568468,0.0629476436468722,0.09117971486395289,0.14123432655346713,0.004017650831376323
Wine,9,Logistic Regression,Raw,Gaussian noise,0.25,0.613990613193118,36,0.9166666666666666,0.9542247700360096,0.037558103369342954,0.0761508657791344,0.09856482731700456,0.14544837855052728,0.006088502320119968
Wine,9,Logistic Regression,Temperature scaled,Gaussian noise,0.25,0.613990613193118,36,0.9166666666666666,0.9748298639844486,0.05816319731778197,0.07089680931307826,0.11432198832716048,0.17963977596109532,0.005220446764564414
Wine,9,Logistic Regression,Raw,Gaussian noise,0.5,0.613990613193118,36,0.9166666666666666,0.9525772106068617,0.035910543940195105,0.071429281988386,0.0839956543817069,0.1293774994070578,0.0052715088560676806
Wine,9,Logistic Regression,Temperature scaled,Gaussian noise,0.5,0.613990613193118,36,0.9166666666666666,0.9737431774286254,0.05707651076195874,0.06154138124447206,0.09699148164034657,0.1508551071887878,0.0044034533005121255
Wine,9,Logistic Regression,Raw,Gaussian noise,1.0,0.613990613193118,36,0.7777777777777778,0.9279006572695424,0.15012287949176462,0.18337713317407023,0.3231833543727267,0.5710764987999349,0.06691631781769485
Wine,9,Logistic Regression,Temperature scaled,Gaussian noise,1.0,0.613990613193118,36,0.7777777777777778,0.9588584312361227,0.1810806534583449,0.20603205156179483,0.3673492152319613,0.8371779105938356,0.06604826226213929
Wine,9,Logistic Regression,Raw,Gaussian noise,1.5,0.613990613193118,36,0.8055555555555556,0.9071961435004715,0.10164058794491593,0.11473374445206348,0.26353315912272707,0.5975322728454073,0.09523073548473598
Wine,9,Logistic Regression,Temperature scaled,Gaussian noise,1.5,0.613990613193118,36,0.8055555555555556,0.9449844277035759,0.13942887214802036,0.1599718819980839,0.2990244397548374,0.857792996808502,0.09443708469108518
Wine,9,Logistic Regression,Raw,Gaussian noise,2.0,0.613990613193118,36,0.6944444444444444,0.9627466292806824,0.268302184836238,0.2683021848362382,0.5454291006224641,1.9685224666750964,0.30507899916235814
Wine,9,Logistic Regression,Temperature scaled,Gaussian noise,2.0,0.613990613193118,36,0.6944444444444444,0.9868567165697026,0.2924122721252582,0.29241227212525817,0.5778767814750956,3.1542638840605064,0.3179146473105063
Wine,9,Logistic Regression,Raw,Feature masking,0.0,0.613990613193118,36,0.9444444444444444,0.9513291949899104,0.006884750545466001,0.05680823585286279,0.08154462107075716,0.12316972611903533,0.004017650831376323
Wine,9,Logistic Regression,Temperature scaled,Feature masking,0.0,0.613990613193118,36,0.9444444444444444,0.9706196195701291,0.02617517512568468,0.0629476436468722,0.09117971486395289,0.14123432655346713,0.004017650831376323
Wine,9,Logistic Regression,Raw,Feature masking,0.1,0.613990613193118,36,0.9722222222222222,0.9372663891610039,-0.0349558330612183,0.07390438605085792,0.06220336789995927,0.1012205185006032,0.0028381975685897267
Wine,9,Logistic Regression,Temperature scaled,Feature masking,0.1,0.613990613193118,36,0.9722222222222222,0.9582317860972207,-0.013990436125001504,0.05861781170062426,0.06431614033276051,0.09183479652539495,0.0028381975685897267
Wine,9,Logistic Regression,Raw,Feature masking,0.2,0.613990613193118,36,0.9444444444444444,0.9177867756249274,-0.026657668819517033,0.08472962801238473,0.11287586594503085,0.20064418476968088,0.011345158448887085
Wine,9,Logistic Regression,Temperature scaled,Feature masking,0.2,0.613990613193118,36,0.9444444444444444,0.9584148989302523,0.013970454485807915,0.0627263174708868,0.1112372255017461,0.21673678261054818,0.011345158448887085
Wine,9,Logistic Regression,Raw,Feature masking,0.3,0.613990613193118,36,0.8888888888888888,0.8884049446514489,-0.000483944237439915,0.07274859361237482,0.16043058132043397,0.31112590460678746,0.0351476120596049
Wine,9,Logistic Regression,Temperature scaled,Feature masking,0.3,0.613990613193118,36,0.8888888888888888,0.9311966677332152,0.04230777884432635,0.07953659733444116,0.15664920136334534,0.36790812909306336,0.034330618595552614
Wine,9,Logistic Regression,Raw,Feature masking,0.4,0.613990613193118,36,0.8611111111111112,0.8888693748991954,0.027758263788084214,0.10112999765744468,0.20572321198788693,0.3344790405862589,0.033044903125566565
Wine,9,Logistic Regression,Temperature scaled,Feature masking,0.4,0.613990613193118,36,0.8611111111111112,0.9445450599438286,0.08343394883271749,0.1224605051369551,0.23255790742076346,0.39627397701164685,0.033044903125566565
Wine,9,Logistic Regression,Raw,Feature masking,0.5,0.613990613193118,36,0.75,0.8028202099981734,0.052820209998173384,0.16035236486605633,0.28196438399857,0.4548742769284183,0.06396279276807935
Wine,9,Logistic Regression,Temperature scaled,Feature masking,0.5,0.613990613193118,36,0.75,0.8698899755839385,0.11988997558393855,0.17011933158804246,0.3119865157744701,0.49540309304491853,0.06535925861248164
Wine,9,Random Forest,Raw,Gaussian noise,0.0,0.04978725350026802,36,0.9722222222222222,0.8672759259257601,-0.10494629629646213,0.10494629629646209,0.07614392320987828,0.17334317508659317,0.0037062531241452814
Wine,9,Random Forest,Temperature scaled,Gaussian noise,0.0,0.04978725350026802,36,0.9722222222222222,0.9999996196045314,0.02777739738230922,0.02777739738230922,0.05555547187617263,0.3916378851008791,0.0011794532627865965
Wine,9,Random Forest,Raw,Gaussian noise,0.25,0.04978725350026802,36,0.9722222222222222,0.8475499999998352,-0.12467222222238705,0.13315740740757231,0.07898139925926256,0.18699764694936039,0.0003858024691358026
Wine,9,Random Forest,Temperature scaled,Gaussian noise,0.25,0.04978725350026802,36,0.9722222222222222,0.9999399274383829,0.027717705216160682,0.027717705216160682,0.05537474361549664,0.1783465882118732,0.0003858024691358026
Wine,9,Random Forest,Raw,Gaussian noise,0.5,0.04978725350026802,36,0.9444444444444444,0.7788185185184366,-0.16562592592600778,0.18716296296304485,0.1469364143209904,0.3004594147171844,0.00996113941780923
Wine,9,Random Forest,Temperature scaled,Gaussian noise,0.5,0.04978725350026802,36,0.9444444444444444,0.9991042894937172,0.05465984504927279,0.05465984504927279,0.10926745498016188,0.5289379364556968,0.004988112940951333
Wine,9,Random Forest,Raw,Gaussian noise,1.0,0.04978725350026802,36,0.7222222222222222,0.6795944444444445,-0.04262777777777771,0.0926796296296296,0.39814284074577977,0.6409306439563426,0.20141057735893897
Wine,9,Random Forest,Temperature scaled,Gaussian noise,1.0,0.04978725350026802,36,0.7222222222222222,0.9907795324285361,0.2685573102063139,0.2786286867741248,0.5464214393726564,3.971862737793045,0.18019751088544095
Wine,9,Random Forest,Raw,Gaussian noise,1.5,0.04978725350026802,36,0.75,0.6366023809523811,-0.11339761904761891,0.18136798941798943,0.39766322870244397,0.6432787293247164,0.19063035808479198
Wine,9,Random Forest,Temperature scaled,Gaussian noise,1.5,0.04978725350026802,36,0.75,0.9971057327383579,0.2471057327383579,0.2471057327383579,0.49252785434354657,3.326565182107104,0.1951979777716837
Wine,9,Random Forest,Raw,Gaussian noise,2.0,0.04978725350026802,36,0.6388888888888888,0.6371936507936018,-0.0016952380952870438,0.21967195767195924,0.5030100856891004,0.8370678546787219,0.2784540097824365
Wine,9,Random Forest,Temperature scaled,Gaussian noise,2.0,0.04978725350026802,36,0.6388888888888888,0.9607232146198288,0.32183432573093995,0.34884567690853463,0.6808516850580186,5.518351242588819,0.27931405719498653
Wine,9,Random Forest,Raw,Feature masking,0.0,0.04978725350026802,36,0.9722222222222222,0.8672759259257601,-0.10494629629646213,0.10494629629646209,0.07614392320987828,0.17334317508659317,0.0037062531241452814
Wine,9,Random Forest,Temperature scaled,Feature masking,0.0,0.04978725350026802,36,0.9722222222222222,0.9999996196045314,0.02777739738230922,0.02777739738230922,0.05555547187617263,0.3916378851008791,0.0011794532627865965
Wine,9,Random Forest,Raw,Feature masking,0.1,0.04978725350026802,36,0.9722222222222222,0.8373425925925115,-0.13487962962971067,0.16225370370378484,0.07871776197531247,0.19327199808961018,0.0003858024691358026
Wine,9,Random Forest,Temperature scaled,Feature masking,0.1,0.04978725350026802,36,0.9722222222222222,0.9861463780758414,0.013924155853619169,0.013929119642145358,0.013964489450956498,0.019332170807213694,0.0003858024691358026
Wine,9,Random Forest,Raw,Feature masking,0.2,0.04978725350026802,36,0.9722222222222222,0.8027037037035937,-0.16951851851862854,0.1695185185186286,0.1448154340740759,0.30239468788345897,0.020031049590694232
Wine,9,Random Forest,Temperature scaled,Feature masking,0.2,0.04978725350026802,36,0.9722222222222222,0.9995080584523769,0.02728583623015468,0.02728583623015468,0.05557276812391384,0.7680246601918577,0.023401147629909917
Wine,9,Random Forest,Raw,Feature masking,0.3,0.04978725350026802,36,0.8888888888888888,0.752694444444389,-0.1361944444444998,0.14638333333338863,0.2125819644444449,0.39948108468905397,0.03425715425386087
Wine,9,Random Forest,Temperature scaled,Feature masking,0.3,0.04978725350026802,36,0.8888888888888888,0.9994683068311778,0.11057941794228898,0.11057941794228898,0.22012352167038712,1.560529560565259,0.05348725467268678
Wine,9,Random Forest,Raw,Feature masking,0.4,0.04978725350026802,36,0.8611111111111112,0.7103240740740464,-0.15078703703706475,0.1553722222222498,0.24291409604938302,0.45661041877664194,0.036073443976604835
Wine,9,Random Forest,Temperature scaled,Feature masking,0.4,0.04978725350026802,36,0.8611111111111112,0.9622255864252208,0.10111447531410966,0.10111447531410939,0.2163250342706199,1.547020586767799,0.03716881616414234
Wine,9,Random Forest,Raw,Feature masking,0.5,0.04978725350026802,36,0.8055555555555556,0.6239740740740467,-0.18158148148150888,0.22824444444447184,0.30431579876543285,0.5589919029087421,0.04072305489566963
Wine,9,Random Forest,Temperature scaled,Feature masking,0.5,0.04978725350026802,36,0.8055555555555556,0.995121355124749,0.1895657995691934,0.18956579956919373,0.3714644928199474,1.2736047806367026,0.03504325324219625
Wine,9,Gradient Boosting,Raw,Gaussian noise,0.0,0.0854818217746112,36,0.9722222222222222,0.9688274617934088,-0.0033947604288133704,0.048445172419219924,0.05565400261274943,0.09442963179043097,0.0028381975685897267
Wine,9,Gradient Boosting,Temperature scaled,Gaussian noise,0.0,0.0854818217746112,36,0.9722222222222222,0.9999614736066612,0.027739251384439,0.027739251384439,0.05555566242090172,0.6862031684942651,0.0028381975685897267
Wine,9,Gradient Boosting,Raw,Gaussian noise,0.25,0.0854818217746112,36,1.0,0.9628739400016068,-0.037126059998393246,0.03712605999839335,0.014822239181613624,0.042302617283798874,0.0
Wine,9,Gradient Boosting,Temperature scaled,Gaussian noise,0.25,0.0854818217746112,36,1.0,0.9999774899513727,-2.2510048627299994e-05,2.2510048627299994e-05,3.642291118370538e-08,2.251915927291685e-05,0.0
Wine,9,Gradient Boosting,Raw,Gaussian noise,0.5,0.0854818217746112,36,0.9166666666666666,0.9456513231749675,0.028984656508300843,0.058317188575420564,0.12925577452035764,0.20501864184906587,0.012188790654855891
Wine,9,Gradient Boosting,Temperature scaled,Gaussian noise,0.5,0.0854818217746112,36,0.9166666666666666,0.9999999624287486,0.08333329576208193,0.08333329576208193,0.16666661013968223,1.6975979139206983,0.011310000132343585
Wine,9,Gradient Boosting,Raw,Gaussian noise,1.0,0.0854818217746112,36,0.6666666666666666,0.8785187351684459,0.2118520685017793,0.2588864338273494,0.5063719600248482,0.9774285751536347,0.2139170172151823
Wine,9,Gradient Boosting,Temperature scaled,Gaussian noise,1.0,0.0854818217746112,36,0.6666666666666666,0.9831743000639247,0.31650763339725807,0.34214481423455295,0.6632117193425718,6.386834915310336,0.19394766504755426
Wine,9,Gradient Boosting,Raw,Gaussian noise,1.5,0.0854818217746112,36,0.75,0.8574355229181694,0.10743552291816938,0.1415936315470479,0.4056537123389672,0.8376776679798172,0.25621033831349455
Wine,9,Gradient Boosting,Temperature scaled,Gaussian noise,1.5,0.0854818217746112,36,0.75,0.9982485989424608,0.24824859894246076,0.24824859894246076,0.49485445463773964,5.03039390844813,0.19395682328625716
Wine,9,Gradient Boosting,Raw,Gaussian noise,2.0,0.0854818217746112,36,0.5833333333333334,0.8505474874635763,0.26721415413024296,0.38353701293207865,0.6851261617305917,1.5830630957099674,0.4279306501247546
Wine,9,Gradient Boosting,Temperature scaled,Gaussian noise,2.0,0.0854818217746112,36,0.5833333333333334,0.9991863685375427,0.41585303520420935,0.41585303520420935,0.8324853671756857,8.992511384977691,0.3840716475373037
Wine,9,Gradient Boosting,Raw,Feature masking,0.0,0.0854818217746112,36,0.9722222222222222,0.9688274617934088,-0.0033947604288133704,0.048445172419219924,0.05565400261274943,0.09442963179043097,0.0028381975685897267
Wine,9,Gradient Boosting,Temperature scaled,Feature masking,0.0,0.0854818217746112,36,0.9722222222222222,0.9999614736066612,0.027739251384439,0.027739251384439,0.05555566242090172,0.6862031684942651,0.0028381975685897267
Wine,9,Gradient Boosting,Raw,Feature masking,0.1,0.0854818217746112,36,0.9722222222222222,0.954832941821102,-0.0173892804011202,0.04638579441125854,0.026724641513360445,0.05691814491905892,0.0003858024691358026
Wine,9,Gradient Boosting,Temperature scaled,Feature masking,0.1,0.0854818217746112,36,0.9722222222222222,0.9927375418777429,0.02051531965552067,0.020592372173387993,0.03041726876253122,0.03745069067961988,0.0003858024691358026
Wine,9,Gradient Boosting,Raw,Feature masking,0.2,0.0854818217746112,36,0.9722222222222222,0.9298642203589692,-0.042358001863253,0.08821974958595344,0.08917380475424386,0.2812726853430229,0.025252999481761768
Wine,9,Gradient Boosting,Temperature scaled,Feature masking,0.2,0.0854818217746112,36,0.9722222222222222,0.9996526796145339,0.027430457392311647,0.027430457392311647,0.055562524004564934,0.7678774396710922,0.01702585141005745
Wine,9,Gradient Boosting,Raw,Feature masking,0.3,0.0854818217746112,36,0.9166666666666666,0.9271286792525285,0.01046201258586188,0.11401297881036589,0.15520738815225943,0.34786006010548354,0.026712265553141407
Wine,9,Gradient Boosting,Temperature scaled,Feature masking,0.3,0.0854818217746112,36,0.9166666666666666,0.9923625121820633,0.07569584551539665,0.09047844286984212,0.16962575620609177,1.6750985774442892,0.04206941526571692
Wine,9,Gradient Boosting,Raw,Feature masking,0.4,0.0854818217746112,36,0.8333333333333334,0.8959967254849727,0.0626633921516393,0.11509701889756424,0.19513068610143722,0.3513534678076284,0.030250089914086686
Wine,9,Gradient Boosting,Temperature scaled,Feature masking,0.4,0.0854818217746112,36,0.8333333333333334,0.9861075538334652,0.15277422050013179,0.15277422050013187,0.2916687707606167,1.887711740526672,0.03162164863858658
Wine,9,Gradient Boosting,Raw,Feature masking,0.5,0.0854818217746112,36,0.8888888888888888,0.7894539750263897,-0.09943491386249914,0.14372567207877573,0.21192031089756924,0.38090427459402504,0.03021615337481015
Wine,9,Gradient Boosting,Temperature scaled,Feature masking,0.5,0.0854818217746112,36,0.8888888888888888,0.9646890930294896,0.07580020414060074,0.1221652053430448,0.20585079703925865,1.2935772149958678,0.03147877963743641
Wine,10,Logistic Regression,Raw,Gaussian noise,0.0,0.04978738651119572,36,0.9722222222222222,0.9167983670128491,-0.055423855209373096,0.08920686457062235,0.058237368568837704,0.11623051563949366,0.0019964467268388845
Wine,10,Logistic Regression,Temperature scaled,Gaussian noise,0.0,0.04978738651119572,36,0.9722222222222222,0.9993305663013987,0.027108344079176505,0.027108344079176505,0.055582945662119375,0.2916199131498124,0.0019964467268388845
Wine,10,Logistic Regression,Raw,Gaussian noise,0.25,0.04978738651119572,36,0.9722222222222222,0.9157597090433589,-0.056462513178863305,0.08546922197611101,0.049683098004469364,0.11067862012121354,0.0011794532627865965
Wine,10,Logistic Regression,Temperature scaled,Gaussian noise,0.25,0.04978738651119572,36,0.9722222222222222,0.9878611429833184,0.015638920761096187,0.03941321071774033,0.06464997562326047,0.14617256774041296,0.0011794532627865965
Wine,10,Logistic Regression,Raw,Gaussian noise,0.5,0.04978738651119572,36,0.9166666666666666,0.9073563371092553,-0.00931032955741129,0.0797723292299892,0.13710937492301498,0.24498352476892077,0.02133966237215273
Wine,10,Logistic Regression,Temperature scaled,Gaussian noise,0.5,0.04978738651119572,36,0.9166666666666666,0.998096732776437,0.08143006610977033,0.08521205403779139,0.16687651198633385,1.5783490783383534,0.041009374551862335
Wine,10,Logistic Regression,Raw,Gaussian noise,1.0,0.04978738651119572,36,0.8333333333333334,0.895164163618872,0.061830830285538596,0.157695361472639,0.25587866486599997,0.48775366105924967,0.05413166648213538
Wine,10,Logistic Regression,Temperature scaled,Gaussian noise,1.0,0.04978738651119572,36,0.8333333333333334,0.9999040852944291,0.16657075196109572,0.16657075196109572,0.33295033580427924,3.551864011699502,0.12189317264724044
Wine,10,Logistic Regression,Raw,Gaussian noise,1.5,0.04978738651119572,36,0.6944444444444444,0.8814356748251754,0.18699123038073096,0.25507551342401447,0.4723181891796083,1.2517740076632646,0.15383219824804484
Wine,10,Logistic Regression,Temperature scaled,Gaussian noise,1.5,0.04978738651119572,36,0.6944444444444444,0.9962988550355372,0.30185441059109275,0.30864966762581003,0.61073339466974,6.674254120152994,0.15702493938770606
Wine,10,Logistic Regression,Raw,Gaussian noise,2.0,0.04978738651119572,36,0.6111111111111112,0.9039898922515525,0.2928787811404413,0.3359446861204291,0.6063932997104713,1.656144526880646,0.2567339729997111
Wine,10,Logistic Regression,Temperature scaled,Gaussian noise,2.0,0.04978738651119572,36,0.6111111111111112,0.9887993735950905,0.37768826248397935,0.3776882624839795,0.7420312805025796,9.058499016564163,0.2927527761944471
Wine,10,Logistic Regression,Raw,Feature masking,0.0,0.04978738651119572,36,0.9722222222222222,0.9167983670128491,-0.055423855209373096,0.08920686457062235,0.058237368568837704,0.11623051563949366,0.0019964467268388845
Wine,10,Logistic Regression,Temperature scaled,Feature masking,0.0,0.04978738651119572,36,0.9722222222222222,0.9993305663013987,0.027108344079176505,0.027108344079176505,0.055582945662119375,0.2916199131498124,0.0019964467268388845
Wine,10,Logistic Regression,Raw,Feature masking,0.1,0.04978738651119572,36,0.9444444444444444,0.9025109965012251,-0.04193344794321929,0.09087555230024356,0.06114416429373753,0.13182050991188762,0.0015652557319223992
Wine,10,Logistic Regression,Temperature scaled,Feature masking,0.1,0.04978738651119572,36,0.9444444444444444,0.9857897682738819,0.04134532382943745,0.04134532382943769,0.06880239855082583,0.2483288818226787,0.0015652557319223992
Wine,10,Logistic Regression,Raw,Feature masking,0.2,0.04978738651119572,36,0.9722222222222222,0.8776711972022047,-0.09455102502001755,0.09455102502001747,0.08848907559464812,0.1891296933531232,0.006486090803871726
Wine,10,Logistic Regression,Temperature scaled,Feature masking,0.2,0.04978738651119572,36,0.9722222222222222,0.9999988764449357,0.02777665422271347,0.02777665422271347,0.05555555560499741,0.7675294878988149,0.040078143473572435
Wine,10,Logistic Regression,Raw,Feature masking,0.3,0.04978738651119572,36,0.9166666666666666,0.8415715655559595,-0.07509510111070716,0.08450151675997618,0.16813236407947585,0.2873860661385217,0.027529259017193698
Wine,10,Logistic Regression,Temperature scaled,Feature masking,0.3,0.04978738651119572,36,0.9166666666666666,0.99512099977075,0.07845433310408334,0.08798070962094855,0.16829416291717925,1.5867881196825122,0.06991701885367645
Wine,10,Logistic Regression,Raw,Feature masking,0.4,0.04978738651119572,36,0.9166666666666666,0.8293491427988942,-0.08731752386777247,0.11535141897240254,0.1431470675350507,0.2836628547188488,0.014226104663166633
Wine,10,Logistic Regression,Temperature scaled,Feature masking,0.4,0.04978738651119572,36,0.9166666666666666,0.9829242786631558,0.06625761199648916,0.06625761199648916,0.13299691586226625,0.870644450750363,0.026577047619535398
Wine,10,Logistic Regression,Raw,Feature masking,0.5,0.04978738651119572,36,0.8611111111111112,0.7596437526065163,-0.10146735850459487,0.16410355914471447,0.22492485116428396,0.40784620236253166,0.02865203794575219
Wine,10,Logistic Regression,Temperature scaled,Feature masking,0.5,0.04978738651119572,36,0.8611111111111112,0.9898047368011689,0.1286936256900577,0.13543550149399197,0.26737218716271677,2.0640322311767427,0.027507694735985348
Wine,10,Random Forest,Raw,Gaussian noise,0.0,0.049787346638249214,36,1.0,0.8408606701938952,-0.1591393298061048,0.15913932980610485,0.07844126417346053,0.18944878751546565,0.0
Wine,10,Random Forest,Temperature scaled,Gaussian noise,0.0,0.049787346638249214,36,1.0,0.9998605211061578,-0.00013947889384224865,0.00013947889384224865,4.965557632441551e-07,0.00013960318685623873,0.0
Wine,10,Random Forest,Raw,Gaussian noise,0.25,0.049787346638249214,36,1.0,0.8188156084655809,-0.18118439153441912,0.18118439153441915,0.09521191742672422,0.22100302468580205,0.0
Wine,10,Random Forest,Temperature scaled,Gaussian noise,0.25,0.049787346638249214,36,1.0,0.9984294122540054,-0.0015705877459946116,0.0015705877459946116,0.00013269508540884019,0.0016048626217837227,0.0
Wine,10,Random Forest,Raw,Gaussian noise,0.5,0.049787346638249214,36,0.8888888888888888,0.7598792768959437,-0.12900961199294514,0.15227751322751318,0.20433779404551944,0.37157987955660715,0.03068512884378562
Wine,10,Random Forest,Temperature scaled,Gaussian noise,0.5,0.049787346638249214,36,0.8888888888888888,0.993943361074175,0.10505447218528619,0.10505447218528616,0.20694025185493492,1.548848023943678,0.028444342393853746
Wine,10,Random Forest,Raw,Gaussian noise,1.0,0.049787346638249214,36,0.8888888888888888,0.6241383597883599,-0.264750529100529,0.2758235449735449,0.3209536711587021,0.5652469776664535,0.07230066835683101
Wine,10,Random Forest,Temperature scaled,Gaussian noise,1.0,0.049787346638249214,36,0.8888888888888888,0.9801701301856931,0.09128124129680426,0.11553510150893731,0.205098568693217,1.1362150605427,0.088196233167837
Wine,10,Random Forest,Raw,Gaussian noise,1.5,0.049787346638249214,36,0.6666666666666666,0.5725471781305115,-0.09411948853615515,0.21085493827160495,0.4925495220744101,0.8195124417721309,0.22956772225550168
Wine,10,Random Forest,Temperature scaled,Gaussian noise,1.5,0.049787346638249214,36,0.6666666666666666,0.9489221189241805,0.2822554522575139,0.3786443473930212,0.6921383147359188,4.366006727560669,0.2413492280826359
Wine,10,Random Forest,Raw,Gaussian noise,2.0,0.049787346638249214,36,0.6388888888888888,0.5611195767195769,-0.07776931216931193,0.2308417989417989,0.553844705302763,0.922858360168244,0.36939358174451437
Wine,10,Random Forest,Temperature scaled,Gaussian noise,2.0,0.049787346638249214,36,0.6388888888888888,0.9502252062175681,0.3113363173286793,0.3684859276226188,0.6864107619274625,4.866653155634203,0.3493725077472881
Wine,10,Random Forest,Raw,Feature masking,0.0,0.049787346638249214,36,1.0,0.8408606701938951,-0.1591393298061049,0.15913932980610487,0.07844126417346053,0.18944878751546568,0.0
Wine,10,Random Forest,Temperature scaled,Feature masking,0.0,0.049787346638249214,36,1.0,0.9998605211061578,-0.00013947889384224865,0.00013947889384224865,4.965557632441551e-07,0.00013960318685623873,0.0
Wine,10,Random Forest,Raw,Feature masking,0.1,0.049787346638249214,36,0.9444444444444444,0.7972092592591788,-0.14723518518526557,0.2030561728395867,0.1296249498535926,0.2669002953900054,0.003175899989625481
Wine,10,Random Forest,Temperature scaled,Feature masking,0.1,0.049787346638249214,36,0.9444444444444444,0.9972311854777582,0.05278674103331382,0.05278674103331393,0.10105206295898798,0.3302479694461826,0.004988112940951333
Wine,10,Random Forest,Raw,Feature masking,0.2,0.049787346638249214,36,0.9444444444444444,0.7596016754849819,-0.1848427689594625,0.1848427689594626,0.15302834039416735,0.31298940359603244,0.007524683124580342
Wine,10,Random Forest,Temperature scaled,Feature masking,0.2,0.049787346638249214,36,0.9444444444444444,0.9888458786398228,0.04440143419537834,0.06488774542070416,0.11514523613540163,0.2701254525674657,0.003175899989625481
Wine,10,Random Forest,Raw,Feature masking,0.3,0.049787346638249214,36,0.8055555555555556,0.6988493827160229,-0.10670617283953265,0.1316178130511727,0.2541618503748521,0.45224541840004373,0.03488481651755842
Wine,10,Random Forest,Temperature scaled,Feature masking,0.3,0.049787346638249214,36,0.8055555555555556,0.9603205380084066,0.15476498245285097,0.17009448363811636,0.3097177265568088,1.2056857942783372,0.031412421386666556
Wine,10,Random Forest,Raw,Feature masking,0.4,0.049787346638249214,36,0.8611111111111112,0.6879720458553792,-0.17313906525573197,0.18649338624338624,0.28314323769547317,0.5148727033571414,0.04417792327251023
Wine,10,Random Forest,Temperature scaled,Feature masking,0.4,0.049787346638249214,36,0.8611111111111112,0.9702799341680044,0.10916882305689324,0.15517110415902174,0.28524208021761127,1.841428785983342,0.03855390464556796
Wine,10,Random Forest,Raw,Feature masking,0.5,0.049787346638249214,36,0.7777777777777778,0.6297718694885363,-0.14800590828924154,0.21104594356261025,0.33523485585509927,0.5830170736873639,0.08702081129429931
Wine,10,Random Forest,Temperature scaled,Feature masking,0.5,0.049787346638249214,36,0.7777777777777778,0.9732751587437833,0.19549738096600555,0.20668878710598854,0.39184796143034306,1.9268921658526308,0.08307202478278879
Wine,10,Gradient Boosting,Raw,Gaussian noise,0.0,0.24311068024798257,36,0.9722222222222222,0.9651593148347182,-0.007062907387504036,0.04032682163190496,0.026885676886093918,0.05191100452033519,0.0003858024691358026
Wine,10,Gradient Boosting,Temperature scaled,Gaussian noise,0.0,0.24311068024798257,36,0.9722222222222222,0.9948747887341766,0.022652566511954353,0.023968930918295276,0.03915417854471086,0.051430316368317866,0.0003858024691358026
Wine,10,Gradient Boosting,Raw,Gaussian noise,0.25,0.24311068024798257,36,0.9444444444444444,0.9567003201901796,0.012255875745735167,0.06965991874206653,0.07290675752570605,0.11616064537014593,0.003175899989625481
Wine,10,Gradient Boosting,Temperature scaled,Gaussian noise,0.25,0.24311068024798257,36,0.9444444444444444,0.9977695521809495,0.05332510773650512,0.05332510773650512,0.1071281968958331,0.2744220336196947,0.003175899989625481
Wine,10,Gradient Boosting,Raw,Gaussian noise,0.5,0.24311068024798257,36,0.8333333333333334,0.9312199103653391,0.09788657703200576,0.14774975299450205,0.29921841714272684,0.5574592748544486,0.05812027045807694
Wine,10,Gradient Boosting,Temperature scaled,Gaussian noise,0.5,0.24311068024798257,36,0.8333333333333334,0.9931527894456507,0.1598194561123173,0.15981945611231702,0.3257918293911486,1.9645638997043287,0.05738912051017507
Wine,10,Gradient Boosting,Raw,Gaussian noise,1.0,0.24311068024798257,36,0.75,0.8846832641928495,0.13468326419284948,0.16362788855200816,0.40628628017957946,0.8097924407285368,0.1276963251828327
Wine,10,Gradient Boosting,Temperature scaled,Gaussian noise,1.0,0.24311068024798257,36,0.75,0.9773942401584941,0.22739424015849408,0.2544715344266544,0.485377627388965,2.803832312984179,0.13553693364844116
Wine,10,Gradient Boosting,Raw,Gaussian noise,1.5,0.24311068024798257,36,0.6111111111111112,0.8591061282096746,0.24799501709856342,0.24986557457997385,0.637937997581404,1.418317653791773,0.21268243352446783
Wine,10,Gradient Boosting,Temperature scaled,Gaussian noise,1.5,0.24311068024798257,36,0.6111111111111112,0.9808884542812716,0.3697773431701604,0.38787894608095985,0.7667706997594129,5.175585842220011,0.22797862908074062
Wine,10,Gradient Boosting,Raw,Gaussian noise,2.0,0.24311068024798257,36,0.5833333333333334,0.8651704581853197,0.2818371248519863,0.3082581372812574,0.707089591780176,1.8137796527841223,0.4175465137500749
Wine,10,Gradient Boosting,Temperature scaled,Gaussian noise,2.0,0.24311068024798257,36,0.5833333333333334,0.9733670048638573,0.39003367153052393,0.4086344912071219,0.7996773529570056,6.396317188940836,0.39311092071873377
Wine,10,Gradient Boosting,Raw,Feature masking,0.0,0.24311068024798257,36,0.9722222222222222,0.9651593148347182,-0.007062907387504036,0.04032682163190496,0.026885676886093918,0.05191100452033519,0.0003858024691358026
Wine,10,Gradient Boosting,Temperature scaled,Feature masking,0.0,0.24311068024798257,36,0.9722222222222222,0.9948747887341766,0.022652566511954353,0.023968930918295276,0.03915417854471086,0.051430316368317866,0.0003858024691358026
Wine,10,Gradient Boosting,Raw,Feature masking,0.1,0.24311068024798257,36,0.8888888888888888,0.9402531174990371,0.05136422861014822,0.11270279116219614,0.15611525280988578,0.25100012823813855,0.012326214427337136
Wine,10,Gradient Boosting,Temperature scaled,Feature masking,0.1,0.24311068024798257,36,0.8888888888888888,0.990551320621223,0.10166243173233414,0.10166243173233412,0.20624110078886937,0.7486912199360705,0.01153256363368634
Wine,10,Gradient Boosting,Raw,Feature masking,0.2,0.24311068024798257,36,0.9166666666666666,0.9334550513738562,0.016788384707189574,0.0793642926618203,0.10667538120316768,0.16856500953219472,0.006088502320119968
Wine,10,Gradient Boosting,Temperature scaled,Feature masking,0.2,0.24311068024798257,36,0.9166666666666666,0.9776498709820908,0.060983204315424144,0.07731051630454791,0.1295377022980816,0.3876070426089784,0.006088502320119968
Wine,10,Gradient Boosting,Raw,Feature masking,0.3,0.24311068024798257,36,0.7777777777777778,0.9216236076395931,0.14384582986181527,0.19520443345195407,0.35655490221865915,0.5740262938072237,0.05666576444999467
Wine,10,Gradient Boosting,Temperature scaled,Feature masking,0.3,0.24311068024798257,36,0.7777777777777778,0.9869156304252693,0.20913785264749152,0.23248643400756766,0.4466571354091551,1.993695775747818,0.05798851577274599
Wine,10,Gradient Boosting,Raw,Feature masking,0.4,0.24311068024798257,36,0.6944444444444444,0.8901574271978883,0.19571298275344384,0.19571298275344393,0.4275693245804219,0.7582086390764506,0.08657017653600743
Wine,10,Gradient Boosting,Temperature scaled,Feature masking,0.4,0.24311068024798257,36,0.6944444444444444,0.979907637752672,0.28546319330822756,0.28546319330822756,0.5774179046426354,2.604822355894088,0.08734657405153538
Wine,10,Gradient Boosting,Raw,Feature masking,0.5,0.24311068024798257,36,0.6666666666666666,0.8631294582137079,0.19646279154704127,0.2023829454153456,0.4723491932626993,0.7853922651440869,0.136425691825152
Wine,10,Gradient Boosting,Temperature scaled,Feature masking,0.5,0.24311068024798257,36,0.6666666666666666,0.9676823347018809,0.3010156680352143,0.30101566803521473,0.5900740615677943,2.5800990763707192,0.1293855542212889
Wine,11,Logistic Regression,Raw,Gaussian noise,0.0,0.049787288452427296,36,0.9722222222222222,0.9407490333433225,-0.031473188878899716,0.03147318887889979,0.04424544909938408,0.08768950353257256,0.0011794532627865965
Wine,11,Logistic Regression,Temperature scaled,Gaussian noise,0.0,0.049787288452427296,36,0.9722222222222222,0.9999998227579303,0.027777600535708102,0.027777600535708102,0.055555472079392515,0.39170739443425945,0.0011794532627865965
Wine,11,Logistic Regression,Raw,Gaussian noise,0.25,0.049787288452427296,36,0.9166666666666666,0.9389581476062178,0.022291480939551134,0.07536662910790923,0.06790128120221141,0.11220872224046337,0.003561702458761284
Wine,11,Logistic Regression,Temperature scaled,Gaussian noise,0.25,0.049787288452427296,36,0.9166666666666666,0.9939909643623446,0.07732429769567795,0.07732429769567789,0.14410790276284285,0.7712494237720872,0.003561702458761284
Wine,11,Logistic Regression,Raw,Gaussian noise,0.5,0.049787288452427296,36,0.9166666666666666,0.9220118378225544,0.005345171155887729,0.09120062725563885,0.09895144606851274,0.15573623764997782,0.006882153113770762
Wine,11,Logistic Regression,Temperature scaled,Gaussian noise,0.5,0.049787288452427296,36,0.9166666666666666,0.9999885028344361,0.08332183616776945,0.08332183616776945,0.16666600899004852,1.3092957055363188,0.006882153113770762
Wine,11,Logistic Regression,Raw,Gaussian noise,1.0,0.049787288452427296,36,0.8333333333333334,0.8907856768857056,0.057452343552372276,0.11618565030072871,0.2703690284289506,0.49110457079635744,0.06100082336169014
Wine,11,Logistic Regression,Temperature scaled,Gaussian noise,1.0,0.049787288452427296,36,0.8333333333333334,0.9998442997255997,0.16651096639226637,0.16651096639226637,0.3330237774010796,4.102294034029991,0.1474241288460888
Wine,11,Logistic Regression,Raw,Gaussian noise,1.5,0.049787288452427296,36,0.7222222222222222,0.9221909252023297,0.1999687029801075,0.2123795488265373,0.4386828989847283,0.9146586046885908,0.12194324377960583
Wine,11,Logistic Regression,Temperature scaled,Gaussian noise,1.5,0.049787288452427296,36,0.7222222222222222,0.9985798808181082,0.276357658595886,0.276357658595886,0.5519029096915504,6.591407010688678,0.23788038730628472
Wine,11,Logistic Regression,Raw,Gaussian noise,2.0,0.049787288452427296,36,0.6111111111111112,0.8738648853592087,0.26275377424809754,0.3034697229707659,0.6228330094403836,2.4310237303992905,0.2756157163148063
Wine,11,Logistic Regression,Temperature scaled,Gaussian noise,2.0,0.049787288452427296,36,0.6111111111111112,0.9964645014095466,0.3853533902984354,0.3853533902984353,0.7729492926469407,9.275563651148472,0.2570428218429745
Wine,11,Logistic Regression,Raw,Feature masking,0.0,0.049787288452427296,36,0.9722222222222222,0.9407490333433225,-0.031473188878899716,0.03147318887889979,0.04424544909938408,0.08768950353257256,0.0011794532627865965
Wine,11,Logistic Regression,Temperature scaled,Feature masking,0.0,0.049787288452427296,36,0.9722222222222222,0.9999998227579303,0.027777600535708102,0.027777600535708102,0.055555472079392515,0.39170739443425945,0.0011794532627865965
Wine,11,Logistic Regression,Raw,Feature masking,0.1,0.049787288452427296,36,0.9166666666666666,0.9147890912167287,-0.0018775754499379405,0.07816165898601282,0.07672695458871802,0.13610057187242924,0.0044034533005121255
Wine,11,Logistic Regression,Temperature scaled,Feature masking,0.1,0.049787288452427296,36,0.9166666666666666,0.9919648882209056,0.07529822155423893,0.07529822155423874,0.13917392547073915,0.7084920057828014,0.0044034533005121255
Wine,11,Logistic Regression,Raw,Feature masking,0.2,0.049787288452427296,36,1.0,0.8631639688698858,-0.13683603113011422,0.13683603113011414,0.08597310307920918,0.16946299431811188,0.0
Wine,11,Logistic Regression,Temperature scaled,Feature masking,0.2,0.049787288452427296,36,1.0,0.9928942710019896,-0.00710572899801043,0.007105728998010501,0.002097864443622266,0.007696927040578981,0.0
Wine,11,Logistic Regression,Raw,Feature masking,0.3,0.049787288452427296,36,0.8888888888888888,0.8827271823005866,-0.006161706588302285,0.07683915338864833,0.12485589215296376,0.2111279998803737,0.009822757236379945
Wine,11,Logistic Regression,Temperature scaled,Feature masking,0.3,0.049787288452427296,36,0.8888888888888888,0.999794772192907,0.11090588330401818,0.11090588330401818,0.2221011510439049,1.4003238651396255,0.00972035068236049
Wine,11,Logistic Regression,Raw,Feature masking,0.4,0.049787288452427296,36,0.8333333333333334,0.8568661449586003,0.02353281162526688,0.1513842825546515,0.18018439891664453,0.30562505937582984,0.02649395920164049
Wine,11,Logistic Regression,Temperature scaled,Feature masking,0.4,0.049787288452427296,36,0.8333333333333334,0.9975202735363184,0.16418694020298508,0.16418694020298508,0.3236320223560821,2.4232488675200363,0.022556714114506635
Wine,11,Logistic Regression,Raw,Feature masking,0.5,0.049787288452427296,36,0.9166666666666666,0.7588877804367161,-0.1577788862299505,0.1811715027926459,0.1853584871183208,0.3409504005670757,0.01683196840814328
Wine,11,Logistic Regression,Temperature scaled,Feature masking,0.5,0.049787288452427296,36,0.9166666666666666,0.976668810521033,0.06000214385436642,0.10534275093366502,0.17903612508285244,0.7755573744221333,0.018126956100189797
Wine,11,Random Forest,Raw,Gaussian noise,0.0,0.04978737644528947,36,0.9444444444444444,0.8273171957671958,-0.11712724867724866,0.1515013227513227,0.10175784139077854,0.22394062114945001,0.004834644295428611
Wine,11,Random Forest,Temperature scaled,Gaussian noise,0.0,0.04978737644528947,36,0.9444444444444444,0.9859164135598498,0.041471969115405405,0.06525356206772384,0.10804641127217288,0.40906305699678236,0.004834644295428611
Wine,11,Random Forest,Raw,Gaussian noise,0.25,0.04978737644528947,36,0.8888888888888888,0.8149013227512198,-0.07398756613766899,0.19678386243396545,0.12743285849837557,0.2587630104417703,0.00908993885650274
Wine,11,Random Forest,Temperature scaled,Gaussian noise,0.25,0.04978737644528947,36,0.8888888888888888,0.9833763209938913,0.09448743210500243,0.09448743210500246,0.16648209662040792,0.7931476779741655,0.009931689698253582
Wine,11,Random Forest,Raw,Gaussian noise,0.5,0.04978737644528947,36,0.8888888888888888,0.7629952380952382,-0.12589365079365067,0.12589365079365084,0.20518102678760392,0.3912663406263921,0.04910289671709054
Wine,11,Random Forest,Temperature scaled,Gaussian noise,0.5,0.04978737644528947,36,0.8888888888888888,0.9996856037381292,0.11079671484924036,0.11079671484924036,0.22097527102742487,2.0244534000371797,0.03602605095029379
Wine,11,Random Forest,Raw,Gaussian noise,1.0,0.04978737644528947,36,0.75,0.7015293650793161,-0.04847063492068393,0.11804417989418257,0.35016398555808453,0.5621481648613582,0.1250985175656659
Wine,11,Random Forest,Temperature scaled,Gaussian noise,1.0,0.04978737644528947,36,0.75,0.9806850812100547,0.2306850812100547,0.2375563616585926,0.45677161281916084,3.48727649965374,0.13792614601090283
Wine,11,Random Forest,Raw,Gaussian noise,1.5,0.04978737644528947,36,0.6666666666666666,0.6075476190476191,-0.059119047619047516,0.17663703703703704,0.4745290756311414,0.7876769782416949,0.31585910066318235
Wine,11,Random Forest,Temperature scaled,Gaussian noise,1.5,0.04978737644528947,36,0.6666666666666666,0.9850780017156432,0.31841133504897656,0.3221497895355123,0.6377058685347792,4.783734655065714,0.32624893625141294
Wine,11,Random Forest,Raw,Gaussian noise,2.0,0.04978737644528947,36,0.5,0.5765410052909873,0.07654100529098729,0.12132460317458514,0.5793967378735255,0.9988804251304693,0.3221313613682389
Wine,11,Random Forest,Temperature scaled,Gaussian noise,2.0,0.04978737644528947,36,0.5,0.9398235927120945,0.4398235927120945,0.47454995735290023,0.9057870149828587,6.823078743593012,0.31740580837822063
Wine,11,Random Forest,Raw,Feature masking,0.0,0.04978737644528947,36,0.9444444444444444,0.8273171957671958,-0.11712724867724866,0.15150132275132264,0.10175784139077852,0.22394062114944996,0.004834644295428611
Wine,11,Random Forest,Temperature scaled,Feature masking,0.0,0.04978737644528947,36,0.9444444444444444,0.9859164135598498,0.041471969115405405,0.06525356206772386,0.1080464112721729,0.40906305699678236,0.004834644295428611
Wine,11,Random Forest,Raw,Feature masking,0.1,0.04978737644528947,36,0.8888888888888888,0.7745206349206349,-0.1143682539682539,0.12974973544973542,0.15701149249181154,0.3099327326493128,0.014222602462838073
Wine,11,Random Forest,Temperature scaled,Feature masking,0.1,0.04978737644528947,36,0.8888888888888888,0.985634077570227,0.09674518868133819,0.11137587969287524,0.21351530944386857,0.6763159456300717,0.014069133817315348
Wine,11,Random Forest,Raw,Feature masking,0.2,0.04978737644528947,36,0.9444444444444444,0.7266841269841108,-0.21776031746033364,0.21776031746033384,0.179169276734698,0.35665042014738124,0.008892763349433161
Wine,11,Random Forest,Temperature scaled,Feature masking,0.2,0.04978737644528947,36,0.9444444444444444,0.9825408934220236,0.038096448977579134,0.05682146396349658,0.08896744142377458,0.2283576033407177,0.004988112940951333
Wine,11,Random Forest,Raw,Feature masking,0.3,0.04978737644528947,36,0.9444444444444444,0.7108171957671958,-0.2336272486772486,0.2336272486772486,0.20690367224489792,0.4048067740907995,0.01681641578395516
Wine,11,Random Forest,Temperature scaled,Feature masking,0.3,0.04978737644528947,36,0.9444444444444444,0.9856987286303475,0.041254284185903045,0.0685779436360712,0.12456356837830104,0.9036563814360048,0.020529739231726195
Wine,11,Random Forest,Raw,Feature masking,0.4,0.04978737644528947,36,0.7777777777777778,0.6839261904761904,-0.09385158730158738,0.1475542328042328,0.2841853709297052,0.5017279641129267,0.05950536918590442
Wine,11,Random Forest,Temperature scaled,Feature masking,0.4,0.04978737644528947,36,0.7777777777777778,0.9839586488424337,0.20618087106465588,0.21015331155426323,0.39488261391272017,1.9695605929179696,0.0580531992416804
Wine,11,Random Forest,Raw,Feature masking,0.5,0.04978737644528947,36,0.8611111111111112,0.5909325396825396,-0.2701785714285716,0.365908201058201,0.34289852667170573,0.6184147934511802,0.038340034081090796
Wine,11,Random Forest,Temperature scaled,Feature masking,0.5,0.04978737644528947,36,0.8611111111111112,0.9556830054925024,0.09457189438139124,0.1258096323646145,0.21887064113942942,1.386520944341489,0.05127441347194063
Wine,11,Gradient Boosting,Raw,Gaussian noise,0.0,0.723474134393715,36,0.9722222222222222,0.9580880269425374,-0.014134195279684847,0.04340380626763818,0.057452802897692404,0.09658422563200623,0.0028381975685897267
Wine,11,Gradient Boosting,Temperature scaled,Gaussian noise,0.0,0.723474134393715,36,0.9722222222222222,0.9742202296082983,0.0019980073860761394,0.039708363199302085,0.05843401081565444,0.09619530097919388,0.0028381975685897267
Wine,11,Gradient Boosting,Raw,Gaussian noise,0.25,0.723474134393715,36,0.9166666666666666,0.954309377527764,0.037642710861097384,0.052535896795827916,0.13105787837649666,0.2084055863309355,0.010413942784673334
Wine,11,Gradient Boosting,Temperature scaled,Gaussian noise,0.25,0.723474134393715,36,0.9166666666666666,0.9706377051011508,0.05397103843448414,0.08299527353861591,0.14110524626719084,0.2485530401376763,0.010413942784673334
Wine,11,Gradient Boosting,Raw,Gaussian noise,0.5,0.723474134393715,36,0.8888888888888888,0.9642846340124103,0.07539574512352143,0.10919740682762427,0.21133168798287685,0.4528310198543333,0.051068635215075646
Wine,11,Gradient Boosting,Temperature scaled,Gaussian noise,0.5,0.723474134393715,36,0.8888888888888888,0.9806150774769249,0.09172618858803605,0.11784777235434653,0.21950764691042715,0.5924171631180184,0.051068635215075646
Wine,11,Gradient Boosting,Raw,Gaussian noise,1.0,0.723474134393715,36,0.75,0.8989230553987474,0.1489230553987474,0.18962152102292812,0.39428623160983445,0.8228857732179393,0.14282984811740873
Wine,11,Gradient Boosting,Temperature scaled,Gaussian noise,1.0,0.723474134393715,36,0.75,0.9279589576165126,0.1779589576165126,0.20874574808963414,0.41332235101306813,1.0554849167293852,0.14282984811740873
Wine,11,Gradient Boosting,Raw,Gaussian noise,1.5,0.723474134393715,36,0.6388888888888888,0.8607896243695895,0.22190073548070066,0.27096001443115836,0.5850687926072935,1.3511423178969053,0.2886350852396607
Wine,11,Gradient Boosting,Temperature scaled,Gaussian noise,1.5,0.723474134393715,36,0.6388888888888888,0.8965192180159534,0.2576303291270645,0.323059997472978,0.6052161795993606,1.7559643728059486,0.2888004291550046
Wine,11,Gradient Boosting,Raw,Gaussian noise,2.0,0.723474134393715,36,0.4444444444444444,0.8485701717925518,0.40412572734810737,0.4041257273481075,0.8491588430213709,2.0792094697407166,0.39611704755458993
Wine,11,Gradient Boosting,Temperature scaled,Gaussian noise,2.0,0.723474134393715,36,0.4444444444444444,0.8969429505259515,0.4524985060815071,0.4524985060815072,0.90681016490228,2.7466041329366773,0.4049629470254894
Wine,11,Gradient Boosting,Raw,Feature masking,0.0,0.723474134393715,36,0.9722222222222222,0.9580880269425374,-0.014134195279684847,0.04340380626763818,0.057452802897692404,0.09658422563200623,0.0028381975685897267
Wine,11,Gradient Boosting,Temperature scaled,Feature masking,0.0,0.723474134393715,36,0.9722222222222222,0.9742202296082983,0.0019980073860761394,0.039708363199302085,0.05843401081565444,0.09619530097919388,0.0028381975685897267
Wine,11,Gradient Boosting,Raw,Feature masking,0.1,0.723474134393715,36,0.9166666666666666,0.9291004249064228,0.01243375823975612,0.04623482212177264,0.13628337652277128,0.22943865162497057,0.013392193162812477
Wine,11,Gradient Boosting,Temperature scaled,Feature masking,0.1,0.723474134393715,36,0.9166666666666666,0.9526333457600035,0.03596667909333684,0.08823792192958868,0.14110689679284077,0.2554632049807407,0.01418584395646327
Wine,11,Gradient Boosting,Raw,Feature masking,0.2,0.723474134393715,36,0.8888888888888888,0.9116011608311039,0.022712271942215034,0.09206639644769869,0.13063022269058636,0.2051517641968649,0.013727407644861774
Wine,11,Gradient Boosting,Temperature scaled,Feature masking,0.2,0.723474134393715,36,0.8888888888888888,0.942798184913184,0.05390929602429517,0.0879772884263136,0.13931670590258552,0.20595131871216635,0.01206866333905864
Wine,11,Gradient Boosting,Raw,Feature masking,0.3,0.723474134393715,36,0.8333333333333334,0.9212405701573192,0.08790723682398582,0.12159131326844205,0.22079383227158697,0.3644270535962082,0.0229700088721346
Wine,11,Gradient Boosting,Temperature scaled,Feature masking,0.3,0.723474134393715,36,0.8333333333333334,0.9517627620942852,0.11842942876095186,0.13248160422097788,0.2453690730944086,0.4338814556777621,0.0229700088721346
Wine,11,Gradient Boosting,Raw,Feature masking,0.4,0.723474134393715,36,0.7222222222222222,0.8690020427275795,0.14677982050535732,0.18263271958836771,0.3275915587845163,0.5454991524484574,0.06938469949007132
Wine,11,Gradient Boosting,Temperature scaled,Feature masking,0.4,0.723474134393715,36,0.7222222222222222,0.9068991956407744,0.18467697341855216,0.18467697341855202,0.3581461562149629,0.6465250253115914,0.07130965075712786
Wine,11,Gradient Boosting,Raw,Feature masking,0.5,0.723474134393715,36,0.7222222222222222,0.8520672310362809,0.1298450088140587,0.16514245065252742,0.35327701339679984,0.6349773793635003,0.08741709484530452
Wine,11,Gradient Boosting,Temperature scaled,Feature masking,0.5,0.723474134393715,36,0.7222222222222222,0.8970455524033721,0.17482333018114993,0.18995120496832021,0.38082663553103285,0.7547608527967506,0.09000247243068212
Wine,12,Logistic Regression,Raw,Gaussian noise,0.0,0.5096899769674408,36,1.0,0.9571926859057359,-0.04280731409426408,0.0428073140942641,0.015878871723685194,0.04801230989088276,0.0
Wine,12,Logistic Regression,Temperature scaled,Gaussian noise,0.0,0.5096899769674408,36,1.0,0.9871437230681439,-0.012856276931856092,0.01285627693185604,0.0036361014442667134,0.013904192556671274,0.0
Wine,12,Logistic Regression,Raw,Gaussian noise,0.25,0.5096899769674408,36,0.9722222222222222,0.9542953225396281,-0.01792689968259409,0.04630499221835064,0.024686268043175398,0.05705932716015908,0.0003858024691358026
Wine,12,Logistic Regression,Temperature scaled,Gaussian noise,0.25,0.5096899769674408,36,0.9722222222222222,0.9807586736772075,0.008536451454985272,0.02247817230324856,0.01906535421665816,0.03034101581985053,0.0003858024691358026
Wine,12,Logistic Regression,Raw,Gaussian noise,0.5,0.5096899769674408,36,0.9722222222222222,0.9509574778160625,-0.021264744406159664,0.052949481082550647,0.03388521403536572,0.06585814050597973,0.0003858024691358026
Wine,12,Logistic Regression,Temperature scaled,Gaussian noise,0.5,0.5096899769674408,36,0.9722222222222222,0.9764574087900064,0.00423518656778421,0.03125586485186441,0.02709481974244047,0.04306382619572628,0.0003858024691358026
Wine,12,Logistic Regression,Raw,Gaussian noise,1.0,0.5096899769674408,36,0.9444444444444444,0.9257137039357429,-0.018730740508701493,0.10189694075845082,0.11444712875983079,0.18162460907662675,0.012014327201613183
Wine,12,Logistic Regression,Temperature scaled,Gaussian noise,1.0,0.5096899769674408,36,0.9444444444444444,0.9665443851948479,0.022099940750403446,0.0815960493434054,0.11729092299785998,0.22037266909441158,0.010130546869556988
Wine,12,Logistic Regression,Raw,Gaussian noise,1.5,0.5096899769674408,36,0.8055555555555556,0.9391667512322515,0.13361119567669588,0.1519576048910324,0.33923780297989214,0.8372841975213368,0.0800730964196699
Wine,12,Logistic Regression,Temperature scaled,Gaussian noise,1.5,0.5096899769674408,36,0.8055555555555556,0.9809646231694011,0.17540906761384556,0.1870955190174041,0.37103268621575414,1.5278085393935603,0.08285087419744772
Wine,12,Logistic Regression,Raw,Gaussian noise,2.0,0.5096899769674408,36,0.75,0.9157925080516289,0.16579250805162893,0.18244304921516252,0.3686383173684968,0.8182345852972137,0.09833702898655214
Wine,12,Logistic Regression,Temperature scaled,Gaussian noise,2.0,0.5096899769674408,36,0.75,0.9557374566284602,0.2057374566284602,0.20573745662846032,0.4148001050691079,1.4603112399523486,0.09406514346466661
Wine,12,Logistic Regression,Raw,Feature masking,0.0,0.5096899769674408,36,1.0,0.9571926859057359,-0.04280731409426408,0.0428073140942641,0.015878871723685194,0.04801230989088276,0.0
Wine,12,Logistic Regression,Temperature scaled,Feature masking,0.0,0.5096899769674408,36,1.0,0.9871437230681439,-0.012856276931856092,0.01285627693185604,0.0036361014442667134,0.013904192556671274,0.0
Wine,12,Logistic Regression,Raw,Feature masking,0.1,0.5096899769674408,36,0.9722222222222222,0.9529236916692945,-0.01929853055292774,0.05149435094731275,0.027065596395726452,0.06440818165902254,0.0003858024691358026
Wine,12,Logistic Regression,Temperature scaled,Feature masking,0.1,0.5096899769674408,36,0.9722222222222222,0.9869901194309855,0.014767897208763259,0.02380314746371639,0.027155729470918964,0.0378534380083543,0.0003858024691358026
Wine,12,Logistic Regression,Raw,Feature masking,0.2,0.5096899769674408,36,0.9444444444444444,0.9340369809552147,-0.010407463489229718,0.07171774640275369,0.07875207718219716,0.15404289619887704,0.0023822491959746873
Wine,12,Logistic Regression,Temperature scaled,Feature masking,0.2,0.5096899769674408,36,0.9444444444444444,0.9874644596190897,0.043020015174645265,0.05284858795493045,0.09585815518999169,0.17130271573866676,0.0023822491959746873
Wine,12,Logistic Regression,Raw,Feature masking,0.3,0.5096899769674408,36,0.9722222222222222,0.8926641123072577,-0.07955810991496448,0.10868316317283894,0.06428969866133402,0.13573160500461545,0.0011794532627865965
Wine,12,Logistic Regression,Temperature scaled,Feature masking,0.3,0.5096899769674408,36,0.9722222222222222,0.9465798466284581,-0.025642375593764144,0.058321767812158996,0.042130211965232464,0.07536805733032154,0.0011794532627865965
Wine,12,Logistic Regression,Raw,Feature masking,0.4,0.5096899769674408,36,0.9444444444444444,0.8324586440756936,-0.11198580036875083,0.14458140966496164,0.11649306207361186,0.216838375304045,0.004092055593281084
Wine,12,Logistic Regression,Temperature scaled,Feature masking,0.4,0.5096899769674408,36,0.9444444444444444,0.8979890222750436,-0.046455422169400795,0.08157907953649784,0.08515717027061576,0.14105856492033375,0.004092055593281084
Wine,12,Logistic Regression,Raw,Feature masking,0.5,0.5096899769674408,36,0.9444444444444444,0.8296861675609933,-0.11475827688345108,0.137037759186343,0.12643497292295658,0.24518169049032157,0.007524683124580342
Wine,12,Logistic Regression,Temperature scaled,Feature masking,0.5,0.5096899769674408,36,0.9444444444444444,0.9119682795684602,-0.03247616487598426,0.06368981690953997,0.10509161608322415,0.17171937548586824,0.008482537530710611
Wine,12,Random Forest,Raw,Gaussian noise,0.0,0.049787262397786636,36,1.0,0.8757645502644404,-0.12423544973555956,0.12423544973555957,0.05753535139833935,0.14587025369506906,0.0
Wine,12,Random Forest,Temperature scaled,Gaussian noise,0.0,0.049787262397786636,36,1.0,0.9878443002740804,-0.012155699725919566,0.0121556997259193,0.010388700335991093,0.015876580514309447,0.0
Wine,12,Random Forest,Raw,Gaussian noise,0.25,0.049787262397786636,36,0.9166666666666666,0.8506410052910054,-0.06602566137566124,0.1206367724867724,0.09830059017384732,0.2088771100315338,0.0044034533005121255
Wine,12,Random Forest,Temperature scaled,Gaussian noise,0.25,0.049787262397786636,36,0.9166666666666666,0.9997032927176632,0.0830366260509966,0.0830366260509966,0.16548586722131198,0.6975251105739021,0.0044034533005121255
Wine,12,Random Forest,Raw,Gaussian noise,0.5,0.049787262397786636,36,0.9444444444444444,0.814360052910053,-0.13008439153439144,0.17372513227513225,0.11825369599899219,0.25599219173870086,0.005702699850984165
Wine,12,Random Forest,Temperature scaled,Gaussian noise,0.5,0.049787262397786636,36,0.9444444444444444,0.9999978620805199,0.055553417636075464,0.055553417636075464,0.11110963079605471,0.6980009057736666,0.0065444506927350085
Wine,12,Random Forest,Raw,Gaussian noise,1.0,0.049787262397786636,36,0.8333333333333334,0.698750529100529,-0.13458280423280433,0.1916499999999999,0.2680634132375913,0.466057716696753,0.05829028104437621
Wine,12,Random Forest,Temperature scaled,Gaussian noise,1.0,0.049787262397786636,36,0.8333333333333334,0.9888176413856014,0.15548430805226798,0.17259356355710653,0.33753535715049726,1.6857724602345525,0.05036271409877123
Wine,12,Random Forest,Raw,Gaussian noise,1.5,0.049787262397786636,36,0.7222222222222222,0.6161965608465609,-0.10602566137566127,0.14146851851851855,0.44152162930713024,0.7531094427890522,0.1705624086681372
Wine,12,Random Forest,Temperature scaled,Gaussian noise,1.5,0.049787262397786636,36,0.7222222222222222,0.9527854041899584,0.23056318196773617,0.27951395074559604,0.5206168491532238,4.067317543557045,0.16391340831989315
Wine,12,Random Forest,Raw,Gaussian noise,2.0,0.049787262397786636,36,0.6944444444444444,0.6087206349206349,-0.08572380952380954,0.12728994708994704,0.421806342579995,0.7092257001834747,0.1837238551450073
Wine,12,Random Forest,Temperature scaled,Gaussian noise,2.0,0.049787262397786636,36,0.6944444444444444,0.9685780506792118,0.27413360623476735,0.30523575606128944,0.5718971141840608,3.6060187456646324,0.2022720146747508
Wine,12,Random Forest,Raw,Feature masking,0.0,0.049787262397786636,36,1.0,0.8757645502644404,-0.12423544973555956,0.12423544973555957,0.057535351398339346,0.14587025369506906,0.0
Wine,12,Random Forest,Temperature scaled,Feature masking,0.0,0.049787262397786636,36,1.0,0.9878443002740808,-0.012155699725919233,0.012155699725919275,0.010388700335991048,0.0158765805143094,0.0
Wine,12,Random Forest,Raw,Feature masking,0.1,0.049787262397786636,36,1.0,0.8332238095237819,-0.16677619047621806,0.16677619047621808,0.08586896239355035,0.20019234654511717,0.0
Wine,12,Random Forest,Temperature scaled,Feature masking,0.1,0.049787262397786636,36,1.0,0.987800262054299,-0.01219973794570095,0.012199737945701073,0.01038974402531737,0.015920881237727016,0.0
Wine,12,Random Forest,Raw,Feature masking,0.2,0.049787262397786636,36,0.9444444444444444,0.7604685185184911,-0.18397592592595335,0.2088658730159005,0.14663702826908592,0.30868650785776874,0.0015652557319223992
Wine,12,Random Forest,Temperature scaled,Feature masking,0.2,0.049787262397786636,36,0.9444444444444444,0.9925682295495223,0.048123785105077865,0.04812378510507812,0.08788105528623635,0.16418341235339654,0.0023822491959746873
Wine,12,Random Forest,Raw,Feature masking,0.3,0.049787262397786636,36,0.9166666666666666,0.7334439153438876,-0.183222751322779,0.20896984126986898,0.18712577538422795,0.3689410401770632,0.0052715088560676806
Wine,12,Random Forest,Temperature scaled,Feature masking,0.3,0.049787262397786636,36,0.9166666666666666,0.9899406066562959,0.07327393998962928,0.07327393998962912,0.1354256446373764,0.6817351925269037,0.008694366065096614
Wine,12,Random Forest,Raw,Feature masking,0.4,0.049787262397786636,36,0.9166666666666666,0.7139089947089947,-0.20275767195767191,0.27241693121693117,0.19992812622826905,0.3936414547391637,0.003561702458761284
Wine,12,Random Forest,Temperature scaled,Feature masking,0.4,0.049787262397786636,36,0.9166666666666666,0.9734817693626954,0.05681510269602874,0.07397468361050465,0.13360483190008215,0.5311777503501698,0.009710090841597255
Wine,12,Random Forest,Raw,Feature masking,0.5,0.049787262397786636,36,0.8888888888888888,0.6566753968253969,-0.23221349206349196,0.25276164021164016,0.23913857108591582,0.46653754237493,0.013354546907282517
Wine,12,Random Forest,Temperature scaled,Feature masking,0.5,0.049787262397786636,36,0.8888888888888888,0.9746154294707549,0.08572654058186602,0.10730962205701895,0.17606949878302014,0.2834329771285551,0.01153256363368634
Wine,12,Gradient Boosting,Raw,Gaussian noise,0.0,0.6954225504795727,36,0.9444444444444444,0.97656675170821,0.032122307263765526,0.049303873506458054,0.07761645820222124,0.12184989981828728,0.0023822491959746873
Wine,12,Gradient Boosting,Temperature scaled,Gaussian noise,0.0,0.6954225504795727,36,0.9444444444444444,0.9902630540005158,0.04581860955607142,0.04581860955607128,0.08871609714144642,0.14921698285022073,0.0023822491959746873
Wine,12,Gradient Boosting,Raw,Gaussian noise,0.25,0.6954225504795727,36,0.9166666666666666,0.9541785603225215,0.03751189365585483,0.08451764860725133,0.12651186697242156,0.29699244286148047,0.026577047619535398
Wine,12,Gradient Boosting,Temperature scaled,Gaussian noise,0.25,0.6954225504795727,36,0.9166666666666666,0.9680625544891045,0.05139588782243787,0.08554886948470491,0.1359517051145189,0.38610550535303684,0.026577047619535398
Wine,12,Gradient Boosting,Raw,Gaussian noise,0.5,0.6954225504795727,36,0.8888888888888888,0.9391769709489224,0.050288082060033545,0.10616908928236887,0.1561514621353264,0.326027588987619,0.02335762122627486
Wine,12,Gradient Boosting,Temperature scaled,Gaussian noise,0.5,0.6954225504795727,36,0.8888888888888888,0.9573925858585702,0.0685036969696814,0.09999150072061284,0.15607375718585928,0.41271295541066455,0.024386427810636997
Wine,12,Gradient Boosting,Raw,Gaussian noise,1.0,0.6954225504795727,36,0.6944444444444444,0.9035768692212898,0.20913242477684535,0.20913242477684524,0.4490679286685316,0.7745450213994833,0.09640103442200748
Wine,12,Gradient Boosting,Temperature scaled,Gaussian noise,1.0,0.6954225504795727,36,0.6944444444444444,0.9357282690870079,0.24128382464256348,0.24128382464256354,0.4870544972455895,1.0229885499936402,0.09767783754091586
Wine,12,Gradient Boosting,Raw,Gaussian noise,1.5,0.6954225504795727,36,0.6666666666666666,0.9058220735307417,0.2391554068640751,0.2634462003273389,0.5617189985928438,1.2764458349323655,0.20186042763923354
Wine,12,Gradient Boosting,Temperature scaled,Gaussian noise,1.5,0.6954225504795727,36,0.6666666666666666,0.9482917788703288,0.28162511220366215,0.30122551234482003,0.6040632226052489,1.7360165137420074,0.20245396989944245
Wine,12,Gradient Boosting,Raw,Gaussian noise,2.0,0.6954225504795727,36,0.6111111111111112,0.8655832966189814,0.2544721855078702,0.28077280624545453,0.610521087314204,1.2622333955937202,0.2859871431702754
Wine,12,Gradient Boosting,Temperature scaled,Gaussian noise,2.0,0.6954225504795727,36,0.6111111111111112,0.9048516545069292,0.293740543395818,0.3087347494153837,0.6427225322889019,1.6919371340857028,0.29349489722975364
Wine,12,Gradient Boosting,Raw,Feature masking,0.0,0.6954225504795727,36,0.9444444444444444,0.97656675170821,0.032122307263765526,0.049303873506458054,0.07761645820222124,0.12184989981828728,0.0023822491959746873
Wine,12,Gradient Boosting,Temperature scaled,Feature masking,0.0,0.6954225504795727,36,0.9444444444444444,0.9902630540005158,0.04581860955607142,0.04581860955607128,0.08871609714144642,0.14921698285022073,0.0023822491959746873
Wine,12,Gradient Boosting,Raw,Feature masking,0.1,0.6954225504795727,36,0.9444444444444444,0.9544216023590951,0.009977157914650703,0.05389725376373962,0.08814708007993308,0.14786006980949984,0.0067076896605280534
Wine,12,Gradient Boosting,Temperature scaled,Feature masking,0.1,0.6954225504795727,36,0.9444444444444444,0.9762734280975719,0.031828983653127474,0.04492926374298334,0.0935061384040578,0.16476699388144855,0.0067076896605280534
Wine,12,Gradient Boosting,Raw,Feature masking,0.2,0.6954225504795727,36,0.9166666666666666,0.9397623728697266,0.023095706203060007,0.0728725192578849,0.1338273593629154,0.24164727517916276,0.008540897419573893
Wine,12,Gradient Boosting,Temperature scaled,Feature masking,0.2,0.6954225504795727,36,0.9166666666666666,0.9662193821950057,0.049552715528339064,0.07614667240080875,0.14786388254862728,0.285864196763508,0.007723903955521605
Wine,12,Gradient Boosting,Raw,Feature masking,0.3,0.6954225504795727,36,0.8611111111111112,0.9096769679116813,0.04856585680057013,0.08259304491419564,0.23836655972151208,0.4372828569683629,0.04142079228700396
Wine,12,Gradient Boosting,Temperature scaled,Feature masking,0.3,0.6954225504795727,36,0.8611111111111112,0.9460620500355977,0.08495093892448657,0.11771700875012006,0.25541510683540924,0.5375211382396666,0.04237864669313422
Wine,12,Gradient Boosting,Raw,Feature masking,0.4,0.6954225504795727,36,0.9166666666666666,0.8747644349567449,-0.04190223170992169,0.15434860855902194,0.14332754842604392,0.2639205866491721,0.016119787641408437
Wine,12,Gradient Boosting,Temperature scaled,Feature masking,0.4,0.6954225504795727,36,0.9166666666666666,0.9138563772562492,-0.002810289410417388,0.11795685364797319,0.14048236211130846,0.2609726516591919,0.016119787641408437
Wine,12,Gradient Boosting,Raw,Feature masking,0.5,0.6954225504795727,36,0.8888888888888888,0.8645323553197011,-0.024356533569187766,0.08234940603407988,0.19229180192488027,0.36114521774962627,0.03654571419353506
Wine,12,Gradient Boosting,Temperature scaled,Feature masking,0.5,0.6954225504795727,36,0.8888888888888888,0.9156990597469861,0.026810170858097226,0.10816125321902041,0.19250580809807138,0.3836660052844993,0.03654571419353506
Wine,13,Logistic Regression,Raw,Gaussian noise,0.0,0.049787320548964786,36,1.0,0.9381802248364315,-0.06181977516356851,0.06181977516356862,0.026269830953278568,0.07093666459749494,0.0
Wine,13,Logistic Regression,Temperature scaled,Gaussian noise,0.0,0.049787320548964786,36,1.0,0.9979108004009866,-0.002089199599013436,0.0020891995990133527,0.00031426235305717556,0.002171941005883574,0.0
Wine,13,Logistic Regression,Raw,Gaussian noise,0.25,0.049787320548964786,36,1.0,0.9507700998587245,-0.049229900141275484,0.04922990014127543,0.015533430521803317,0.054463852693133044,0.0
Wine,13,Logistic Regression,Temperature scaled,Gaussian noise,0.25,0.049787320548964786,36,1.0,0.999999999982002,-1.7998047496803338e-11,1.7998047496803338e-11,6.748189261783925e-21,1.799815235289565e-11,0.0
Wine,13,Logistic Regression,Raw,Gaussian noise,0.5,0.049787320548964786,36,0.9166666666666666,0.9277684766539475,0.01110180998728083,0.06941337925917732,0.08250787673436877,0.14230181613046358,0.0061675662037379295
Wine,13,Logistic Regression,Temperature scaled,Gaussian noise,0.5,0.049787320548964786,36,0.9166666666666666,0.9956379860929694,0.07897131942630276,0.0789713194263026,0.15000248920275366,0.9132181845314187,0.01587946693033964
Wine,13,Logistic Regression,Raw,Gaussian noise,1.0,0.049787320548964786,36,0.8333333333333334,0.9149185687878005,0.08158523545446716,0.13336068443300092,0.25948336759490503,0.4516852315303485,0.0498765181671284
Wine,13,Logistic Regression,Temperature scaled,Gaussian noise,1.0,0.049787320548964786,36,0.8333333333333334,0.9927837368206048,0.15945040348727146,0.15945040348727124,0.3083631473290226,3.5502144996551355,0.11561632759384309
Wine,13,Logistic Regression,Raw,Gaussian noise,1.5,0.049787320548964786,36,0.6666666666666666,0.8809914742112194,0.21432480754455274,0.24636811892434957,0.46722809586033015,0.826709141634748,0.13036753418018293
Wine,13,Logistic Regression,Temperature scaled,Gaussian noise,1.5,0.049787320548964786,36,0.6666666666666666,0.9926034534331577,0.32593678676649107,0.3259367867664909,0.6406687776043605,6.779380191048638,0.31043911717098455
Wine,13,Logistic Regression,Raw,Gaussian noise,2.0,0.049787320548964786,36,0.75,0.9020272454186204,0.15202724541862045,0.21847730022708953,0.38320133041042864,1.206131160538448,0.14721284687437136
Wine,13,Logistic Regression,Temperature scaled,Gaussian noise,2.0,0.049787320548964786,36,0.75,0.9980900287425629,0.24809002874256292,0.2518784498566631,0.500195313130889,5.508765262886344,0.17959288661292355
Wine,13,Logistic Regression,Raw,Feature masking,0.0,0.049787320548964786,36,1.0,0.9381802248364315,-0.06181977516356851,0.06181977516356862,0.026269830953278568,0.07093666459749494,0.0
Wine,13,Logistic Regression,Temperature scaled,Feature masking,0.0,0.049787320548964786,36,1.0,0.9979108004009866,-0.002089199599013436,0.0020891995990133527,0.00031426235305717556,0.002171941005883574,0.0
Wine,13,Logistic Regression,Raw,Feature masking,0.1,0.049787320548964786,36,0.9722222222222222,0.9157928787528766,-0.05642934346934558,0.05642934346934557,0.05634479919291454,0.1126892449711495,0.0019964467268388845
Wine,13,Logistic Regression,Temperature scaled,Feature masking,0.1,0.049787320548964786,36,0.9722222222222222,0.998794010914331,0.026571788692108744,0.026571788692108744,0.055627159066075564,0.23632229173881722,0.0019964467268388845
Wine,13,Logistic Regression,Raw,Feature masking,0.2,0.049787320548964786,36,1.0,0.8909966603202226,-0.10900333967977738,0.10900333967977728,0.04966843615729603,0.1258260035866713,0.0
Wine,13,Logistic Regression,Temperature scaled,Feature masking,0.2,0.049787320548964786,36,1.0,0.9999671796259462,-3.2820374053832424e-05,3.2820374053832424e-05,3.994334453156178e-08,3.283036435857189e-05,0.0
Wine,13,Logistic Regression,Raw,Feature masking,0.3,0.049787320548964786,36,0.8888888888888888,0.8615860308883243,-0.027302858000564534,0.1196524221521383,0.1455699620922461,0.24656501900435077,0.0189373475968558
Wine,13,Logistic Regression,Temperature scaled,Feature masking,0.3,0.049787320548964786,36,0.8888888888888888,0.999576864890239,0.11068797600135016,0.11068797600135016,0.22054550146549493,1.4928004587269623,0.028672656485977596
Wine,13,Logistic Regression,Raw,Feature masking,0.4,0.049787320548964786,36,0.8888888888888888,0.8553696624836223,-0.0335192264052665,0.09382615064795367,0.12717011512425289,0.22766016687826815,0.00908993885650274
Wine,13,Logistic Regression,Temperature scaled,Feature masking,0.4,0.049787320548964786,36,0.8888888888888888,0.996969063179137,0.10808017429024819,0.1080801742902483,0.21082695745886715,0.9801533489191464,0.010799745253809136
Wine,13,Logistic Regression,Raw,Feature masking,0.5,0.049787320548964786,36,0.8333333333333334,0.762318164820229,-0.07101516851310441,0.12314618685400197,0.23300211789704178,0.4157931087907539,0.041400145100443916
Wine,13,Logistic Regression,Temperature scaled,Feature masking,0.5,0.049787320548964786,36,0.8333333333333334,0.9882046815865091,0.15487134825317572,0.17786963396600747,0.34175428876310615,2.392004069581983,0.0385684561771214
Wine,13,Random Forest,Raw,Gaussian noise,0.0,0.04978739693593363,36,0.9444444444444444,0.8527285714284627,-0.09171587301598172,0.1518857142858229,0.08575003939027909,0.19153507955751883,0.0015652557319223992
Wine,13,Random Forest,Temperature scaled,Gaussian noise,0.0,0.04978739693593363,36,0.9444444444444444,0.9929130417869365,0.04846859734249209,0.04846859734249173,0.08637924951419917,0.3552379110419258,0.0015652557319223992
Wine,13,Random Forest,Raw,Gaussian noise,0.25,0.04978739693593363,36,0.9444444444444444,0.830366402116348,-0.11407804232809637,0.15214259259264656,0.11166467245654103,0.23123274914395087,0.0065444506927350085
Wine,13,Random Forest,Temperature scaled,Gaussian noise,0.25,0.04978739693593363,36,0.9444444444444444,0.9930816327614029,0.04863718831695851,0.06228071683087111,0.11418334518864438,0.5421365779449113,0.004885706386931877
Wine,13,Random Forest,Raw,Gaussian noise,0.5,0.04978739693593363,36,0.9444444444444444,0.7480857142856869,-0.1963587301587575,0.2212343915344189,0.16230752648526148,0.3281745352537658,0.0015652557319223992
Wine,13,Random Forest,Temperature scaled,Gaussian noise,0.5,0.04978739693593363,36,0.9444444444444444,0.9875705143641547,0.04312606991971024,0.06618640669765868,0.11288271409275952,0.2512156681510812,0.004834644295428611
Wine,13,Random Forest,Raw,Gaussian noise,1.0,0.04978739693593363,36,0.7777777777777778,0.7039423280423114,-0.07383544973546641,0.18657724867726552,0.3073073967296594,0.5248395606581792,0.07405704999164066
Wine,13,Random Forest,Temperature scaled,Gaussian noise,1.0,0.04978739693593363,36,0.7777777777777778,0.9805660420045261,0.20278826422674834,0.21214471111341654,0.40297087502356305,2.831338066906119,0.07603478261254065
Wine,13,Random Forest,Raw,Gaussian noise,1.5,0.04978739693593363,36,0.5277777777777778,0.6238539682539682,0.09607619047619043,0.1599994708994709,0.5141642739128243,0.828359196500652,0.28031491039783574
Wine,13,Random Forest,Temperature scaled,Gaussian noise,1.5,0.04978739693593363,36,0.5277777777777778,0.9701900271614908,0.44241224938371304,0.44241224938371315,0.8542766211250483,6.149053112995921,0.3413430901435802
Wine,13,Random Forest,Raw,Gaussian noise,2.0,0.04978739693593363,36,0.7222222222222222,0.6514523809523811,-0.0707698412698411,0.1947280423280423,0.4322181458301839,0.7382992689889045,0.16581695313192177
Wine,13,Random Forest,Temperature scaled,Gaussian noise,2.0,0.04978739693593363,36,0.7222222222222222,0.9778683906207216,0.2556461683984994,0.2989508497722395,0.5616520888994738,5.055558925542595,0.20702376411909182
Wine,13,Random Forest,Raw,Feature masking,0.0,0.04978739693593363,36,0.9444444444444444,0.8527285714284627,-0.09171587301598172,0.1518857142858229,0.08575003939027911,0.19153507955751883,0.0015652557319223992
Wine,13,Random Forest,Temperature scaled,Feature masking,0.0,0.04978739693593363,36,0.9444444444444444,0.9929130417869365,0.04846859734249209,0.04846859734249173,0.08637924951419917,0.355237911041926,0.0015652557319223992
Wine,13,Random Forest,Raw,Feature masking,0.1,0.04978739693593363,36,0.9444444444444444,0.8322161375661099,-0.11222830687833452,0.16073571428574182,0.11134705693625636,0.239775696794438,0.003175899989625481
Wine,13,Random Forest,Temperature scaled,Feature masking,0.1,0.04978739693593363,36,0.9444444444444444,0.9999999656984591,0.05555552125401464,0.05555552125401464,0.11111108685174642,0.8937034487619955,0.004017650831376323
Wine,13,Random Forest,Raw,Feature masking,0.2,0.04978739693593363,36,0.9722222222222222,0.7862986772485949,-0.18592354497362729,0.18662724867733113,0.11434777654321159,0.26103947764243507,0.0011794532627865965
Wine,13,Random Forest,Temperature scaled,Feature masking,0.2,0.04978739693593363,36,0.9722222222222222,0.9822034961729815,0.009981273950759317,0.01822051622108525,0.015524980080994467,0.024136651120295165,0.0003858024691358026
Wine,13,Random Forest,Raw,Feature masking,0.3,0.04978739693593363,36,0.9166666666666666,0.708131481481454,-0.20853518518521263,0.2085351851852127,0.22620988365835265,0.4230470163403222,0.02899626423419891
Wine,13,Random Forest,Temperature scaled,Feature masking,0.3,0.04978739693593363,36,0.9166666666666666,0.9846901912468533,0.06802352458018668,0.08913659156236678,0.15482064206693633,0.9347186023115063,0.025323376664252516
Wine,13,Random Forest,Raw,Feature masking,0.4,0.04978739693593363,36,0.9166666666666666,0.7160812169311898,-0.20058544973547687,0.20058544973547704,0.20587191667926524,0.40159925541892444,0.019168985590495152
Wine,13,Random Forest,Temperature scaled,Feature masking,0.4,0.04978739693593363,36,0.9166666666666666,0.9808164860493223,0.06414981938265563,0.09797286444824396,0.17247523856997132,0.7867754490240699,0.013180854146919385
Wine,13,Random Forest,Raw,Feature masking,0.5,0.04978739693593363,36,0.9166666666666666,0.6025166666666668,-0.3141499999999998,0.31414999999999993,0.30719953375661374,0.5745004431548053,0.030925721052768633
Wine,13,Random Forest,Temperature scaled,Feature masking,0.5,0.04978739693593363,36,0.9166666666666666,0.9846527650449052,0.06798609837823855,0.08959878563282493,0.16675521401680773,0.7726973604579057,0.023367936800315924
Wine,13,Gradient Boosting,Raw,Gaussian noise,0.0,0.049787319112772135,36,0.9722222222222222,0.9685234076124645,-0.003698814609757739,0.05358362977928041,0.055279496255255085,0.1019292751281811,0.0028381975685897267
Wine,13,Gradient Boosting,Temperature scaled,Gaussian noise,0.0,0.049787319112772135,36,0.9722222222222222,0.9999999988269548,0.027777776604732574,0.027777776604732574,0.05555555555538899,0.7675283655043937,0.04751861966404862
Wine,13,Gradient Boosting,Raw,Gaussian noise,0.25,0.049787319112772135,36,0.9166666666666666,0.9532695413988542,0.036602874732187596,0.06306186657588933,0.08456313345054098,0.12206291782916809,0.003561702458761284
Wine,13,Gradient Boosting,Temperature scaled,Gaussian noise,0.25,0.049787319112772135,36,0.9166666666666666,0.9999851589471069,0.0833184922804403,0.0833184922804403,0.16660731834275858,1.3636546074866804,0.0044034533005121255
Wine,13,Gradient Boosting,Raw,Gaussian noise,0.5,0.049787319112772135,36,0.9444444444444444,0.9296084051189875,-0.014836039325456962,0.05482179631889049,0.07725533460249272,0.14022070653278615,0.004092055593281084
Wine,13,Gradient Boosting,Temperature scaled,Gaussian noise,0.5,0.049787319112772135,36,0.9444444444444444,0.9999999378111926,0.05555549336674814,0.05555549336674814,0.11111104465283611,1.1655706844231737,0.02458060089269651
Wine,13,Gradient Boosting,Raw,Gaussian noise,1.0,0.049787319112772135,36,0.75,0.8918113052042869,0.14181130520428686,0.14181130520428703,0.3657022911702561,0.6529098827283896,0.086776970480954
Wine,13,Gradient Boosting,Temperature scaled,Gaussian noise,1.0,0.049787319112772135,36,0.75,0.9997968396240309,0.24979683962403088,0.24979683962403088,0.49921456985538676,5.726527196053867,0.2970886172085513
Wine,13,Gradient Boosting,Raw,Gaussian noise,1.5,0.049787319112772135,36,0.5277777777777778,0.8710449064909483,0.34326712871317056,0.381314642422799,0.7411712387118017,1.5279766814526226,0.27549597319570396
Wine,13,Gradient Boosting,Temperature scaled,Gaussian noise,1.5,0.049787319112772135,36,0.5277777777777778,0.9937295358609562,0.46595175808317846,0.4784501223137037,0.9472540731182283,12.152216953914744,0.5107870692889399
Wine,13,Gradient Boosting,Raw,Gaussian noise,2.0,0.049787319112772135,36,0.6666666666666666,0.899999706677175,0.23333304001050836,0.25876075737071036,0.5536236287895338,1.2998722026170533,0.2236261450090239
Wine,13,Gradient Boosting,Temperature scaled,Gaussian noise,2.0,0.049787319112772135,36,0.6666666666666666,0.999905476403273,0.33323880973660636,0.33323880973660636,0.6666568351188483,8.448193471631969,0.33180700890567993
Wine,13,Gradient Boosting,Raw,Feature masking,0.0,0.049787319112772135,36,0.9722222222222222,0.9685234076124645,-0.003698814609757739,0.05358362977928041,0.055279496255255085,0.1019292751281811,0.0028381975685897267
Wine,13,Gradient Boosting,Temperature scaled,Feature masking,0.0,0.049787319112772135,36,0.9722222222222222,0.9999999988269548,0.027777776604732574,0.027777776604732574,0.05555555555538899,0.7675283655043937,0.04751861966404862
Wine,13,Gradient Boosting,Raw,Feature masking,0.1,0.049787319112772135,36,0.9444444444444444,0.9650918767605808,0.020647432316136416,0.06360561811864524,0.07403605207841003,0.12229974157971774,0.0023822491959746873
Wine,13,Gradient Boosting,Temperature scaled,Feature masking,0.1,0.049787319112772135,36,0.9444444444444444,0.9999995433532002,0.05555509890875576,0.05555509890875576,0.11110928923064795,1.0735952742483708,0.047904422133184424
Wine,13,Gradient Boosting,Raw,Feature masking,0.2,0.049787319112772135,36,0.9722222222222222,0.9502945419714793,-0.021927680250742876,0.07158049509346426,0.06629281654174189,0.1240086111298609,0.0037062531241452814
Wine,13,Gradient Boosting,Temperature scaled,Feature masking,0.2,0.049787319112772135,36,0.9722222222222222,0.9999999662354738,0.027777744013251615,0.027777744013251615,0.055555555555428335,0.7675283980958851,0.006486090803871726
Wine,13,Gradient Boosting,Raw,Feature masking,0.3,0.049787319112772135,36,0.8888888888888888,0.8933218370474386,0.0044329481585497765,0.0892441668977353,0.16397284598037432,0.2969392283302458,0.02394079501206303
Wine,13,Gradient Boosting,Temperature scaled,Feature masking,0.3,0.049787319112772135,36,0.8888888888888888,0.9999910259288305,0.11110213703994165,0.11110213703994165,0.22220715880847586,2.07779356372202,0.12063377423835764
Wine,13,Gradient Boosting,Raw,Feature masking,0.4,0.049787319112772135,36,0.9166666666666666,0.879399384721876,-0.037267281944790676,0.09155122803129516,0.12846073298590732,0.23582163521015975,0.012251703791706939
Wine,13,Gradient Boosting,Temperature scaled,Feature masking,0.4,0.049787319112772135,36,0.9166666666666666,0.9909892802637295,0.07432261359706283,0.07432261359706296,0.1364732947825985,1.149774758450698,0.04990086886002331
Wine,13,Gradient Boosting,Raw,Feature masking,0.5,0.049787319112772135,36,0.7222222222222222,0.8202458140774176,0.09802359185519538,0.2046368572240227,0.3537811312921686,0.5788292816669862,0.08766896790440663
Wine,13,Gradient Boosting,Temperature scaled,Feature masking,0.5,0.049787319112772135,36,0.7222222222222222,0.9890592666748574,0.26683704445263523,0.2832409599671086,0.5571692517284994,5.532657911516393,0.13089973889640055
Wine,14,Logistic Regression,Raw,Gaussian noise,0.0,0.049787320548964786,36,1.0,0.9454916418937906,-0.054508358106209354,0.054508358106209784,0.027101288695662515,0.06434894889754565,0.0
Wine,14,Logistic Regression,Temperature scaled,Gaussian noise,0.0,0.049787320548964786,36,1.0,0.9930657156707142,-0.006934284329285778,0.006934284329285691,0.0034620667838622275,0.00797762424313982,0.0
Wine,14,Logistic Regression,Raw,Gaussian noise,0.25,0.049787320548964786,36,1.0,0.9326640379596027,-0.06733596204039727,0.06733596204039718,0.03645752422123114,0.08051019025609146,0.0
Wine,14,Logistic Regression,Temperature scaled,Gaussian noise,0.25,0.049787320548964786,36,1.0,0.9999535556631025,-4.6444336897488725e-05,4.6444336897488725e-05,1.5098068926723188e-07,4.648212359719456e-05,0.0
Wine,14,Logistic Regression,Raw,Gaussian noise,0.5,0.049787320548964786,36,0.9444444444444444,0.9371121470064365,-0.007332297438007895,0.08533946056757523,0.0887556252086625,0.1455905337530016,0.004834644295428611
Wine,14,Logistic Regression,Temperature scaled,Gaussian noise,0.5,0.049787320548964786,36,0.9444444444444444,0.9989342225454061,0.05448977810096167,0.05448977810096167,0.11117775328246227,1.4124183765774725,0.054144696020517136
Wine,14,Logistic Regression,Raw,Gaussian noise,1.0,0.049787320548964786,36,0.8333333333333334,0.8886913610256514,0.05535802769231801,0.12838983508230978,0.23105208193005033,0.452667900304099,0.055772759442672785
Wine,14,Logistic Regression,Temperature scaled,Gaussian noise,1.0,0.049787320548964786,36,0.8333333333333334,0.9996351769323886,0.1663018435990552,0.1663018435990552,0.33188360996731564,3.08943236636335,0.10326624952194718
Wine,14,Logistic Regression,Raw,Gaussian noise,1.5,0.049787320548964786,36,0.6944444444444444,0.8774607328359405,0.18301628839149608,0.21590176865592542,0.4058809221996517,0.8532744241152037,0.11351031469987463
Wine,14,Logistic Regression,Temperature scaled,Gaussian noise,1.5,0.049787320548964786,36,0.6944444444444444,0.9936486985020844,0.29920425405763995,0.2992042540576397,0.5896730565808836,5.983541067265075,0.15210144632261544
Wine,14,Logistic Regression,Raw,Gaussian noise,2.0,0.049787320548964786,36,0.6666666666666666,0.9386733327347943,0.2720066660681276,0.2896535337239586,0.5607561659896679,1.4132090113432902,0.14411053612904082
Wine,14,Logistic Regression,Temperature scaled,Gaussian noise,2.0,0.049787320548964786,36,0.6666666666666666,0.9988995326408827,0.3322328659742161,0.3322328659742161,0.6633090556968949,8.1952196118137,0.4052180956580123
Wine,14,Logistic Regression,Raw,Feature masking,0.0,0.049787320548964786,36,1.0,0.9454916418937906,-0.054508358106209354,0.054508358106209784,0.027101288695662515,0.06434894889754565,0.0
Wine,14,Logistic Regression,Temperature scaled,Feature masking,0.0,0.049787320548964786,36,1.0,0.9930657156707142,-0.006934284329285778,0.006934284329285691,0.0034620667838622275,0.00797762424313982,0.0
Wine,14,Logistic Regression,Raw,Feature masking,0.1,0.049787320548964786,36,1.0,0.9419701973765093,-0.05802980262349067,0.058029802623490855,0.027631385161617342,0.06805155927444373,0.0
Wine,14,Logistic Regression,Temperature scaled,Feature masking,0.1,0.049787320548964786,36,1.0,0.9930657156662832,-0.006934284333716789,0.006934284333716885,0.0034620667838622275,0.007977624247570904,0.0
Wine,14,Logistic Regression,Raw,Feature masking,0.2,0.049787320548964786,36,0.9444444444444444,0.8969734009662331,-0.047471043478211294,0.0999210482031963,0.08621582317250426,0.15669743964695354,0.005702699850984165
Wine,14,Logistic Regression,Temperature scaled,Feature masking,0.2,0.049787320548964786,36,0.9444444444444444,0.999714808937638,0.05527036449319356,0.05527036449319356,0.11111111524568083,0.7074590675182285,0.005702699850984165
Wine,14,Logistic Regression,Raw,Feature masking,0.3,0.049787320548964786,36,0.9444444444444444,0.8895650683373388,-0.05487937610710558,0.08221994697124571,0.0816239787534911,0.1651889850299898,0.004092055593281084
Wine,14,Logistic Regression,Temperature scaled,Feature masking,0.3,0.049787320548964786,36,0.9444444444444444,0.9918717925719057,0.0474273481274613,0.0474273481274609,0.0833594250561755,0.7148804293438988,0.004988112940951333
Wine,14,Logistic Regression,Raw,Feature masking,0.4,0.049787320548964786,36,0.8611111111111112,0.8275106582012943,-0.033600452909816836,0.11424167148906983,0.155480523399342,0.2772516190848481,0.013878054323286228
Wine,14,Logistic Regression,Temperature scaled,Feature masking,0.4,0.049787320548964786,36,0.8611111111111112,0.9988643479482554,0.13775323683714424,0.13775323683714424,0.27401576037597664,1.1991161946669326,0.013878054323286228
Wine,14,Logistic Regression,Raw,Feature masking,0.5,0.049787320548964786,36,0.8055555555555556,0.7901560449213686,-0.015399510634186986,0.10240308784324738,0.27530704130045874,0.4598251330585364,0.06540636996696211
Wine,14,Logistic Regression,Temperature scaled,Feature masking,0.5,0.049787320548964786,36,0.8055555555555556,0.9992031135157657,0.19364755796021016,0.19364755796021016,0.3883850188049556,3.0581228862305796,0.07356242476235283
Wine,14,Random Forest,Raw,Gaussian noise,0.0,0.10346091512768404,36,0.9722222222222222,0.8670536155201998,-0.10516860670202244,0.10516860670202238,0.09145466936704082,0.18416738977121724,0.0028381975685897267
Wine,14,Random Forest,Temperature scaled,Gaussian noise,0.0,0.10346091512768404,36,0.9722222222222222,0.9809011171974613,0.008678894975239104,0.04683497245552471,0.06924151203512265,0.2664967035680662,0.0037062531241452814
Wine,14,Random Forest,Raw,Gaussian noise,0.25,0.10346091512768404,36,0.8888888888888888,0.8546396825396012,-0.03424920634928763,0.09792433862441996,0.11758614734526247,0.21694125380368318,0.00908993885650274
Wine,14,Random Forest,Temperature scaled,Gaussian noise,0.25,0.10346091512768404,36,0.8888888888888888,0.987239594903159,0.0983507060142702,0.09835070601427018,0.18143598405431516,0.4103682638853574,0.009931689698253582
Wine,14,Random Forest,Raw,Gaussian noise,0.5,0.10346091512768404,36,0.8888888888888888,0.8276910052909261,-0.06119788359796274,0.14839585537926797,0.15856321928614028,0.30791363202847755,0.030473446246326183
Wine,14,Random Forest,Temperature scaled,Gaussian noise,0.5,0.10346091512768404,36,0.8888888888888888,0.9872312331788772,0.09834234428998834,0.10609152659595157,0.1927274023597985,1.0270114681148559,0.030473446246326183
Wine,14,Random Forest,Raw,Gaussian noise,1.0,0.10346091512768404,36,0.6944444444444444,0.6842789241622319,-0.010165520282212515,0.21603985890650015,0.38128917225050085,0.6348245261750329,0.1544033322352345
Wine,14,Random Forest,Temperature scaled,Gaussian noise,1.0,0.10346091512768404,36,0.6944444444444444,0.9444923312330322,0.2500478867885878,0.26306576430553097,0.48516686266293413,2.1555222956450852,0.16303480101002557
Wine,14,Random Forest,Raw,Gaussian noise,1.5,0.10346091512768404,36,0.75,0.659420811287478,-0.09057918871252202,0.09126657848324511,0.3985521334296352,0.6931853845109869,0.11803118549318321
Wine,14,Random Forest,Temperature scaled,Gaussian noise,1.5,0.10346091512768404,36,0.75,0.9580740559940545,0.20807405599405449,0.21932692203779686,0.4775176926039233,2.4482592369537173,0.12913914834359963
Wine,14,Random Forest,Raw,Gaussian noise,2.0,0.10346091512768404,36,0.5555555555555556,0.6114415343915144,0.055885978835958805,0.15077433862435866,0.5347460711111178,0.9647186365925475,0.3162013211870506
Wine,14,Random Forest,Temperature scaled,Gaussian noise,2.0,0.10346091512768404,36,0.5555555555555556,0.933029941649151,0.3774743860935954,0.38858086989452256,0.7560911059072121,3.733975942202278,0.29209449279754157
Wine,14,Random Forest,Raw,Feature masking,0.0,0.10346091512768404,36,0.9722222222222222,0.8670536155201998,-0.10516860670202244,0.10516860670202238,0.0914546693670408,0.18416738977121724,0.0028381975685897267
Wine,14,Random Forest,Temperature scaled,Feature masking,0.0,0.10346091512768404,36,0.9722222222222222,0.9809011171974613,0.008678894975239104,0.04683497245552472,0.06924151203512266,0.26649670356806615,0.0037062531241452814
Wine,14,Random Forest,Raw,Feature masking,0.1,0.10346091512768404,36,0.9444444444444444,0.8359496472662862,-0.10849479717815824,0.10849479717815812,0.10642336347890606,0.22337914638851922,0.0032240000377255296
Wine,14,Random Forest,Temperature scaled,Feature masking,0.1,0.10346091512768404,36,0.9444444444444444,0.9779676429078299,0.03352319846338547,0.06440404198959088,0.10066287727761665,0.3026307812684844,0.004885706386931877
Wine,14,Random Forest,Raw,Feature masking,0.2,0.10346091512768404,36,0.9444444444444444,0.800310714285659,-0.1441337301587854,0.17271150793656312,0.12159781453360832,0.2606331976975855,0.004885706386931877
Wine,14,Random Forest,Temperature scaled,Feature masking,0.2,0.10346091512768404,36,0.9444444444444444,0.9821506340457431,0.03770618960129868,0.059742150529464355,0.09302154333813771,0.219195669683178,0.004017650831376323
Wine,14,Random Forest,Raw,Feature masking,0.3,0.10346091512768404,36,0.9444444444444444,0.7586668871251928,-0.1857775573192516,0.19742993827163263,0.17217008202835873,0.338460698412044,0.015550108591337227
Wine,14,Random Forest,Temperature scaled,Feature masking,0.3,0.10346091512768404,36,0.9444444444444444,0.9842202433588203,0.03977579891437588,0.0684287709609915,0.11980387543103828,0.40218102476548934,0.012413534517263155
Wine,14,Random Forest,Raw,Feature masking,0.4,0.10346091512768404,36,0.8611111111111112,0.6868875661375662,-0.17422354497354497,0.1995505291005291,0.262999308489404,0.4885002158550427,0.04319508338174098
Wine,14,Random Forest,Temperature scaled,Feature masking,0.4,0.10346091512768404,36,0.8611111111111112,0.9673279073421204,0.10621679623100921,0.13326740548749244,0.23480846793911767,0.8536427978029377,0.03981171958988045
Wine,14,Random Forest,Raw,Feature masking,0.5,0.10346091512768404,36,0.6944444444444444,0.6105432098765433,-0.0839012345679011,0.24979038800705464,0.4183900039847709,0.7313966795129914,0.11500354869059934
Wine,14,Random Forest,Temperature scaled,Feature masking,0.5,0.10346091512768404,36,0.6944444444444444,0.9365627348045137,0.24211829036006927,0.24211829036006915,0.4985432671504981,2.135337064722701,0.10670715573840929
Wine,14,Gradient Boosting,Raw,Gaussian noise,0.0,1.1627266802755558,36,0.9166666666666666,0.9635322887200312,0.04686562205336453,0.053732356922476715,0.09516163908658143,0.19236332374499746,0.009043410027857617
Wine,14,Gradient Boosting,Temperature scaled,Gaussian noise,0.0,1.1627266802755558,36,0.9166666666666666,0.9566077976478802,0.039941130981213546,0.05419785515620154,0.09394357227932187,0.18010864761951922,0.009043410027857617
Wine,14,Gradient Boosting,Raw,Gaussian noise,0.25,1.1627266802755558,36,0.9166666666666666,0.9413971523255253,0.024730485658858714,0.08887869884984914,0.1462302287622623,0.2685438748570133,0.01246626723688655
Wine,14,Gradient Boosting,Temperature scaled,Gaussian noise,0.25,1.1627266802755558,36,0.9166666666666666,0.9338106724632146,0.017144005796547956,0.09257498152131148,0.14459260331170679,0.25077144898920817,0.01246626723688655
Wine,14,Gradient Boosting,Raw,Gaussian noise,0.5,1.1627266802755558,36,0.8888888888888888,0.9736373602339755,0.08474847134508667,0.10140583733110431,0.19474583520502625,0.4813796318861631,0.05982595066931116
Wine,14,Gradient Boosting,Temperature scaled,Gaussian noise,0.5,1.1627266802755558,36,0.8888888888888888,0.9627421835181589,0.07385329462927004,0.078189302492787,0.18914214064223944,0.43005538170893326,0.05982595066931116
Wine,14,Gradient Boosting,Raw,Gaussian noise,1.0,1.1627266802755558,36,0.6388888888888888,0.9175437163045514,0.2786548274156626,0.2786548274156626,0.5552055840566316,1.2013606045882992,0.22178628282313134
Wine,14,Gradient Boosting,Temperature scaled,Gaussian noise,1.0,1.1627266802755558,36,0.6388888888888888,0.8985929136027025,0.2597040247138137,0.2597040247138136,0.5343015480318599,1.0694657155361482,0.22046353150038
Wine,14,Gradient Boosting,Raw,Gaussian noise,1.5,1.1627266802755558,36,0.6666666666666666,0.9177639967230965,0.25109733005642987,0.25109733005642965,0.5479220954685564,1.3023708265347946,0.16413299702699488
Wine,14,Gradient Boosting,Temperature scaled,Gaussian noise,1.5,1.1627266802755558,36,0.6666666666666666,0.8995378760082041,0.2328712093415375,0.24069678873802886,0.532130682801245,1.1557024128432518,0.16413299702699488
Wine,14,Gradient Boosting,Raw,Gaussian noise,2.0,1.1627266802755558,36,0.5277777777777778,0.7949217815701559,0.2671440037923781,0.33280879964618665,0.6183087885328498,1.3973313585697242,0.30875802595125024
Wine,14,Gradient Boosting,Temperature scaled,Gaussian noise,2.0,1.1627266802755558,36,0.5277777777777778,0.7751857136005874,0.24740793582280962,0.32773133775882074,0.6005681420274506,1.2655768458896524,0.31102654446976874
Wine,14,Gradient Boosting,Raw,Feature masking,0.0,1.1627266802755558,36,0.9166666666666666,0.9635322887200312,0.04686562205336453,0.053732356922476715,0.09516163908658143,0.19236332374499746,0.009043410027857617
Wine,14,Gradient Boosting,Temperature scaled,Feature masking,0.0,1.1627266802755558,36,0.9166666666666666,0.9566077976478802,0.039941130981213546,0.05419785515620154,0.09394357227932187,0.18010864761951922,0.009043410027857617
Wine,14,Gradient Boosting,Raw,Feature masking,0.1,1.1627266802755558,36,0.9166666666666666,0.9685764113774202,0.0519097447107536,0.058760379820317184,0.10994977005564091,0.21412070144465734,0.012251703791706939
Wine,14,Gradient Boosting,Temperature scaled,Feature masking,0.1,1.1627266802755558,36,0.9166666666666666,0.9585479931187151,0.04188132645204845,0.05991338800227032,0.1064611068526569,0.2005131516519184,0.012251703791706939
Wine,14,Gradient Boosting,Raw,Feature masking,0.2,1.1627266802755558,36,0.9166666666666666,0.9644244757518238,0.047757809085157144,0.06174033684865212,0.1046052098283622,0.20666777505477832,0.012251703791706939
Wine,14,Gradient Boosting,Temperature scaled,Feature masking,0.2,1.1627266802755558,36,0.9166666666666666,0.9542320231794272,0.037565356512760606,0.06396386509448558,0.10223647202417185,0.19516468529782058,0.012251703791706939
Wine,14,Gradient Boosting,Raw,Feature masking,0.3,1.1627266802755558,36,0.8611111111111112,0.9188108201651732,0.057699709054062076,0.07844473087676085,0.171809527562897,0.309061293957806,0.029104247744181758
Wine,14,Gradient Boosting,Temperature scaled,Feature masking,0.3,1.1627266802755558,36,0.8611111111111112,0.9065235146481425,0.045412403537031354,0.07707883216284926,0.1678139966923702,0.2956912787334997,0.029104247744181758
Wine,14,Gradient Boosting,Raw,Feature masking,0.4,1.1627266802755558,36,0.7777777777777778,0.8837988353274803,0.10602105754970248,0.18479238343964094,0.2819118816660916,0.5201260718528637,0.05858671078254979
Wine,14,Gradient Boosting,Temperature scaled,Feature masking,0.4,1.1627266802755558,36,0.7777777777777778,0.8630732123068422,0.0852954345290644,0.14306919758761874,0.27389828809246847,0.4928670607560232,0.05858671078254979
Wine,14,Gradient Boosting,Raw,Feature masking,0.5,1.1627266802755558,36,0.6388888888888888,0.8521691456648236,0.21328025677593476,0.279027617271643,0.4970329587271749,0.9342593200374368,0.14979333837412082
Wine,14,Gradient Boosting,Temperature scaled,Feature masking,0.5,1.1627266802755558,36,0.6388888888888888,0.8271932708296015,0.18830438194071264,0.2517038823450373,0.4769763358523142,0.8608206493555807,0.14979333837412082
Wine,15,Logistic Regression,Raw,Gaussian noise,0.0,0.5634028015340393,36,1.0,0.9513359850615691,-0.048664014938430866,0.048664014938430644,0.017275124116838465,0.05456534028351077,0.0
Wine,15,Logistic Regression,Temperature scaled,Gaussian noise,0.0,0.5634028015340393,36,1.0,0.98329288772712,-0.01670711227288002,0.016707112272880215,0.0062392521968103595,0.01862844387018254,0.0
Wine,15,Logistic Regression,Raw,Gaussian noise,0.25,0.5634028015340393,36,0.9722222222222222,0.9520826382273627,-0.02013958399485949,0.055110526632430365,0.037583730380626804,0.07206551567858427,0.0011794532627865965
Wine,15,Logistic Regression,Temperature scaled,Gaussian noise,0.25,0.5634028015340393,36,0.9722222222222222,0.9781353516314721,0.005913129409249929,0.03520400322397543,0.03750202696687107,0.05451920309051214,0.0011794532627865965
Wine,15,Logistic Regression,Raw,Gaussian noise,0.5,0.5634028015340393,36,0.9444444444444444,0.9017504662856344,-0.04269397815881004,0.08969833324381744,0.0772143713429887,0.14472025306713412,0.004092055593281084
Wine,15,Logistic Regression,Temperature scaled,Gaussian noise,0.5,0.5634028015340393,36,0.9444444444444444,0.9470667100193614,0.00262226557491696,0.04279515587459394,0.06609182850533551,0.10761707136599069,0.004092055593281084
Wine,15,Logistic Regression,Raw,Gaussian noise,1.0,0.5634028015340393,36,0.8611111111111112,0.9117653395018994,0.05065422839078826,0.1269690741957535,0.20421823577780912,0.3838834533785669,0.027373356298921285
Wine,15,Logistic Regression,Temperature scaled,Gaussian noise,1.0,0.5634028015340393,36,0.8611111111111112,0.9468505269746113,0.08573941586350009,0.11106866032406743,0.2137257445817959,0.5531061812409521,0.028581085767520317
Wine,15,Logistic Regression,Raw,Gaussian noise,1.5,0.5634028015340393,36,0.8611111111111112,0.9224847071499038,0.061373596038792666,0.1307177325553383,0.25697407343218953,0.6127626158101552,0.06697598891243248
Wine,15,Logistic Regression,Temperature scaled,Gaussian noise,1.5,0.5634028015340393,36,0.8611111111111112,0.9560683221840017,0.09495721107289057,0.14346336556970454,0.27108508000108306,0.9710174329553907,0.06613423807068164
Wine,15,Logistic Regression,Raw,Gaussian noise,2.0,0.5634028015340393,36,0.7777777777777778,0.9591351318888288,0.18135735411105103,0.20274486403261785,0.41010812839565575,1.068841374814873,0.09136512920620778
Wine,15,Logistic Regression,Temperature scaled,Gaussian noise,2.0,0.5634028015340393,36,0.7777777777777778,0.9834044004087195,0.20562662263094167,0.2224778600507842,0.4347733463545472,1.8337282770469814,0.09136512920620778
Wine,15,Logistic Regression,Raw,Feature masking,0.0,0.5634028015340393,36,1.0,0.9513359850615691,-0.048664014938430866,0.048664014938430644,0.017275124116838465,0.05456534028351077,0.0
Wine,15,Logistic Regression,Temperature scaled,Feature masking,0.0,0.5634028015340393,36,1.0,0.98329288772712,-0.01670711227288002,0.016707112272880215,0.0062392521968103595,0.01862844387018254,0.0
Wine,15,Logistic Regression,Raw,Feature masking,0.1,0.5634028015340393,36,1.0,0.9333134517738405,-0.06668654822615949,0.06668654822615927,0.02542381418865339,0.07532496570249177,0.0
Wine,15,Logistic Regression,Temperature scaled,Feature masking,0.1,0.5634028015340393,36,1.0,0.9757608791961866,-0.024239120803813408,0.02423912080381338,0.008488002499706295,0.026902220417760848,0.0
Wine,15,Logistic Regression,Raw,Feature masking,0.2,0.5634028015340393,36,0.9722222222222222,0.9163933801851203,-0.05582884203710192,0.059128531536727875,0.06295478983697506,0.13392396082715796,0.0003858024691358026
Wine,15,Logistic Regression,Temperature scaled,Feature masking,0.2,0.5634028015340393,36,0.9722222222222222,0.958297398445295,-0.013924823776927164,0.05072997422758107,0.05618883625092868,0.10897250968726546,0.0011794532627865965
Wine,15,Logistic Regression,Raw,Feature masking,0.3,0.5634028015340393,36,0.8888888888888888,0.8772710042893261,-0.0116178845995627,0.11818637859552256,0.11806724674793571,0.22188427344236059,0.013137039407434712
Wine,15,Logistic Regression,Temperature scaled,Feature masking,0.3,0.5634028015340393,36,0.8888888888888888,0.9312957557728598,0.042406866883970995,0.08687203585093617,0.11116185515220188,0.21157083114650554,0.013137039407434712
Wine,15,Logistic Regression,Raw,Feature masking,0.4,0.5634028015340393,36,0.8888888888888888,0.8456290892958752,-0.043259799593013626,0.12395123840939437,0.13875531432207439,0.2519161817874621,0.014069133817315348
Wine,15,Logistic Regression,Temperature scaled,Feature masking,0.4,0.5634028015340393,36,0.8888888888888888,0.9165276650623712,0.027638776173482316,0.10528163111929703,0.14040465063467503,0.21141886952170688,0.015026988223445618
Wine,15,Logistic Regression,Raw,Feature masking,0.5,0.5634028015340393,36,0.75,0.8126277649887191,0.06262776498871914,0.13813735270206048,0.31991287197292356,0.5166242994331324,0.06817479702422688
Wine,15,Logistic Regression,Temperature scaled,Feature masking,0.5,0.5634028015340393,36,0.75,0.8911527901219396,0.1411527901219396,0.16351822967140728,0.3699780756265179,0.6347183705633901,0.07058126987906929
Wine,15,Random Forest,Raw,Gaussian noise,0.0,0.04978735996508835,36,0.9722222222222222,0.8598164021163796,-0.11240582010584266,0.12548359788362048,0.06954807692114531,0.17290670056071564,0.0003858024691358026
Wine,15,Random Forest,Temperature scaled,Gaussian noise,0.0,0.04978735996508835,36,0.9722222222222222,0.9999976411892367,0.02777541896701452,0.02777541896701452,0.05554618576135365,0.2605764797700567,0.0003858024691358026
Wine,15,Random Forest,Raw,Gaussian noise,0.25,0.04978735996508835,36,0.9722222222222222,0.8524277777776983,-0.11979444444452392,0.11979444444452383,0.08797962793021562,0.19284570661707934,0.00460231047181553
Wine,15,Random Forest,Temperature scaled,Gaussian noise,0.25,0.04978735996508835,36,0.9722222222222222,0.999984595334653,0.027762373112430794,0.027762373112430794,0.05555553467382351,0.41461983621315307,0.0028381975685897267
Wine,15,Random Forest,Raw,Gaussian noise,0.5,0.04978735996508835,36,0.8611111111111112,0.7591407407406732,-0.10197037037043799,0.11786560846554082,0.2229706585626251,0.39815663670947415,0.05026995065061465
Wine,15,Random Forest,Temperature scaled,Gaussian noise,0.5,0.04978735996508835,36,0.8611111111111112,0.9809393318233385,0.11982822071222732,0.13558791466952266,0.24487395712758467,1.6081657076119646,0.04906399429759948
Wine,15,Random Forest,Raw,Gaussian noise,1.0,0.04978735996508835,36,0.7777777777777778,0.697163095238026,-0.08061468253975179,0.14915304232806537,0.34061704177124363,0.5714460970416998,0.1250822001367026
Wine,15,Random Forest,Temperature scaled,Gaussian noise,1.0,0.04978735996508835,36,0.7777777777777778,0.9994909511933007,0.22171317341552288,0.22171317341552288,0.4442655668817422,3.7100205150472934,0.12892884254053044
Wine,15,Random Forest,Raw,Gaussian noise,1.5,0.04978735996508835,36,0.7222222222222222,0.6243607142857143,-0.09786150793650794,0.1662191798941799,0.3801158066402117,0.6695328031587461,0.11434347775233725
Wine,15,Random Forest,Temperature scaled,Gaussian noise,1.5,0.04978735996508835,36,0.7222222222222222,0.9575576798536785,0.23533545763145625,0.2574694705785683,0.4796977816388402,2.951912729022555,0.09121411773392436
Wine,15,Random Forest,Raw,Gaussian noise,2.0,0.04978735996508835,36,0.6388888888888888,0.6211751322751323,-0.017713756613756515,0.24125211640211638,0.48523684937641715,0.8064170973176608,0.23792153320245302
Wine,15,Random Forest,Temperature scaled,Gaussian noise,2.0,0.04978735996508835,36,0.6388888888888888,0.9851846662446688,0.34629577735578,0.36076437360150493,0.7068928011612585,5.388860357634862,0.2662787054333661
Wine,15,Random Forest,Raw,Feature masking,0.0,0.04978735996508835,36,0.9722222222222222,0.8598164021163796,-0.11240582010584266,0.12548359788362048,0.06954807692114531,0.1729067005607156,0.0003858024691358026
Wine,15,Random Forest,Temperature scaled,Feature masking,0.0,0.04978735996508835,36,0.9722222222222222,0.9999976411892367,0.02777541896701452,0.02777541896701452,0.05554618576135365,0.2605764797700567,0.0003858024691358026
Wine,15,Random Forest,Raw,Feature masking,0.1,0.04978735996508835,36,0.9722222222222222,0.8101246031745766,-0.16209761904764564,0.16209761904764566,0.11239076676744994,0.2418160064591236,0.00460231047181553
Wine,15,Random Forest,Temperature scaled,Feature masking,0.1,0.04978735996508835,36,0.9722222222222222,0.9999440652322082,0.027721843009986036,0.027721843009986036,0.05554634539260668,0.26063009567940415,0.0028381975685897267
Wine,15,Random Forest,Raw,Feature masking,0.2,0.04978735996508835,36,0.9722222222222222,0.7673784391534392,-0.20484378306878304,0.2143289682539682,0.13849098943688584,0.29558994432110725,0.0037062531241452814
Wine,15,Random Forest,Temperature scaled,Feature masking,0.2,0.04978735996508835,36,0.9722222222222222,0.9949993274658966,0.022777105243674378,0.03149871024638667,0.056843403068017134,0.19894201993540286,0.0019964467268388845
Wine,15,Random Forest,Raw,Feature masking,0.3,0.04978735996508835,36,0.9444444444444444,0.7082472222222224,-0.23619722222222206,0.23619722222222228,0.21038880335726884,0.3998852679502308,0.02255408780779891
Wine,15,Random Forest,Temperature scaled,Feature masking,0.3,0.04978735996508835,36,0.9444444444444444,0.999787291553999,0.055342847109554616,0.055342847109554616,0.11105275208992418,0.5802269109534831,0.015048031662629862
Wine,15,Random Forest,Raw,Feature masking,0.4,0.04978735996508835,36,0.8888888888888888,0.6605116402116127,-0.22837724867727616,0.22837724867727632,0.25852109691484004,0.48534593475917986,0.02507719794585158
Wine,15,Random Forest,Temperature scaled,Feature masking,0.4,0.04978735996508835,36,0.8888888888888888,0.991027179640377,0.10213829075148817,0.10213829075148806,0.2080089031399487,0.8113024849081472,0.017932357787311917
Wine,15,Random Forest,Raw,Feature masking,0.5,0.04978735996508835,36,0.7777777777777778,0.6087793650793651,-0.16899841269841265,0.2247510582010582,0.36274999099647265,0.6439262190628121,0.06803142623785172
Wine,15,Random Forest,Temperature scaled,Feature masking,0.5,0.04978735996508835,36,0.7777777777777778,0.9858705299339733,0.2080927521561955,0.20809275215619558,0.42259497770160687,2.5232545127448014,0.07333394929841539
Wine,15,Gradient Boosting,Raw,Gaussian noise,0.0,0.9225292373264857,36,0.9722222222222222,0.9594461563032305,-0.01277606591899172,0.05287422337981964,0.07030852929837982,0.1761432490645652,0.011843855467191945
Wine,15,Gradient Boosting,Temperature scaled,Gaussian noise,0.0,0.9225292373264857,36,0.9722222222222222,0.9646013586749805,-0.007620863547241674,0.052443942821153874,0.06844608526816293,0.180960201227821,0.011843855467191945
Wine,15,Gradient Boosting,Raw,Gaussian noise,0.25,0.9225292373264857,36,0.9166666666666666,0.9526441277470483,0.03597746108038169,0.06138885868332643,0.07994911479445121,0.1301523277384283,0.0044034533005121255
Wine,15,Gradient Boosting,Temperature scaled,Gaussian noise,0.25,0.9225292373264857,36,0.9166666666666666,0.9570161516175193,0.040349484950852665,0.06634224135145776,0.08100161403261791,0.13114088133505683,0.0044034533005121255
Wine,15,Gradient Boosting,Raw,Gaussian noise,0.5,0.9225292373264857,36,0.8333333333333334,0.9345277512540194,0.10119441792068606,0.19524034523037687,0.31349651041196125,0.6854735934769577,0.11470781183784841
Wine,15,Gradient Boosting,Temperature scaled,Gaussian noise,0.5,0.9225292373264857,36,0.8333333333333334,0.9418534566972355,0.10852012336390215,0.17727516684535982,0.3157161313976552,0.7280209201482615,0.11438729901733559
Wine,15,Gradient Boosting,Raw,Gaussian noise,1.0,0.9225292373264857,36,0.7222222222222222,0.9134411135747905,0.1912188913525683,0.23156890755447168,0.49483906732942606,1.0025770149380937,0.22200881433607464
Wine,15,Gradient Boosting,Temperature scaled,Gaussian noise,1.0,0.9225292373264857,36,0.7222222222222222,0.9239996491857484,0.20177742696352619,0.2727647142327215,0.500324302677719,1.06597997189928,0.21788022687415382
Wine,15,Gradient Boosting,Raw,Gaussian noise,1.5,0.9225292373264857,36,0.6666666666666666,0.8817404767764311,0.21507381010976445,0.2150888363319075,0.507606209581646,1.1964172394144463,0.16789072852523726
Wine,15,Gradient Boosting,Temperature scaled,Gaussian noise,1.5,0.9225292373264857,36,0.6666666666666666,0.891195365956593,0.22452869928992636,0.224528699289926,0.5159181146495112,1.2733252046542334,0.16832282729066936
Wine,15,Gradient Boosting,Raw,Gaussian noise,2.0,0.9225292373264857,36,0.5833333333333334,0.8682132727265479,0.28487993939321454,0.3185659960894015,0.6789435753013942,1.4960924084474587,0.30048190367223804
Wine,15,Gradient Boosting,Temperature scaled,Gaussian noise,2.0,0.9225292373264857,36,0.5833333333333334,0.8796395432090423,0.2963062098757089,0.3159942641787495,0.6892146299574003,1.59378515083737,0.29492634811668245
Wine,15,Gradient Boosting,Raw,Feature masking,0.0,0.9225292373264857,36,0.9722222222222222,0.9594461563032305,-0.01277606591899172,0.05287422337981964,0.07030852929837982,0.1761432490645652,0.011843855467191945
Wine,15,Gradient Boosting,Temperature scaled,Feature masking,0.0,0.9225292373264857,36,0.9722222222222222,0.9646013586749805,-0.007620863547241674,0.052443942821153874,0.06844608526816293,0.180960201227821,0.011843855467191945
Wine,15,Gradient Boosting,Raw,Feature masking,0.1,0.9225292373264857,36,0.8888888888888888,0.9179547157189855,0.02906582683009662,0.07542212222065987,0.13009829871372525,0.2677703508498625,0.02142930471056958
Wine,15,Gradient Boosting,Temperature scaled,Feature masking,0.1,0.9225292373264857,36,0.8888888888888888,0.9246329534308596,0.035744064541970766,0.07624348517143877,0.1294161747004769,0.2733074743857921,0.02142930471056958
Wine,15,Gradient Boosting,Raw,Feature masking,0.2,0.9225292373264857,36,0.8888888888888888,0.9447809025211511,0.05589201363226226,0.08813825162390898,0.15567657298437582,0.26118051740546844,0.012653657007609653
Wine,15,Gradient Boosting,Temperature scaled,Feature masking,0.2,0.9225292373264857,36,0.8888888888888888,0.9519271968717447,0.06303830798285581,0.08157149257339207,0.1585658124662124,0.2692051918290954,0.012653657007609653
Wine,15,Gradient Boosting,Raw,Feature masking,0.3,0.9225292373264857,36,0.8333333333333334,0.861870970234659,0.028537636901325603,0.15818872420615326,0.2478152817172249,0.4153546765542016,0.05400308620200379
Wine,15,Gradient Boosting,Temperature scaled,Feature masking,0.3,0.9225292373264857,36,0.8333333333333334,0.8735535092294223,0.04022017589608895,0.1404214078829142,0.24935209046945836,0.42078619306282355,0.05400308620200379
Wine,15,Gradient Boosting,Raw,Feature masking,0.4,0.9225292373264857,36,0.8611111111111112,0.824364841045537,-0.03674627006557418,0.13819847591404097,0.25333366075272684,0.43785452692644855,0.05847491990287384
Wine,15,Gradient Boosting,Temperature scaled,Feature masking,0.4,0.9225292373264857,36,0.8611111111111112,0.8368350321850463,-0.02427607892606487,0.10895673844986817,0.2522389158530102,0.43879050264449215,0.05847491990287384
Wine,15,Gradient Boosting,Raw,Feature masking,0.5,0.9225292373264857,36,0.75,0.782576200775882,0.03257620077588197,0.08168907034884923,0.3416646483547709,0.5966731855509518,0.09158156406172188
Wine,15,Gradient Boosting,Temperature scaled,Feature masking,0.5,0.9225292373264857,36,0.75,0.7948443659999338,0.0448443659999338,0.05103425152820869,0.3444360667413959,0.6049252183961592,0.09158156406172188
Wine,16,Logistic Regression,Raw,Gaussian noise,0.0,0.04978733804696312,36,1.0,0.952592787577827,-0.04740721242217305,0.047407212422173044,0.01966480758456474,0.05407136709680786,0.0
Wine,16,Logistic Regression,Temperature scaled,Gaussian noise,0.0,0.04978733804696312,36,1.0,0.9999994857555632,-5.142444368111398e-07,5.142444368111398e-07,1.865332655033181e-11,5.142491003942817e-07,0.0
Wine,16,Logistic Regression,Raw,Gaussian noise,0.25,0.04978733804696312,36,1.0,0.9672972982316161,-0.03270270176838386,0.03270270176838393,0.007740411843280389,0.03530532379891941,0.0
Wine,16,Logistic Regression,Temperature scaled,Gaussian noise,0.25,0.04978733804696312,36,1.0,0.9999999999958824,-4.1175951537297806e-12,4.1175951537297806e-12,3.415312062602048e-22,4.117588985911029e-12,0.0
Wine,16,Logistic Regression,Raw,Gaussian noise,0.5,0.04978733804696312,36,0.9166666666666666,0.9431491872837863,0.026482520617119643,0.07675904544407482,0.07527672504349947,0.11916874055039589,0.0044034533005121255
Wine,16,Logistic Regression,Temperature scaled,Gaussian noise,0.5,0.04978733804696312,36,0.9166666666666666,0.9915495414482601,0.0748828747815935,0.07488287478159347,0.1380019615148016,1.0286958654976106,0.003561702458761284
Wine,16,Logistic Regression,Raw,Gaussian noise,1.0,0.04978733804696312,36,0.8333333333333334,0.9087366408308478,0.07540330749751445,0.11201451092159308,0.22666908985216583,0.345700975422181,0.02977810043045017
Wine,16,Logistic Regression,Temperature scaled,Gaussian noise,1.0,0.04978733804696312,36,0.8333333333333334,0.9965376449534031,0.16320431162006976,0.16320431162006976,0.3275589449003721,3.3966320951521025,0.11662253404841912
Wine,16,Logistic Regression,Raw,Gaussian noise,1.5,0.04978733804696312,36,0.7222222222222222,0.9146164862918444,0.19239426406962223,0.2069545852558503,0.42353560633488146,0.8722356356695412,0.11366258533903482
Wine,16,Logistic Regression,Temperature scaled,Gaussian noise,1.5,0.04978733804696312,36,0.7222222222222222,0.9999999063200151,0.2777776840977929,0.2777776840977929,0.5555551810204604,6.594342926843315,0.13675940459313432
Wine,16,Logistic Regression,Raw,Gaussian noise,2.0,0.04978733804696312,36,0.7222222222222222,0.899314671564244,0.17709244934202184,0.18840859210388067,0.38737919970026913,0.9249720840677743,0.08196058013112696
Wine,16,Logistic Regression,Temperature scaled,Gaussian noise,2.0,0.04978733804696312,36,0.7222222222222222,0.9888671135966499,0.2666448913744277,0.26664489137442754,0.5156154879078474,6.159986619600412,0.1343933244344451
Wine,16,Logistic Regression,Raw,Feature masking,0.0,0.04978733804696312,36,1.0,0.952592787577827,-0.04740721242217305,0.047407212422173044,0.01966480758456474,0.05407136709680786,0.0
Wine,16,Logistic Regression,Temperature scaled,Feature masking,0.0,0.04978733804696312,36,1.0,0.9999994857555632,-5.142444368111398e-07,5.142444368111398e-07,1.865332655033181e-11,5.142491003942817e-07,0.0
Wine,16,Logistic Regression,Raw,Feature masking,0.1,0.04978733804696312,36,1.0,0.9238438207750563,-0.07615617922494367,0.07615617922494389,0.03960037953169128,0.09084732237513281,0.0
Wine,16,Logistic Regression,Temperature scaled,Feature masking,0.1,0.04978733804696312,36,1.0,0.9969896419606223,-0.0030103580393776586,0.0030103580393774703,0.0005895838359783206,0.0031686835990370004,0.0
Wine,16,Logistic Regression,Raw,Feature masking,0.2,0.04978733804696312,36,1.0,0.920057106277114,-0.07994289372288599,0.07994289372288595,0.02965766353998523,0.09065003439141528,0.0
Wine,16,Logistic Regression,Temperature scaled,Feature masking,0.2,0.04978733804696312,36,1.0,0.9999996806913265,-3.1930867350205006e-07,3.1930867350205006e-07,7.102291724959195e-12,3.1931044914711444e-07,0.0
Wine,16,Logistic Regression,Raw,Feature masking,0.3,0.04978733804696312,36,0.9166666666666666,0.8768504224917139,-0.039816244174952775,0.06770605852438705,0.10629336785789992,0.19139532786911592,0.008051346535794125
Wine,16,Logistic Regression,Temperature scaled,Feature masking,0.3,0.04978733804696312,36,0.9166666666666666,0.9942995723177445,0.07763290565107783,0.077632905651078,0.14652516881771666,0.8811053479438429,0.00782631050954106
Wine,16,Logistic Regression,Raw,Feature masking,0.4,0.04978733804696312,36,0.9444444444444444,0.8759660342447027,-0.06847841019974177,0.12826828011898453,0.10695341467505076,0.20996956404048986,0.0065444506927350085
Wine,16,Logistic Regression,Temperature scaled,Feature masking,0.4,0.04978733804696312,36,0.9444444444444444,0.9979841863589315,0.05353974191448707,0.05757136880317624,0.11140368337247712,1.3504234799180108,0.0065444506927350085
Wine,16,Logistic Regression,Raw,Feature masking,0.5,0.04978733804696312,36,0.8611111111111112,0.7975832978153741,-0.06352781329573709,0.1178955422227705,0.16844305389541817,0.3098651789464911,0.018227311562657847
Wine,16,Logistic Regression,Temperature scaled,Feature masking,0.5,0.04978733804696312,36,0.8611111111111112,0.9760494626437138,0.11493835153260268,0.11493835153260298,0.2021268452619801,1.1712346971604133,0.06031226222425507
Wine,16,Random Forest,Raw,Gaussian noise,0.0,0.130487280245539,36,1.0,0.8475055555555311,-0.1524944444444689,0.152494444444469,0.06817658158730652,0.17827126354914327,0.0
Wine,16,Random Forest,Temperature scaled,Gaussian noise,0.0,0.130487280245539,36,1.0,0.9952578723627994,-0.0047421276372006105,0.004742127637200678,0.0009594546259883559,0.005004387748295632,0.0
Wine,16,Random Forest,Raw,Gaussian noise,0.25,0.130487280245539,36,1.0,0.8522164021164021,-0.14778359788359785,0.14778359788359788,0.05680702741244645,0.1683334379282078,0.0
Wine,16,Random Forest,Temperature scaled,Gaussian noise,0.25,0.130487280245539,36,1.0,0.9978763140373018,-0.002123685962698185,0.002123685962698062,0.00028277006789966,0.0021979153797293547,0.0
Wine,16,Random Forest,Raw,Gaussian noise,0.5,0.130487280245539,36,0.9166666666666666,0.7932838624338109,-0.12338280423285575,0.153999735449787,0.15682777314185542,0.3080134370270412,0.016712643817821955
Wine,16,Random Forest,Temperature scaled,Gaussian noise,0.5,0.130487280245539,36,0.9166666666666666,0.9974704845203632,0.08080381785369661,0.08080381785369661,0.16555804808405147,0.4859472311125528,0.012968744438146714
Wine,16,Random Forest,Raw,Gaussian noise,1.0,0.130487280245539,36,0.8055555555555556,0.6904105820105819,-0.11514497354497366,0.16192222222222225,0.29234864565885615,0.5443202814151762,0.04205692603458923
Wine,16,Random Forest,Temperature scaled,Gaussian noise,1.0,0.130487280245539,36,0.8055555555555556,0.9659203981252704,0.16036484256971484,0.17833435418975674,0.34120729697286506,1.1422378612635753,0.043728983357042416
Wine,16,Random Forest,Raw,Gaussian noise,1.5,0.130487280245539,36,0.6111111111111112,0.5970462962962964,-0.014064814814814808,0.23979920634920635,0.45774487905769706,0.7564527482150871,0.2554531132444979
Wine,16,Random Forest,Temperature scaled,Gaussian noise,1.5,0.130487280245539,36,0.6111111111111112,0.8813637932749666,0.27025268216385545,0.322108225864964,0.5228088677557535,1.7730488488793328,0.2561316690493392
Wine,16,Random Forest,Raw,Gaussian noise,2.0,0.130487280245539,36,0.5833333333333334,0.6429246031746031,0.05959126984126972,0.1662203703703704,0.5249225354497356,0.8930231891779292,0.3423361608892362
Wine,16,Random Forest,Temperature scaled,Gaussian noise,2.0,0.130487280245539,36,0.5833333333333334,0.9560243353431866,0.3726910020098533,0.37269100200985317,0.7463787848011391,3.3403422980688475,0.32623189301268546
Wine,16,Random Forest,Raw,Feature masking,0.0,0.130487280245539,36,1.0,0.8475055555555309,-0.15249444444446913,0.15249444444446905,0.06817658158730651,0.17827126354914327,0.0
Wine,16,Random Forest,Temperature scaled,Feature masking,0.0,0.130487280245539,36,1.0,0.9952578723627994,-0.0047421276372006105,0.004742127637200682,0.0009594546259883581,0.005004387748295635,0.0
Wine,16,Random Forest,Raw,Feature masking,0.1,0.130487280245539,36,0.9722222222222222,0.7809965608465093,-0.19122566137571295,0.19122566137571304,0.1380701474829992,0.2893757581480902,0.006486090803871726
Wine,16,Random Forest,Temperature scaled,Feature masking,0.1,0.130487280245539,36,0.9722222222222222,0.971635732209383,-0.0005864900128391692,0.05180837619758083,0.07176419773353945,0.17365497453322665,0.005528236397741457
Wine,16,Random Forest,Raw,Feature masking,0.2,0.130487280245539,36,0.9722222222222222,0.7699862433862189,-0.2022359788360033,0.22859523809526264,0.12939114353238082,0.2868733639420985,0.0003858024691358026
Wine,16,Random Forest,Temperature scaled,Feature masking,0.2,0.130487280245539,36,0.9722222222222222,0.9897200084230122,0.01749778620079001,0.02497790582424641,0.032871853819486735,0.044021782016380594,0.0003858024691358026
Wine,16,Random Forest,Raw,Feature masking,0.3,0.130487280245539,36,0.8611111111111112,0.6879500000000001,-0.1731611111111111,0.2203351851851852,0.23737247014865204,0.4384167010494539,0.022036862548519574
Wine,16,Random Forest,Temperature scaled,Feature masking,0.3,0.130487280245539,36,0.8611111111111112,0.9341709342331761,0.07305982312206494,0.0849383221093445,0.1786187707312857,0.33176518120843235,0.02338618942314861
Wine,16,Random Forest,Raw,Feature masking,0.4,0.130487280245539,36,0.8055555555555556,0.703047619047619,-0.10250793650793655,0.16602275132275132,0.268192147367095,0.48761976230315707,0.04726596724796896
Wine,16,Random Forest,Temperature scaled,Feature masking,0.4,0.130487280245539,36,0.8055555555555556,0.971708748349849,0.16615319279429341,0.18007926723774328,0.34131498884318334,0.852595005544252,0.047114452096453804
Wine,16,Random Forest,Raw,Feature masking,0.5,0.130487280245539,36,0.7777777777777778,0.6124857142857143,-0.1652920634920635,0.1981994708994709,0.32722849123708747,0.5735859971775044,0.06561185181152222
Wine,16,Random Forest,Temperature scaled,Feature masking,0.5,0.130487280245539,36,0.7777777777777778,0.8906427000220051,0.11286492224422728,0.11286492224422733,0.2805917724281952,0.5438450539741236,0.06811320201448534
Wine,16,Gradient Boosting,Raw,Gaussian noise,0.0,1.0237426708937576,36,1.0,0.9666389565594654,-0.03336104344053459,0.03336104344053449,0.01732209041296319,0.03973533375910316,0.0
Wine,16,Gradient Boosting,Temperature scaled,Gaussian noise,0.0,1.0237426708937576,36,1.0,0.9653712842828157,-0.03462871571718429,0.03462871571718433,0.017678385055708016,0.04114296162947147,0.0
Wine,16,Gradient Boosting,Raw,Gaussian noise,0.25,1.0237426708937576,36,1.0,0.9839805662712665,-0.01601943372873349,0.01601943372873366,0.00257258707733129,0.016799803380168725,0.0
Wine,16,Gradient Boosting,Temperature scaled,Gaussian noise,0.25,1.0237426708937576,36,1.0,0.9828083464294673,-0.01719165357053265,0.017191653570532497,0.002810156722212885,0.01804958915498105,0.0
Wine,16,Gradient Boosting,Raw,Gaussian noise,0.5,1.0237426708937576,36,0.9166666666666666,0.9466168664819303,0.0299501998152637,0.09777195123968005,0.16513482767912516,0.27984373035450066,0.01969136830037786
Wine,16,Gradient Boosting,Temperature scaled,Gaussian noise,0.5,1.0237426708937576,36,0.9166666666666666,0.944576115418246,0.027909448751579413,0.09930507978858027,0.16449984158740405,0.2771203222084556,0.01969136830037786
Wine,16,Gradient Boosting,Raw,Gaussian noise,1.0,1.0237426708937576,36,0.75,0.9030602130759566,0.15306021307595663,0.18312735358680185,0.3816328888670462,0.7689840964329502,0.07982662552815806
Wine,16,Gradient Boosting,Temperature scaled,Gaussian noise,1.0,1.0237426708937576,36,0.75,0.9000207737748188,0.15002077377481882,0.18018759164246465,0.37943164760940173,0.7575310873742864,0.07982662552815806
Wine,16,Gradient Boosting,Raw,Gaussian noise,1.5,1.0237426708937576,36,0.6111111111111112,0.8527810922888346,0.24166998117772343,0.2660973275983559,0.552821902307421,0.9968270126804545,0.2202320403286272
Wine,16,Gradient Boosting,Temperature scaled,Gaussian noise,1.5,1.0237426708937576,36,0.6111111111111112,0.8491111967370352,0.238000085625924,0.26251152361329066,0.5494319628369464,0.9823627301476601,0.2202320403286272
Wine,16,Gradient Boosting,Raw,Gaussian noise,2.0,1.0237426708937576,36,0.5277777777777778,0.871054528388471,0.3432767506106932,0.37022699800466463,0.7430877554910997,1.5716718233226097,0.373225222347469
Wine,16,Gradient Boosting,Temperature scaled,Gaussian noise,2.0,1.0237426708937576,36,0.5277777777777778,0.8676619344965744,0.33988415671879657,0.3669998495809589,0.7379055934328206,1.5430156945721685,0.373225222347469
Wine,16,Gradient Boosting,Raw,Feature masking,0.0,1.0237426708937576,36,1.0,0.9666389565594654,-0.03336104344053459,0.03336104344053449,0.01732209041296319,0.03973533375910316,0.0
Wine,16,Gradient Boosting,Temperature scaled,Feature masking,0.0,1.0237426708937576,36,1.0,0.9653712842828157,-0.03462871571718429,0.03462871571718433,0.017678385055708016,0.04114296162947147,0.0
Wine,16,Gradient Boosting,Raw,Feature masking,0.1,1.0237426708937576,36,0.8888888888888888,0.9330076153412387,0.04411872645234982,0.09464510375670696,0.16825424504776954,0.27200941663394007,0.016900033588545058
Wine,16,Gradient Boosting,Temperature scaled,Feature masking,0.1,1.0237426708937576,36,0.8888888888888888,0.9308180955387816,0.04192920664989275,0.09525455990713827,0.1673512990067202,0.27020976977415895,0.016900033588545058
Wine,16,Gradient Boosting,Raw,Feature masking,0.2,1.0237426708937576,36,0.9166666666666666,0.8864690721817764,-0.030197594484890233,0.06632027309952819,0.11209436999184101,0.1873385141552838,0.00962029199102254
Wine,16,Gradient Boosting,Temperature scaled,Feature masking,0.2,1.0237426708937576,36,0.9166666666666666,0.8841517329831562,-0.03251493368351044,0.08530060304524657,0.11259483527527675,0.18937728193026893,0.00962029199102254
Wine,16,Gradient Boosting,Raw,Feature masking,0.3,1.0237426708937576,36,0.8888888888888888,0.8550672874921141,-0.0338216013967747,0.16516470912221487,0.16950389610084973,0.28622483538614485,0.018774108629062758
Wine,16,Gradient Boosting,Temperature scaled,Feature masking,0.3,1.0237426708937576,36,0.8888888888888888,0.8523469069646411,-0.036541981924247735,0.16306282400633212,0.16995317499480828,0.28750944933013745,0.018774108629062758
Wine,16,Gradient Boosting,Raw,Feature masking,0.4,1.0237426708937576,36,0.8611111111111112,0.8648604520429548,0.0037493409318436477,0.08578384308147456,0.1738326631424496,0.2808530428782308,0.02884629560975646
Wine,16,Gradient Boosting,Temperature scaled,Feature masking,0.4,1.0237426708937576,36,0.8611111111111112,0.8621352481395416,0.0010241370284304052,0.08638187102480126,0.17378372438843515,0.2818878061790455,0.02884629560975646
Wine,16,Gradient Boosting,Raw,Feature masking,0.5,1.0237426708937576,36,0.8055555555555556,0.8070856710554,0.0015301154998443867,0.16797625018207474,0.24699601421152342,0.39139240235549533,0.055191392798074806
Wine,16,Gradient Boosting,Temperature scaled,Feature masking,0.5,1.0237426708937576,36,0.8055555555555556,0.8031854871721487,-0.0023700683834069203,0.13690778147121654,0.24714211143438344,0.39310662675839425,0.055191392798074806
Wine,17,Logistic Regression,Raw,Gaussian noise,0.0,0.4665617449972616,36,0.9722222222222222,0.9568272558810441,-0.015394966341178096,0.04952381467853065,0.03179817474066989,0.06320851338152159,0.0003858024691358026
Wine,17,Logistic Regression,Temperature scaled,Gaussian noise,0.0,0.4665617449972616,36,0.9722222222222222,0.9859599371195671,0.013737714897344877,0.027676180900116684,0.03279965074908723,0.04554434369128696,0.0003858024691358026
Wine,17,Logistic Regression,Raw,Gaussian noise,0.25,0.4665617449972616,36,0.9722222222222222,0.9580443476749037,-0.014177874547318559,0.055764984882726805,0.04103371809210862,0.07708317401766475,0.0011794532627865965
Wine,17,Logistic Regression,Temperature scaled,Gaussian noise,0.25,0.4665617449972616,36,0.9722222222222222,0.9916621194352039,0.01943989721298167,0.031489806985073344,0.048077209640117004,0.07547343810537555,0.0011794532627865965
Wine,17,Logistic Regression,Raw,Gaussian noise,0.5,0.4665617449972616,36,0.9722222222222222,0.9527535836960934,-0.01946863852612879,0.03458660447567071,0.032895868920868626,0.06667812727875984,0.0003858024691358026
Wine,17,Logistic Regression,Temperature scaled,Gaussian noise,0.5,0.4665617449972616,36,0.9722222222222222,0.9846157002075314,0.01239347798530921,0.0279107832512995,0.031018910024743402,0.04416824241904726,0.0003858024691358026
Wine,17,Logistic Regression,Raw,Gaussian noise,1.0,0.4665617449972616,36,0.9166666666666666,0.9162456171683703,-0.0004210494982963553,0.12500987123502513,0.1968482729637585,0.4055647445425441,0.03594237308029022
Wine,17,Logistic Regression,Temperature scaled,Gaussian noise,1.0,0.4665617449972616,36,0.9166666666666666,0.9553443800874918,0.038677713420825155,0.12297978468713631,0.19316728510073955,0.7028040652061334,0.03560567274358988
Wine,17,Logistic Regression,Raw,Gaussian noise,1.5,0.4665617449972616,36,0.8055555555555556,0.9250747202323658,0.11951916467681023,0.12397046692145369,0.2666604744413361,0.5202385096918211,0.06837831548946535
Wine,17,Logistic Regression,Temperature scaled,Gaussian noise,1.5,0.4665617449972616,36,0.8055555555555556,0.9658640953748411,0.1603085398192855,0.18312853405869128,0.32653187574084763,0.9604204194796417,0.06745238956353942
Wine,17,Logistic Regression,Raw,Gaussian noise,2.0,0.4665617449972616,36,0.75,0.9361886864850322,0.18618868648503217,0.23621300880072565,0.4595497756423687,0.99037786187651,0.12636280046569098
Wine,17,Logistic Regression,Temperature scaled,Gaussian noise,2.0,0.4665617449972616,36,0.75,0.9861653473958611,0.23616534739586115,0.25541935571716157,0.4995605898962689,1.9853602191223183,0.13090675104864324
Wine,17,Logistic Regression,Raw,Feature masking,0.0,0.4665617449972616,36,0.9722222222222222,0.9568272558810441,-0.015394966341178096,0.04952381467853065,0.03179817474066989,0.06320851338152159,0.0003858024691358026
Wine,17,Logistic Regression,Temperature scaled,Feature masking,0.0,0.4665617449972616,36,0.9722222222222222,0.9859599371195671,0.013737714897344877,0.027676180900116684,0.03279965074908723,0.04554434369128696,0.0003858024691358026
Wine,17,Logistic Regression,Raw,Feature masking,0.1,0.4665617449972616,36,1.0,0.9519611637646052,-0.048038836235394844,0.04803883623539467,0.019963564365239852,0.055532534792770545,0.0
Wine,17,Logistic Regression,Temperature scaled,Feature masking,0.1,0.4665617449972616,36,1.0,0.985182890839944,-0.014817109160055963,0.014817109160055904,0.007461123210376631,0.017318505318996924,0.0
Wine,17,Logistic Regression,Raw,Feature masking,0.2,0.4665617449972616,36,1.0,0.9088861020287443,-0.09111389797125569,0.09111389797125564,0.0534062072566953,0.11203078151065683,0.0
Wine,17,Logistic Regression,Temperature scaled,Feature masking,0.2,0.4665617449972616,36,1.0,0.95438884292062,-0.045611157079380016,0.045611157079379974,0.027531329142253404,0.05495749556424252,0.0
Wine,17,Logistic Regression,Raw,Feature masking,0.3,0.4665617449972616,36,0.8888888888888888,0.8489277897397869,-0.03996109914910195,0.0994817022847502,0.16490112083233205,0.2810771908330469,0.024523248053486806
Wine,17,Logistic Regression,Temperature scaled,Feature masking,0.3,0.4665617449972616,36,0.8888888888888888,0.9431295139687141,0.0542406250798253,0.08250939010845192,0.178617736193917,0.27968636194197444,0.02283525497921077
Wine,17,Logistic Regression,Raw,Feature masking,0.4,0.4665617449972616,36,0.9166666666666666,0.8148834580220992,-0.10178320864456747,0.1312510025308417,0.176183735405792,0.3077620090900263,0.0248714520430553
Wine,17,Logistic Regression,Temperature scaled,Feature masking,0.4,0.4665617449972616,36,0.9166666666666666,0.913047678670254,-0.0036189879964125815,0.09512666088188473,0.15895368303515303,0.271092068624149,0.02652742520285988
Wine,17,Logistic Regression,Raw,Feature masking,0.5,0.4665617449972616,36,0.8333333333333334,0.7788602846011439,-0.0544730487321895,0.09029769431191499,0.21736492969387677,0.3710412169998587,0.03703532934227043
Wine,17,Logistic Regression,Temperature scaled,Feature masking,0.5,0.4665617449972616,36,0.8333333333333334,0.8884635084568719,0.05513017512353857,0.11302561891510302,0.22234984240168446,0.3356951378779221,0.035710196100694536
Wine,17,Random Forest,Raw,Gaussian noise,0.0,0.3825210052277731,36,0.9722222222222222,0.8716992063490702,-0.10052301587315204,0.10755158730172361,0.08636847492063943,0.18574434816612076,0.00460231047181553
Wine,17,Random Forest,Temperature scaled,Gaussian noise,0.0,0.3825210052277731,36,0.9722222222222222,0.9677056546759695,-0.004516567546252737,0.048064754539922185,0.07044051732058237,0.1258502077510249,0.00460231047181553
Wine,17,Random Forest,Raw,Gaussian noise,0.25,0.3825210052277731,36,0.9722222222222222,0.8157637566137016,-0.1564584656085206,0.15696587301592804,0.1392314219702706,0.2849732482171497,0.020031049590694232
Wine,17,Random Forest,Temperature scaled,Gaussian noise,0.25,0.3825210052277731,36,0.9722222222222222,0.9448328085097314,-0.027389413712490818,0.06622156814626352,0.08017390901670107,0.21959996930834513,0.021665036518798808
Wine,17,Random Forest,Raw,Gaussian noise,0.5,0.3825210052277731,36,1.0,0.7906582010581498,-0.20934179894185023,0.20934179894185018,0.11574410273117255,0.2575389998094859,0.0
Wine,17,Random Forest,Temperature scaled,Gaussian noise,0.5,0.3825210052277731,36,1.0,0.9251685538191796,-0.07483144618082038,0.07483144618082042,0.04673612894870386,0.0913652150307346,0.0
Wine,17,Random Forest,Raw,Gaussian noise,1.0,0.3825210052277731,36,0.7777777777777778,0.67899417989418,-0.0987835978835978,0.18947619047619046,0.34174237782816835,0.5789382857156086,0.09366008676665867
Wine,17,Random Forest,Temperature scaled,Gaussian noise,1.0,0.3825210052277731,36,0.7777777777777778,0.8473651531410591,0.0695873753632813,0.16945695546677006,0.36963251668760655,0.5975166218732773,0.0863548035422578
Wine,17,Random Forest,Raw,Gaussian noise,1.5,0.3825210052277731,36,0.7222222222222222,0.6096193121692854,-0.11260291005293677,0.2033843915344182,0.4301913866918641,0.7209795952293477,0.18353721153439925
Wine,17,Random Forest,Temperature scaled,Gaussian noise,1.5,0.3825210052277731,36,0.7222222222222222,0.7909080312084806,0.06868580898625842,0.17955896529404153,0.4417888068415447,0.7662208805765736,0.1764875337991793
Wine,17,Random Forest,Raw,Gaussian noise,2.0,0.3825210052277731,36,0.5555555555555556,0.5647433862433862,0.009187830687830578,0.14659788359788362,0.48128423791887115,0.7876655863339093,0.25510168507320796
Wine,17,Random Forest,Temperature scaled,Gaussian noise,2.0,0.3825210052277731,36,0.5555555555555556,0.7454339619991872,0.18987840644363163,0.22537278823132165,0.5158044597129532,0.8050568483410234,0.22165099557007592
Wine,17,Random Forest,Raw,Feature masking,0.0,0.3825210052277731,36,0.9722222222222222,0.8716992063490702,-0.10052301587315204,0.10755158730172361,0.08636847492063943,0.18574434816612076,0.00460231047181553
Wine,17,Random Forest,Temperature scaled,Feature masking,0.0,0.3825210052277731,36,0.9722222222222222,0.9677056546759695,-0.004516567546252737,0.048064754539922185,0.07044051732058237,0.1258502077510249,0.00460231047181553
Wine,17,Random Forest,Raw,Feature masking,0.1,0.3825210052277731,36,0.9722222222222222,0.8319791005290178,-0.1402431216932044,0.14024312169320452,0.09075338237843386,0.21232078271432112,0.0003858024691358026
Wine,17,Random Forest,Temperature scaled,Feature masking,0.1,0.3825210052277731,36,0.9722222222222222,0.9540174560651474,-0.01820476615707478,0.05373286201162163,0.03917427515219082,0.0733261468687901,0.0003858024691358026
Wine,17,Random Forest,Raw,Feature masking,0.2,0.3825210052277731,36,0.9722222222222222,0.7654134920634664,-0.20680873015875578,0.20680873015875573,0.16025227426052266,0.3288316162285625,0.009575336948673428
Wine,17,Random Forest,Temperature scaled,Feature masking,0.2,0.3825210052277731,36,0.9722222222222222,0.9197385645172295,-0.05248365770499275,0.09086261475089899,0.09658797963207899,0.18650841460419218,0.009575336948673428
Wine,17,Random Forest,Raw,Feature masking,0.3,0.3825210052277731,36,0.8611111111111112,0.6793920634920636,-0.18171904761904756,0.19704550264550263,0.25087095762660616,0.4747537803600882,0.025876675251023204
Wine,17,Random Forest,Temperature scaled,Feature masking,0.3,0.3825210052277731,36,0.8611111111111112,0.8630276729016448,0.0019165617905336774,0.06954356811931721,0.19222540116268036,0.31928613803549255,0.02282747730193649
Wine,17,Random Forest,Raw,Feature masking,0.4,0.3825210052277731,36,0.8611111111111112,0.6675296296296297,-0.19358148148148147,0.22856666666666664,0.26756838314940795,0.5023166392882941,0.03427920010924006
Wine,17,Random Forest,Temperature scaled,Feature masking,0.4,0.3825210052277731,36,0.8611111111111112,0.8660595327303846,0.0049484216192734465,0.11933155544494171,0.18894297262678325,0.3376933129877038,0.03480207592623352
Wine,17,Random Forest,Raw,Feature masking,0.5,0.3825210052277731,36,0.8611111111111112,0.6096388888888888,-0.2514722222222223,0.2706425925925925,0.32461887985890653,0.5966221006315057,0.06094305744900375
Wine,17,Random Forest,Temperature scaled,Feature masking,0.5,0.3825210052277731,36,0.8611111111111112,0.8394101507345406,-0.021700960376570544,0.13033798721699982,0.22147806984473248,0.40502752723918445,0.06153487666827396
Wine,17,Gradient Boosting,Raw,Gaussian noise,0.0,0.5009176474403373,36,0.9444444444444444,0.9558514319380973,0.011406987493652876,0.0711483078088233,0.08872925442225056,0.14883843953903766,0.003175899989625481
Wine,17,Gradient Boosting,Temperature scaled,Gaussian noise,0.0,0.5009176474403373,36,0.9444444444444444,0.9802957269114637,0.035851282467019296,0.06683541210058663,0.11154997108833836,0.21305848973835387,0.003175899989625481
Wine,17,Gradient Boosting,Raw,Gaussian noise,0.25,0.5009176474403373,36,0.9444444444444444,0.9308867389986067,-0.013557705445837676,0.09806982512643128,0.12564147550870855,0.25433326713710436,0.017152408767006966
Wine,17,Gradient Boosting,Temperature scaled,Gaussian noise,0.25,0.5009176474403373,36,0.9444444444444444,0.963649035407103,0.019204590962658585,0.0835381267699333,0.12951924642740192,0.38052778253280617,0.017152408767006966
Wine,17,Gradient Boosting,Raw,Gaussian noise,0.5,0.5009176474403373,36,0.9444444444444444,0.9478980982570009,0.0034536538125564675,0.05941423847291245,0.07193319715267742,0.11329273473784646,0.004017650831376323
Wine,17,Gradient Boosting,Temperature scaled,Gaussian noise,0.5,0.5009176474403373,36,0.9444444444444444,0.9759002153148543,0.03145577087040985,0.06067941804808857,0.08796637672028391,0.12894924196379653,0.003175899989625481
Wine,17,Gradient Boosting,Raw,Gaussian noise,1.0,0.5009176474403373,36,0.6388888888888888,0.9137039834498574,0.27481509456096853,0.2748150945609682,0.5316991671488853,1.0097553237028798,0.11557791711020679
Wine,17,Gradient Boosting,Temperature scaled,Gaussian noise,1.0,0.5009176474403373,36,0.6388888888888888,0.9597824024841393,0.3208935135952504,0.32089351359525037,0.6188681236673486,1.855274741397724,0.1168916034238931
Wine,17,Gradient Boosting,Raw,Gaussian noise,1.5,0.5009176474403373,36,0.75,0.8447672127871021,0.0947672127871021,0.1777113982306808,0.4111794316557138,0.8909955214303911,0.1998052461571096
Wine,17,Gradient Boosting,Temperature scaled,Gaussian noise,1.5,0.5009176474403373,36,0.75,0.9265549000942299,0.17655490009422992,0.20843267913527058,0.45455911134102134,1.4859183313144688,0.1998052461571096
Wine,17,Gradient Boosting,Raw,Gaussian noise,2.0,0.5009176474403373,36,0.6111111111111112,0.8080097975639308,0.1968986864528196,0.2298452324993438,0.5470606221985359,0.9539019762533193,0.2529359810943102
Wine,17,Gradient Boosting,Temperature scaled,Gaussian noise,2.0,0.5009176474403373,36,0.6111111111111112,0.90933613020739,0.29822501909627885,0.3490811082635712,0.6446786561985838,1.5403525743248316,0.26156951169123105
Wine,17,Gradient Boosting,Raw,Feature masking,0.0,0.5009176474403373,36,0.9444444444444444,0.9558514319380973,0.011406987493652876,0.0711483078088233,0.08872925442225056,0.14883843953903766,0.003175899989625481
Wine,17,Gradient Boosting,Temperature scaled,Feature masking,0.0,0.5009176474403373,36,0.9444444444444444,0.9802957269114637,0.035851282467019296,0.06683541210058663,0.11154997108833836,0.21305848973835387,0.003175899989625481
Wine,17,Gradient Boosting,Raw,Feature masking,0.1,0.5009176474403373,36,0.9444444444444444,0.9318466274054314,-0.01259781703901297,0.06857528763880458,0.06791278132724937,0.12448584748806771,0.0023822491959746873
Wine,17,Gradient Boosting,Temperature scaled,Feature masking,0.1,0.5009176474403373,36,0.9444444444444444,0.9616342385353293,0.017189794090884836,0.04936237443765979,0.06985457946195181,0.12019934118047078,0.0023822491959746873
Wine,17,Gradient Boosting,Raw,Feature masking,0.2,0.5009176474403373,36,0.8888888888888888,0.9146036311829427,0.025714742294053905,0.08626616304986473,0.1324296522955466,0.22348821480334513,0.01153256363368634
Wine,17,Gradient Boosting,Temperature scaled,Feature masking,0.2,0.5009176474403373,36,0.8888888888888888,0.964893584506862,0.07600469561797318,0.09283272360322474,0.1594151834648764,0.2792102335115468,0.010690812791935499
Wine,17,Gradient Boosting,Raw,Feature masking,0.3,0.5009176474403373,36,0.8611111111111112,0.8761253041636338,0.015014193052522606,0.11492785095452324,0.1631906062485426,0.30714975243725107,0.02071411122576825
Wine,17,Gradient Boosting,Temperature scaled,Feature masking,0.3,0.5009176474403373,36,0.8611111111111112,0.9428444739095938,0.08173336279848264,0.09489076077750654,0.17355408201953582,0.3733791345378778,0.02071411122576825
Wine,17,Gradient Boosting,Raw,Feature masking,0.4,0.5009176474403373,36,0.9166666666666666,0.8343463012385766,-0.08232036542809007,0.12315969088718254,0.20863073131135085,0.3911340424472453,0.03448954890559717
Wine,17,Gradient Boosting,Temperature scaled,Feature masking,0.4,0.5009176474403373,36,0.9166666666666666,0.9011242526163402,-0.015542414050326414,0.10422654706344349,0.19876072045991125,0.46758377878242263,0.03185738044681582
Wine,17,Gradient Boosting,Raw,Feature masking,0.5,0.5009176474403373,36,0.8333333333333334,0.8326270508779124,-0.0007062824554209257,0.15750058675251416,0.27109995121251657,0.5379910875428163,0.08581591362186224
Wine,17,Gradient Boosting,Temperature scaled,Feature masking,0.5,0.5009176474403373,36,0.8333333333333334,0.9165535409561727,0.08322020762283933,0.1523382527732465,0.292792600609035,0.7519233878660007,0.07563072843667705
Wine,18,Logistic Regression,Raw,Gaussian noise,0.0,1.2710592396057134,36,0.9444444444444444,0.9566837048684115,0.012239260423967058,0.07324513753312244,0.07381677736575852,0.11503695295402092,0.003175899989625481
Wine,18,Logistic Regression,Temperature scaled,Gaussian noise,0.0,1.2710592396057134,36,0.9444444444444444,0.9310800422516284,-0.013364402192815983,0.09305537482720005,0.07228481669459258,0.12968896241892333,0.003175899989625481
Wine,18,Logistic Regression,Raw,Gaussian noise,0.25,1.2710592396057134,36,0.9444444444444444,0.955378081998425,0.01093363755398058,0.06037423745195561,0.0717089482197321,0.12168890938154643,0.004092055593281084
Wine,18,Logistic Regression,Temperature scaled,Gaussian noise,0.25,1.2710592396057134,36,0.9444444444444444,0.9280554667607342,-0.01638897768371017,0.07614252327560804,0.07208714003161837,0.136969106453148,0.004092055593281084
Wine,18,Logistic Regression,Raw,Gaussian noise,0.5,1.2710592396057134,36,0.9166666666666666,0.9447465401062798,0.028079873439613157,0.06680806901849334,0.11918341780939379,0.1988644153502794,0.013667392541954511
Wine,18,Logistic Regression,Temperature scaled,Gaussian noise,0.5,1.2710592396057134,36,0.9166666666666666,0.9178293329380934,0.0011626662714268043,0.09536188681307317,0.11719412480028452,0.20102312690796667,0.013667392541954511
Wine,18,Logistic Regression,Raw,Gaussian noise,1.0,1.2710592396057134,36,0.8611111111111112,0.9216539483521766,0.06054283724106546,0.0858477361436348,0.22894728373269194,0.5058744190421894,0.07453422892253307
Wine,18,Logistic Regression,Temperature scaled,Gaussian noise,1.0,1.2710592396057134,36,0.8611111111111112,0.8908732362004405,0.029762125089329294,0.08979070303535042,0.22565477224761527,0.4542563645101469,0.07371723545848079
Wine,18,Logistic Regression,Raw,Gaussian noise,1.5,1.2710592396057134,36,0.75,0.9443072373332383,0.1943072373332383,0.20598223132778135,0.42778082652600724,1.2706550513366632,0.15526050199744754
Wine,18,Logistic Regression,Temperature scaled,Gaussian noise,1.5,1.2710592396057134,36,0.75,0.9281202661639463,0.17812026616394627,0.21015688486234457,0.4143141528436818,1.033748037506317,0.15174318598013153
Wine,18,Logistic Regression,Raw,Gaussian noise,2.0,1.2710592396057134,36,0.6944444444444444,0.9586210882073877,0.26417664376294325,0.2815079453903645,0.5349570635921743,1.360634570079395,0.1264760544109315
Wine,18,Logistic Regression,Temperature scaled,Gaussian noise,2.0,1.2710592396057134,36,0.6944444444444444,0.9387412305681566,0.2442967861237122,0.2637229657397937,0.50806219771682,1.1030584751858474,0.12289861333349042
Wine,18,Logistic Regression,Raw,Feature masking,0.0,1.2710592396057134,36,0.9444444444444444,0.9566837048684115,0.012239260423967058,0.07324513753312244,0.07381677736575852,0.11503695295402092,0.003175899989625481
Wine,18,Logistic Regression,Temperature scaled,Feature masking,0.0,1.2710592396057134,36,0.9444444444444444,0.9310800422516284,-0.013364402192815983,0.09305537482720005,0.07228481669459258,0.12968896241892333,0.003175899989625481
Wine,18,Logistic Regression,Raw,Feature masking,0.1,1.2710592396057134,36,0.9444444444444444,0.9448451860203618,0.0004007415759174071,0.08413248266312266,0.07417939391880896,0.12484008550124306,0.003175899989625481
Wine,18,Logistic Regression,Temperature scaled,Feature masking,0.1,1.2710592396057134,36,0.9444444444444444,0.9134819946314123,-0.03096244981303209,0.09208196876405583,0.07649635759797788,0.14712798027587662,0.003175899989625481
Wine,18,Logistic Regression,Raw,Feature masking,0.2,1.2710592396057134,36,0.8888888888888888,0.8768883002766685,-0.012000588612220309,0.08101262573455167,0.13179509504764417,0.22453175332753295,0.012910414180809482
Wine,18,Logistic Regression,Temperature scaled,Feature masking,0.2,1.2710592396057134,36,0.8888888888888888,0.8364071878025905,-0.05248170108629835,0.10977114906576463,0.14072452143691294,0.25885377283772953,0.015600453009961214
Wine,18,Logistic Regression,Raw,Feature masking,0.3,1.2710592396057134,36,0.9166666666666666,0.8827594046166937,-0.033907262049972964,0.12079764751563023,0.16901316630495478,0.36775665736709756,0.06793547172387865
Wine,18,Logistic Regression,Temperature scaled,Feature masking,0.3,1.2710592396057134,36,0.9166666666666666,0.8417954888876238,-0.07487117777904284,0.12170001953391443,0.18227349959862296,0.3698301014589985,0.0695599031728715
Wine,18,Logistic Regression,Raw,Feature masking,0.4,1.2710592396057134,36,0.9166666666666666,0.8467240292514622,-0.06994263741520446,0.1476719761483013,0.09285677639954298,0.20349796615863525,0.003561702458761284
Wine,18,Logistic Regression,Temperature scaled,Feature masking,0.4,1.2710592396057134,36,0.9166666666666666,0.7994224935096793,-0.11724417315698732,0.19186659995045816,0.11794551554906121,0.2600428225744274,0.003561702458761284
Wine,18,Logistic Regression,Raw,Feature masking,0.5,1.2710592396057134,36,0.8333333333333334,0.8063068092581127,-0.02702652407522066,0.11636972371021316,0.27823341461913903,0.4915745982004954,0.08162146395905544
Wine,18,Logistic Regression,Temperature scaled,Feature masking,0.5,1.2710592396057134,36,0.8333333333333334,0.7563154248356891,-0.07701790849764423,0.15008682646585486,0.2847853485417613,0.5035878522681441,0.07768007045827496
Wine,18,Random Forest,Raw,Gaussian noise,0.0,0.04978725391785134,36,0.9722222222222222,0.8564626984125904,-0.11575952380963184,0.11575952380963173,0.07586684063492649,0.18149146267885596,0.0019964467268388845
Wine,18,Random Forest,Temperature scaled,Gaussian noise,0.0,0.04978725391785134,36,0.9722222222222222,0.9999988620794795,0.027776639857257313,0.027776639857257313,0.05555441476130397,0.3190709799663914,0.0011794532627865965
Wine,18,Random Forest,Raw,Gaussian noise,0.25,0.04978725391785134,36,0.9722222222222222,0.8234559523808752,-0.148766269841347,0.18055886243393945,0.0860131067523411,0.21439338973873096,0.0011794532627865965
Wine,18,Random Forest,Temperature scaled,Gaussian noise,0.25,0.04978725391785134,36,0.9722222222222222,0.9999265779788414,0.027704355756619226,0.027704355756619226,0.05532220060112182,0.17125401894395037,0.0003858024691358026
Wine,18,Random Forest,Raw,Gaussian noise,0.5,0.04978725391785134,36,0.9166666666666666,0.7977854497354497,-0.1188812169312169,0.15695370370370365,0.13089452743764174,0.27156587410713284,0.011474203744823058
Wine,18,Random Forest,Temperature scaled,Gaussian noise,0.5,0.04978725391785134,36,0.9166666666666666,0.9876919067264214,0.07102524005975475,0.07102524005975457,0.12834466389264476,0.5796046374840399,0.0052715088560676806
Wine,18,Random Forest,Raw,Gaussian noise,1.0,0.04978725391785134,36,0.8055555555555556,0.6902026455026454,-0.11535291005291015,0.17952698412698415,0.3392250700692869,0.5698699341748975,0.11442950043988527
Wine,18,Random Forest,Temperature scaled,Gaussian noise,1.0,0.04978725391785134,36,0.8055555555555556,0.9974508682202428,0.19189531266468718,0.19627270570743133,0.38887930913271246,3.305803189870814,0.10570702593535451
Wine,18,Random Forest,Raw,Gaussian noise,1.5,0.04978725391785134,36,0.7777777777777778,0.6157404761904761,-0.16203730158730167,0.20971984126984125,0.41459840395691605,0.7109242147853967,0.1482350631491069
Wine,18,Random Forest,Temperature scaled,Gaussian noise,1.5,0.04978725391785134,36,0.7777777777777778,0.9739617098742319,0.19618393209645413,0.22566113228873239,0.4227641297132976,3.6141459459118415,0.20225581421884706
Wine,18,Random Forest,Raw,Gaussian noise,2.0,0.04978725391785134,36,0.6666666666666666,0.6017158730158729,-0.0649507936507937,0.11059788359788363,0.4973526117825649,0.8399901838950121,0.2519831013046527
Wine,18,Random Forest,Temperature scaled,Gaussian noise,2.0,0.04978725391785134,36,0.6666666666666666,0.9572625276575769,0.2905958609909103,0.34915327932828744,0.6488836592867041,5.284864219501518,0.24181943553514768
Wine,18,Random Forest,Raw,Feature masking,0.0,0.04978725391785134,36,0.9722222222222222,0.8564626984125905,-0.11575952380963173,0.11575952380963173,0.07586684063492649,0.181491462678856,0.0019964467268388845
Wine,18,Random Forest,Temperature scaled,Feature masking,0.0,0.04978725391785134,36,0.9722222222222222,0.9999988620794795,0.027776639857257313,0.027776639857257313,0.05555441476130397,0.3190709799663913,0.0011794532627865965
Wine,18,Random Forest,Raw,Feature masking,0.1,0.04978725391785134,36,0.9722222222222222,0.8211436507935157,-0.1510785714287065,0.1510785714287064,0.10191348525321958,0.22849098509563814,0.0037062531241452814
Wine,18,Random Forest,Temperature scaled,Feature masking,0.1,0.04978725391785134,36,0.9722222222222222,0.9947871333613065,0.02256491113908432,0.03245825842226834,0.05731884548551147,0.29304376283143346,0.0019964467268388845
Wine,18,Random Forest,Raw,Feature masking,0.2,0.04978725391785134,36,0.8333333333333334,0.6924697089946823,-0.14086362433865107,0.18857473544976208,0.25074471983497304,0.4568649504461656,0.02832777353545482
Wine,18,Random Forest,Temperature scaled,Feature masking,0.2,0.04978725391785134,36,0.8333333333333334,0.9906737659844443,0.15734043265111097,0.17032392302328542,0.3282455454631496,1.2504274332616077,0.03420966219657077
Wine,18,Random Forest,Raw,Feature masking,0.3,0.04978725391785134,36,0.9166666666666666,0.7117112433862434,-0.20495542328042327,0.20495542328042327,0.20871596900352732,0.39444101378356433,0.019509399533850266
Wine,18,Random Forest,Temperature scaled,Feature masking,0.3,0.04978725391785134,36,0.9166666666666666,0.9650533335983857,0.04838666693171911,0.08871783165920441,0.1392211794441316,0.5576051366577981,0.014420999747174618
Wine,18,Random Forest,Raw,Feature masking,0.4,0.04978725391785134,36,0.8888888888888888,0.6919853174602919,-0.19690357142859694,0.25116917989420545,0.23376097211262645,0.4433606721096649,0.01645749006244419
Wine,18,Random Forest,Temperature scaled,Feature masking,0.4,0.04978725391785134,36,0.8888888888888888,0.9830089515694171,0.0941200626805283,0.09412006268052828,0.1693444408424233,1.0294341276592083,0.016558307416091485
Wine,18,Random Forest,Raw,Feature masking,0.5,0.04978725391785134,36,0.7222222222222222,0.6675313492063492,-0.054690873015873054,0.1955223544973545,0.3597691955492567,0.6364245682843094,0.07916887187225338
Wine,18,Random Forest,Temperature scaled,Feature masking,0.5,0.04978725391785134,36,0.7222222222222222,0.9868884251560345,0.26466620293381227,0.2702866344190168,0.519530751873039,3.8702116432845606,0.09027080179060842
Wine,18,Gradient Boosting,Raw,Gaussian noise,0.0,0.04978738304786505,36,0.9722222222222222,0.979495692129648,0.0072734699074258335,0.042512514709776794,0.0484771338425276,0.08232316198340171,0.0019964467268388845
Wine,18,Gradient Boosting,Temperature scaled,Gaussian noise,0.0,0.04978738304786505,36,0.9722222222222222,0.9999999999979998,0.027777777775777612,0.027777777775777612,0.05555555555538888,0.7675283643333487,0.02723712646588875
Wine,18,Gradient Boosting,Raw,Gaussian noise,0.25,0.04978738304786505,36,0.9722222222222222,0.976684420448065,0.004462198225842817,0.03680490761219223,0.03267260751232445,0.05486292261996498,0.0003858024691358026
Wine,18,Gradient Boosting,Temperature scaled,Gaussian noise,0.25,0.04978738304786505,36,0.9722222222222222,0.9999999999862565,0.02777777776403434,0.02777777776403434,0.055555555508414935,0.5994955722406661,0.0003858024691358026
Wine,18,Gradient Boosting,Raw,Gaussian noise,0.5,0.04978738304786505,36,0.9444444444444444,0.9506007105477909,0.006156266103346519,0.05152946649923158,0.1025598798614975,0.18059496009646972,0.010503407607136243
Wine,18,Gradient Boosting,Temperature scaled,Gaussian noise,0.5,0.04978738304786505,36,0.9444444444444444,0.998735530726839,0.05429108628239454,0.05429108628239454,0.11122622998542571,1.3277481661634498,0.03137032532947978
Wine,18,Gradient Boosting,Raw,Gaussian noise,1.0,0.04978738304786505,36,0.7222222222222222,0.905478429560845,0.1832562073386228,0.198491607242829,0.37528768700055,0.6923653471409469,0.09100575759236733
Wine,18,Gradient Boosting,Temperature scaled,Gaussian noise,1.0,0.04978738304786505,36,0.7222222222222222,0.9999469964698844,0.2777247742476622,0.2777247742476622,0.5553436462092368,5.599377796533743,0.14046232791188526
Wine,18,Gradient Boosting,Raw,Gaussian noise,1.5,0.04978738304786505,36,0.6944444444444444,0.8323324767555422,0.1378880323110978,0.20086772855028873,0.5001205036496038,1.1111353407264337,0.24822810860940864
Wine,18,Gradient Boosting,Temperature scaled,Gaussian noise,1.5,0.04978738304786505,36,0.6944444444444444,0.999555633377578,0.3051111889331336,0.3051111889331336,0.6102655089639442,7.331862463592886,0.2824526489119503
Wine,18,Gradient Boosting,Raw,Gaussian noise,2.0,0.04978738304786505,36,0.6666666666666666,0.8778582795731504,0.2111916129064838,0.2722354424344181,0.5967955217264724,1.2931548344194828,0.23033529724545385
Wine,18,Gradient Boosting,Temperature scaled,Gaussian noise,2.0,0.04978738304786505,36,0.6666666666666666,0.9996891545802105,0.33302248791354383,0.33302248791354383,0.6666679989810486,8.892721287443058,0.45984527667292
Wine,18,Gradient Boosting,Raw,Feature masking,0.0,0.04978738304786505,36,0.9722222222222222,0.979495692129648,0.0072734699074258335,0.042512514709776794,0.0484771338425276,0.08232316198340171,0.0019964467268388845
Wine,18,Gradient Boosting,Temperature scaled,Feature masking,0.0,0.04978738304786505,36,0.9722222222222222,0.9999999999979998,0.027777777775777612,0.027777777775777612,0.05555555555538888,0.7675283643333487,0.02723712646588875
Wine,18,Gradient Boosting,Raw,Feature masking,0.1,0.04978738304786505,36,0.9722222222222222,0.9639046922553257,-0.008317529966896497,0.05603319950158171,0.06258625195143784,0.11285874616244262,0.0037062531241452814
Wine,18,Gradient Boosting,Temperature scaled,Feature masking,0.1,0.04978738304786505,36,0.9722222222222222,0.9999523848270336,0.027730162604811426,0.027730162604811426,0.05555571879411361,0.7675760203606918,0.02723712646588875
Wine,18,Gradient Boosting,Raw,Feature masking,0.2,0.04978738304786505,36,0.8611111111111112,0.8517497237822625,-0.009361387328848614,0.0912296852912105,0.16511675954869742,0.29227802653121177,0.023240911087126934
Wine,18,Gradient Boosting,Temperature scaled,Feature masking,0.2,0.04978738304786505,36,0.8611111111111112,0.997689631285232,0.13657852017412087,0.13657852017412087,0.27280208502966713,1.5800342303684773,0.04403670317908818
Wine,18,Gradient Boosting,Raw,Feature masking,0.3,0.04978738304786505,36,0.8333333333333334,0.8805988110059255,0.04726547767259215,0.13311725057620932,0.19896708127426008,0.32320167916177256,0.027374246089966997
Wine,18,Gradient Boosting,Temperature scaled,Feature masking,0.3,0.04978738304786505,36,0.8333333333333334,0.9998914034088541,0.1665580700755207,0.1665580700755207,0.33289997719698583,2.9023291097591235,0.05748798746776124
Wine,18,Gradient Boosting,Raw,Feature masking,0.4,0.04978738304786505,36,0.9166666666666666,0.866816772219909,-0.04984989444675758,0.08928053289024902,0.1178977598198783,0.2197556238197558,0.007778210461441011
Wine,18,Gradient Boosting,Temperature scaled,Feature masking,0.4,0.04978738304786505,36,0.9166666666666666,0.9863422148381049,0.06967554817143828,0.09592487369804348,0.1771442647382094,1.1369788615370646,0.007723903955521605
Wine,18,Gradient Boosting,Raw,Feature masking,0.5,0.04978738304786505,36,0.75,0.8403857319061072,0.09038573190610721,0.19223857391927987,0.31866868206529675,0.5791480320259506,0.09444476878603673
Wine,18,Gradient Boosting,Temperature scaled,Feature masking,0.5,0.04978738304786505,36,0.75,0.9918708345634393,0.24187083456343927,0.24187083456343897,0.487400639600737,4.55251061093224,0.11055294044976395
Wine,19,Logistic Regression,Raw,Gaussian noise,0.0,0.628309285241449,36,1.0,0.9439027501915866,-0.05609724980841335,0.05609724980841338,0.0278300674014836,0.06614076096757143,0.0
Wine,19,Logistic Regression,Temperature scaled,Gaussian noise,0.0,0.628309285241449,36,1.0,0.9688600325633365,-0.031139967436663474,0.031139967436663477,0.017948220729018804,0.037344759178540896,0.0
Wine,19,Logistic Regression,Raw,Gaussian noise,0.25,0.628309285241449,36,1.0,0.9514716762957782,-0.048528323704221776,0.04852832370422184,0.014078122537281378,0.05300093181112789,0.0
Wine,19,Logistic Regression,Temperature scaled,Gaussian noise,0.25,0.628309285241449,36,1.0,0.9824977938797872,-0.017502206120212804,0.017502206120212808,0.003137687359250104,0.018377228472044635,0.0
Wine,19,Logistic Regression,Raw,Gaussian noise,0.5,0.628309285241449,36,1.0,0.935146747053528,-0.06485325294647204,0.06485325294647204,0.03434491121631286,0.08069291633388086,0.0
Wine,19,Logistic Regression,Temperature scaled,Gaussian noise,0.5,0.628309285241449,36,1.0,0.9621219891134051,-0.037878010886594926,0.037878010886594926,0.02216744025591811,0.04785446120438996,0.0
Wine,19,Logistic Regression,Raw,Gaussian noise,1.0,0.628309285241449,36,0.8611111111111112,0.9261522963962605,0.06504118528514935,0.11640847300442339,0.23877958400269067,0.4765263949618932,0.03895268353640093
Wine,19,Logistic Regression,Temperature scaled,Gaussian noise,1.0,0.628309285241449,36,0.8611111111111112,0.955764153783599,0.09465304267248786,0.1465286689977366,0.24263917899441914,0.6680803842134878,0.03704792163163902
Wine,19,Logistic Regression,Raw,Gaussian noise,1.5,0.628309285241449,36,0.7222222222222222,0.9331822307825401,0.21096000856031794,0.23103872802080994,0.42068839553452686,0.7969829732444805,0.08883235099476154
Wine,19,Logistic Regression,Temperature scaled,Gaussian noise,1.5,0.628309285241449,36,0.7222222222222222,0.9676881779181211,0.2454659556958989,0.24546595569589888,0.47277707708625283,1.1815743933978125,0.08883235099476154
Wine,19,Logistic Regression,Raw,Gaussian noise,2.0,0.628309285241449,36,0.6111111111111112,0.9370328960051091,0.3259217848939979,0.36192687555541514,0.6583383934100451,2.019205909326425,0.2339804238106798
Wine,19,Logistic Regression,Temperature scaled,Gaussian noise,2.0,0.628309285241449,36,0.6111111111111112,0.9561331402459167,0.3450220291348055,0.36008719606747175,0.6851779123428129,3.14320541979947,0.2328230164032724
Wine,19,Logistic Regression,Raw,Feature masking,0.0,0.628309285241449,36,1.0,0.9439027501915866,-0.05609724980841335,0.05609724980841338,0.0278300674014836,0.06614076096757143,0.0
Wine,19,Logistic Regression,Temperature scaled,Feature masking,0.0,0.628309285241449,36,1.0,0.9688600325633365,-0.031139967436663474,0.031139967436663477,0.017948220729018804,0.037344759178540896,0.0
Wine,19,Logistic Regression,Raw,Feature masking,0.1,0.628309285241449,36,0.9722222222222222,0.929898450161271,-0.04232377206095117,0.0720710524856305,0.03510719938203888,0.08632214944567068,0.0003858024691358026
Wine,19,Logistic Regression,Temperature scaled,Feature masking,0.1,0.628309285241449,36,0.9722222222222222,0.9660221377192778,-0.006200084502944403,0.03808341364768137,0.022598131943716272,0.0473637475987253,0.0003858024691358026
Wine,19,Logistic Regression,Raw,Feature masking,0.2,0.628309285241449,36,0.9444444444444444,0.9133120628095384,-0.03113238163490606,0.09008449844909833,0.06450316475500138,0.1356395964157261,0.0015652557319223992
Wine,19,Logistic Regression,Temperature scaled,Feature masking,0.2,0.628309285241449,36,0.9444444444444444,0.9561160111829321,0.011671566738487682,0.05813963682961596,0.05985980045425073,0.10395872399886069,0.0015652557319223992
Wine,19,Logistic Regression,Raw,Feature masking,0.3,0.628309285241449,36,0.9722222222222222,0.9078399974707358,-0.06438222475148636,0.09160067212606109,0.053407551637421585,0.1142986681853187,0.0003858024691358026
Wine,19,Logistic Regression,Temperature scaled,Feature masking,0.3,0.628309285241449,36,0.9722222222222222,0.9442211162339478,-0.028001105988274433,0.05725980675816556,0.036426629027543254,0.07134705240769573,0.0003858024691358026
Wine,19,Logistic Regression,Raw,Feature masking,0.4,0.628309285241449,36,0.9166666666666666,0.8393798222805692,-0.07728684438609745,0.1452721306488283,0.13461414655752513,0.2343308574312361,0.011310000132343585
Wine,19,Logistic Regression,Temperature scaled,Feature masking,0.4,0.628309285241449,36,0.9166666666666666,0.8879266138029265,-0.02874005286374015,0.09511453562106727,0.12411764074761665,0.1918814015479013,0.01051634933869279
Wine,19,Logistic Regression,Raw,Feature masking,0.5,0.628309285241449,36,0.8055555555555556,0.8126698489060129,0.007114293350457324,0.09770967344179625,0.2136034400808394,0.35300731692784254,0.03752771994329653
Wine,19,Logistic Regression,Temperature scaled,Feature masking,0.5,0.628309285241449,36,0.8055555555555556,0.8785352151936927,0.07297965963813713,0.12226560045376042,0.22447927200595302,0.33683710478624007,0.03665966438774098
Wine,19,Random Forest,Raw,Gaussian noise,0.0,0.3568688766064387,36,1.0,0.8536749999998097,-0.14632500000019033,0.14632500000019047,0.07369222757496346,0.17517653323713178,0.0
Wine,19,Random Forest,Temperature scaled,Gaussian noise,0.0,0.3568688766064387,36,1.0,0.9604374701382299,-0.03956252986177011,0.03956252986176992,0.021815741397029634,0.047133124118967445,0.0
Wine,19,Random Forest,Raw,Gaussian noise,0.25,0.3568688766064387,36,1.0,0.8364734126983068,-0.16352658730169323,0.16352658730169323,0.076736732826916,0.192755484483707,0.0
Wine,19,Random Forest,Temperature scaled,Gaussian noise,0.25,0.3568688766064387,36,1.0,0.9660861864193999,-0.03391381358060008,0.03391381358060017,0.015520581101191755,0.03931244859071087,0.0
Wine,19,Random Forest,Raw,Gaussian noise,0.5,0.3568688766064387,36,0.8611111111111112,0.7911014550264037,-0.07000965608470744,0.11023664021169167,0.16144341454397265,0.3110606036565491,0.019173956897414607
Wine,19,Random Forest,Temperature scaled,Gaussian noise,0.5,0.3568688766064387,36,0.8611111111111112,0.9358713053461943,0.07476019423508318,0.0983470575882827,0.157821183918999,0.2253216908678749,0.015491854576199381
Wine,19,Random Forest,Raw,Gaussian noise,1.0,0.3568688766064387,36,0.8888888888888888,0.6731142857142857,-0.21577460317460317,0.25359179894179895,0.24153115978709996,0.4618243760653761,0.015923045571115867
Wine,19,Random Forest,Temperature scaled,Gaussian noise,1.0,0.3568688766064387,36,0.8888888888888888,0.879045203081666,-0.009843685807222835,0.14768295059166445,0.16818134656246148,0.27217783882651453,0.01945483524201844
Wine,19,Random Forest,Raw,Gaussian noise,1.5,0.3568688766064387,36,0.6388888888888888,0.6323510582010582,-0.006537830687830648,0.15901084656084657,0.44824680835348946,0.7406577337546124,0.21427433429189266
Wine,19,Random Forest,Temperature scaled,Gaussian noise,1.5,0.3568688766064387,36,0.6388888888888888,0.8183324451824967,0.17944355629360786,0.2293338898095279,0.48754854436895695,0.933668805552183,0.21263525040293907
Wine,19,Random Forest,Raw,Gaussian noise,2.0,0.3568688766064387,36,0.6666666666666666,0.620701851851834,-0.04596481481483261,0.17263148148149926,0.49107289798690407,0.8220610412246828,0.26090174498918917
Wine,19,Random Forest,Temperature scaled,Gaussian noise,2.0,0.3568688766064387,36,0.6666666666666666,0.8133934730472359,0.14672680638056923,0.2952394329424486,0.5375422152964762,1.1078797040748618,0.2529965055513027
Wine,19,Random Forest,Raw,Feature masking,0.0,0.3568688766064387,36,1.0,0.8536749999998097,-0.14632500000019033,0.14632500000019047,0.07369222757496346,0.17517653323713178,0.0
Wine,19,Random Forest,Temperature scaled,Feature masking,0.0,0.3568688766064387,36,1.0,0.9604374701382299,-0.03956252986177011,0.03956252986176992,0.021815741397029628,0.047133124118967425,0.0
Wine,19,Random Forest,Raw,Feature masking,0.1,0.3568688766064387,36,1.0,0.8185101851851042,-0.1814898148148958,0.18148981481489573,0.0931873404850131,0.21986733515857418,0.0
Wine,19,Random Forest,Temperature scaled,Feature masking,0.1,0.3568688766064387,36,1.0,0.9500063192851934,-0.04999368071480659,0.0499936807148067,0.028175104944142975,0.06014922684737825,0.0
Wine,19,Random Forest,Raw,Feature masking,0.2,0.3568688766064387,36,0.9444444444444444,0.7418773809523533,-0.20256706349209108,0.22639298941801703,0.15337846116780074,0.3254232475868924,0.0032240000377255296
Wine,19,Random Forest,Temperature scaled,Feature masking,0.2,0.3568688766064387,36,0.9444444444444444,0.918354230040188,-0.026090214404256407,0.06159367934281006,0.061815056274443184,0.1149049330160347,0.003175899989625481
Wine,19,Random Forest,Raw,Feature masking,0.3,0.3568688766064387,36,0.9166666666666666,0.7456694444444169,-0.17099722222224978,0.18817500000002754,0.16854010368480776,0.3449735199764247,0.0052715088560676806
Wine,19,Random Forest,Temperature scaled,Feature masking,0.3,0.3568688766064387,36,0.9166666666666666,0.9095256553658968,-0.007141011300769828,0.07182310156527742,0.09755243263647366,0.16834828615213326,0.003561702458761284
Wine,19,Random Forest,Raw,Feature masking,0.4,0.3568688766064387,36,0.9166666666666666,0.6863017195767196,-0.23036494708994704,0.2503316137566137,0.22434996673217433,0.43520812583621626,0.011957586144648116
Wine,19,Random Forest,Temperature scaled,Feature masking,0.4,0.3568688766064387,36,0.9166666666666666,0.8818126069423871,-0.034854059724279574,0.06286882698011084,0.1222947965946446,0.22966827886061603,0.010702154333660747
Wine,19,Random Forest,Raw,Feature masking,0.5,0.3568688766064387,36,0.8611111111111112,0.6599931216931217,-0.20111798941798942,0.2223439153439153,0.27952501949231545,0.5220575103720166,0.033274966957793126
Wine,19,Random Forest,Temperature scaled,Feature masking,0.5,0.3568688766064387,36,0.8611111111111112,0.8676885451869988,0.006577434075887623,0.1038961456942268,0.21281574696596364,0.3824525737808484,0.0308174193901369
Wine,19,Gradient Boosting,Raw,Gaussian noise,0.0,0.8988778369358255,36,0.9722222222222222,0.9669894268153807,-0.005232795406841517,0.03889774561458022,0.025929495579225616,0.05092074888221976,0.0003858024691358026
Wine,19,Gradient Boosting,Temperature scaled,Gaussian noise,0.0,0.8988778369358255,36,0.9722222222222222,0.9726486685793915,0.0004264463571692634,0.03414119884100686,0.02534727396671144,0.04597437456805338,0.0003858024691358026
Wine,19,Gradient Boosting,Raw,Gaussian noise,0.25,0.8988778369358255,36,0.9722222222222222,0.9545463714513619,-0.017675850770860313,0.05134080097859882,0.03921514221343863,0.06803160522264616,0.0011794532627865965
Wine,19,Gradient Boosting,Temperature scaled,Gaussian noise,0.25,0.8988778369358255,36,0.9722222222222222,0.9596067450593697,-0.012615477162852495,0.04718312236102884,0.03839638909663363,0.0635582126713223,0.0011794532627865965
Wine,19,Gradient Boosting,Raw,Gaussian noise,0.5,0.8988778369358255,36,0.8055555555555556,0.937274780557725,0.13171922500216937,0.16466477466144,0.2535116443477936,0.3736293385060933,0.02554333756213841
Wine,19,Gradient Boosting,Temperature scaled,Gaussian noise,0.5,0.8988778369358255,36,0.8055555555555556,0.9470067721178324,0.14145121656227677,0.15302254916616773,0.2659511683722367,0.3960494734770867,0.0265354010542019
Wine,19,Gradient Boosting,Raw,Gaussian noise,1.0,0.8988778369358255,36,0.8888888888888888,0.8933265752122383,0.00443768632334951,0.09310356553015592,0.17839884586660465,0.35387531550849755,0.022875238714640433
Wine,19,Gradient Boosting,Temperature scaled,Gaussian noise,1.0,0.8988778369358255,36,0.8888888888888888,0.9057597451156015,0.016870856226712694,0.07659004524355029,0.18015594030896012,0.36411845499708345,0.022875238714640433
Wine,19,Gradient Boosting,Raw,Gaussian noise,1.5,0.8988778369358255,36,0.6666666666666666,0.8857412510178911,0.2190745843512245,0.23857461529392882,0.5343420984186715,1.0485501001034487,0.2313718789449328
Wine,19,Gradient Boosting,Temperature scaled,Gaussian noise,1.5,0.8988778369358255,36,0.6666666666666666,0.9015501094503127,0.23488344278364603,0.2764551357565826,0.5492001888443403,1.1322347599501525,0.2304459530190069
Wine,19,Gradient Boosting,Raw,Gaussian noise,2.0,0.8988778369358255,36,0.7222222222222222,0.8188853482559063,0.0966631260336841,0.19530249878287914,0.4367333240851767,1.0226871117807208,0.178660999094566
Wine,19,Gradient Boosting,Temperature scaled,Gaussian noise,2.0,0.8988778369358255,36,0.7222222222222222,0.8315498082824159,0.10932758606019366,0.2184171723783208,0.4381168582127919,1.0948438478025146,0.17773507316864007
Wine,19,Gradient Boosting,Raw,Feature masking,0.0,0.8988778369358255,36,0.9722222222222222,0.9669894268153807,-0.005232795406841517,0.03889774561458022,0.025929495579225616,0.05092074888221976,0.0003858024691358026
Wine,19,Gradient Boosting,Temperature scaled,Feature masking,0.0,0.8988778369358255,36,0.9722222222222222,0.9726486685793915,0.0004264463571692634,0.03414119884100686,0.02534727396671144,0.04597437456805338,0.0003858024691358026
Wine,19,Gradient Boosting,Raw,Feature masking,0.1,0.8988778369358255,36,0.9444444444444444,0.952564526829241,0.008120082384796556,0.06510758301530961,0.05495742593554903,0.09280730923911062,0.0015652557319223992
Wine,19,Gradient Boosting,Temperature scaled,Feature masking,0.1,0.8988778369358255,36,0.9444444444444444,0.9607235309643039,0.01627908651985943,0.059113680610899916,0.055753692528325405,0.08790488339877857,0.0015652557319223992
Wine,19,Gradient Boosting,Raw,Feature masking,0.2,0.8988778369358255,36,0.9166666666666666,0.9420479462659856,0.025381279599319018,0.053757807470995574,0.12307490635509041,0.21878828603059408,0.011957586144648116
Wine,19,Gradient Boosting,Temperature scaled,Feature masking,0.2,0.8988778369358255,36,0.9166666666666666,0.9529211738714766,0.03625450720480994,0.06360812141145658,0.12532825609809672,0.22376951199747008,0.011957586144648116
Wine,19,Gradient Boosting,Raw,Feature masking,0.3,0.8988778369358255,36,0.9444444444444444,0.9030439930810127,-0.041400451363431734,0.11420093002414894,0.09907724228949324,0.1672324790779633,0.007524683124580342
Wine,19,Gradient Boosting,Temperature scaled,Feature masking,0.3,0.8988778369358255,36,0.9444444444444444,0.9123087450911184,-0.03213569935332605,0.09299239991949383,0.0981828912670218,0.16051833953635375,0.007524683124580342
Wine,19,Gradient Boosting,Raw,Feature masking,0.4,0.8988778369358255,36,0.8888888888888888,0.8392378329550602,-0.04965105593382868,0.12693705953653636,0.17290934016620174,0.2832011154065152,0.021700741344697138
Wine,19,Gradient Boosting,Temperature scaled,Feature masking,0.4,0.8988778369358255,36,0.8888888888888888,0.853474150851349,-0.035414738037539806,0.11517787989141831,0.1719772181839211,0.2737345889689384,0.021700741344697138
Wine,19,Gradient Boosting,Raw,Feature masking,0.5,0.8988778369358255,36,0.8888888888888888,0.879876624481941,-0.0090122644069478,0.12717302377175876,0.21114003348894902,0.3917250112683314,0.03227611221007115
Wine,19,Gradient Boosting,Temperature scaled,Feature masking,0.5,0.8988778369358255,36,0.8888888888888888,0.8961921972890781,0.0073033084001892234,0.11655644024042078,0.21345288179922575,0.39997272647949755,0.03234224977620871
Digits,0,Logistic Regression,Raw,Gaussian noise,0.0,0.6767147786573525,360,0.9638888888888889,0.9558866473370753,-0.008002241551813616,0.01632053605643803,0.049791521867708174,0.09344315101481605,0.002009188266752549
Digits,0,Logistic Regression,Temperature scaled,Gaussian noise,0.0,0.6767147786573525,360,0.9638888888888889,0.9758678223104382,0.01197893342154932,0.020492660522782855,0.05014505667834024,0.08930117501058323,0.001989791355716251
Digits,0,Logistic Regression,Raw,Gaussian noise,0.25,0.6767147786573525,360,0.9638888888888889,0.9564881155276024,-0.007400773361286528,0.014404912663587479,0.05717849217957152,0.10981049428404914,0.0034397487981302237
Digits,0,Logistic Regression,Temperature scaled,Gaussian noise,0.25,0.6767147786573525,360,0.9638888888888889,0.978520882770861,0.014631993881972116,0.022505172073169738,0.05771489606901593,0.11313431428038034,0.003416919251145433
Digits,0,Logistic Regression,Raw,Gaussian noise,0.5,0.6767147786573525,360,0.9333333333333333,0.9312626461306899,-0.002070687202643473,0.0459112750855492,0.10129414058813677,0.187277104101244,0.009097619524192715
Digits,0,Logistic Regression,Temperature scaled,Gaussian noise,0.5,0.6767147786573525,360,0.9333333333333333,0.9574189847940833,0.024085651460749924,0.03933305186332947,0.10503137691442975,0.20412996378706702,0.008813947507006602
Digits,0,Logistic Regression,Raw,Gaussian noise,1.0,0.6767147786573525,360,0.7944444444444444,0.8926616175110578,0.09821717306661337,0.10401110630296281,0.31551925648077034,0.7371531749805841,0.06982248583746539
Digits,0,Logistic Regression,Temperature scaled,Gaussian noise,1.0,0.6767147786573525,360,0.7944444444444444,0.9302510349933516,0.1358065905489072,0.13888584715929173,0.33921185212772137,0.9760466182978942,0.070858451104407
Digits,0,Logistic Regression,Raw,Gaussian noise,1.5,0.6767147786573525,360,0.6527777777777778,0.8690614625100989,0.21628368473232107,0.22675668469500532,0.5592517447639649,1.6427955923048307,0.16594011524934407
Digits,0,Logistic Regression,Temperature scaled,Gaussian noise,1.5,0.6767147786573525,360,0.6527777777777778,0.9107674404063167,0.25798966262853895,0.26519511803969054,0.5974164034927082,2.2945655741553392,0.16684163057686488
Digits,0,Logistic Regression,Raw,Gaussian noise,2.0,0.6767147786573525,360,0.5111111111111111,0.8762157502809218,0.36510463916981073,0.37138451713989395,0.8509129408560147,3.506493046196585,0.3679717910922029
Digits,0,Logistic Regression,Temperature scaled,Gaussian noise,2.0,0.6767147786573525,360,0.5111111111111111,0.9150053618972515,0.4038942507861404,0.41137934705497,0.8895977275067544,5.018391020434024,0.3741154748351849
Digits,0,Logistic Regression,Raw,Feature masking,0.0,0.6767147786573525,360,0.9638888888888889,0.9558866473370753,-0.008002241551813616,0.01632053605643803,0.049791521867708174,0.09344315101481605,0.002009188266752549
Digits,0,Logistic Regression,Temperature scaled,Feature masking,0.0,0.6767147786573525,360,0.9638888888888889,0.9758678223104382,0.01197893342154932,0.020492660522782855,0.05014505667834024,0.08930117501058323,0.001989791355716251
Digits,0,Logistic Regression,Raw,Feature masking,0.1,0.6767147786573525,360,0.9583333333333334,0.942987014939408,-0.015346318393925418,0.02880022364259434,0.0656914987038893,0.1352878012845637,0.005803263832310258
Digits,0,Logistic Regression,Temperature scaled,Feature masking,0.1,0.6767147786573525,360,0.9583333333333334,0.9705483593350089,0.012215026001675566,0.022546087591559287,0.06585608699196843,0.13486650694419364,0.005619284834465644
Digits,0,Logistic Regression,Raw,Feature masking,0.2,0.6767147786573525,360,0.9111111111111111,0.9048045306950594,-0.006306580416051699,0.04140810322308117,0.1318643047633699,0.2468868038402433,0.01416632515850534
Digits,0,Logistic Regression,Temperature scaled,Feature masking,0.2,0.6767147786573525,360,0.9111111111111111,0.9461513659758244,0.035040254864713294,0.04360541158196527,0.13850875959228007,0.2581373490397289,0.013955029576798651
Digits,0,Logistic Regression,Raw,Feature masking,0.3,0.6767147786573525,360,0.9055555555555556,0.8635374528305344,-0.042018102725021156,0.05710696685252471,0.14718909892238424,0.31439855437849595,0.020738277707847773
Digits,0,Logistic Regression,Temperature scaled,Feature masking,0.3,0.6767147786573525,360,0.9055555555555556,0.919546733540442,0.013991177984886471,0.035469510009689446,0.14354569247942484,0.3110422680763228,0.020649761596019906
Digits,0,Logistic Regression,Raw,Feature masking,0.4,0.6767147786573525,360,0.8222222222222222,0.7926491733548696,-0.02957304886735257,0.05700759050349745,0.2660496740375184,0.5634551095961745,0.054656065811761474
Digits,0,Logistic Regression,Temperature scaled,Feature masking,0.4,0.6767147786573525,360,0.8222222222222222,0.8635428649463495,0.04132064272412728,0.05333327938930304,0.2695893627151936,0.6032276063984451,0.053345693252344686
Digits,0,Logistic Regression,Raw,Feature masking,0.5,0.6767147786573525,360,0.7583333333333333,0.7406376968705715,-0.017695636462761843,0.055317574038543114,0.3564340672570903,0.6964543863348676,0.10926274936706808
Digits,0,Logistic Regression,Temperature scaled,Feature masking,0.5,0.6767147786573525,360,0.7583333333333333,0.8282075729325604,0.06987423959922712,0.0951755735393603,0.36502464772017784,0.737338476334889,0.10868416695134929
Digits,0,Random Forest,Raw,Gaussian noise,0.0,0.26029183621321167,360,0.9666666666666667,0.7303958509693025,-0.2362708156973642,0.2372863712529196,0.13505991515771001,0.3631982058889057,0.0009607424483471329
Digits,0,Random Forest,Temperature scaled,Gaussian noise,0.0,0.26029183621321167,360,0.9666666666666667,0.9750482513714059,0.008381584704739264,0.01622774911994853,0.04155501948446157,0.07745516903545886,0.0009722813341082865
Digits,0,Random Forest,Raw,Gaussian noise,0.25,0.26029183621321167,360,0.975,0.6024828527334888,-0.3725171472665112,0.37251714726651114,0.2287721173821917,0.5616051495359881,0.0008658003894789184
Digits,0,Random Forest,Temperature scaled,Gaussian noise,0.25,0.26029183621321167,360,0.975,0.9547317120435268,-0.020268287956473174,0.024679889075919312,0.04358011764725327,0.09932981902314669,0.001082804822357503
Digits,0,Random Forest,Raw,Gaussian noise,0.5,0.26029183621321167,360,0.9527777777777777,0.5043221781304615,-0.4484555996473162,0.44845559964731624,0.32793149290320395,0.7527643654155557,0.004292082755107068
Digits,0,Random Forest,Temperature scaled,Gaussian noise,0.5,0.26029183621321167,360,0.9527777777777777,0.9237878815116741,-0.0289898962661036,0.03261280196345539,0.07913433361014088,0.166141662435433,0.004531291231704335
Digits,0,Random Forest,Raw,Gaussian noise,1.0,0.26029183621321167,360,0.7916666666666666,0.36341969576718486,-0.42824697089948177,0.42824697089948177,0.5286935578029512,1.166282067911508,0.07031853996099979
Digits,0,Random Forest,Temperature scaled,Gaussian noise,1.0,0.26029183621321167,360,0.7916666666666666,0.7988665786750104,0.007199912008343801,0.036971843706119965,0.29620315081528276,0.6159950176102759,0.0647165234891649
Digits,0,Random Forest,Raw,Gaussian noise,1.5,0.26029183621321167,360,0.65,0.2949985405643667,-0.3550014594356333,0.35573368165785557,0.648925782524374,1.4537327268870892,0.1757359424425859
Digits,0,Random Forest,Temperature scaled,Gaussian noise,1.5,0.26029183621321167,360,0.65,0.7107748228178786,0.060774822817878604,0.10472537400602393,0.49838989918869875,1.0937533556997225,0.17375302146713886
Digits,0,Random Forest,Raw,Gaussian noise,2.0,0.26029183621321167,360,0.48055555555555557,0.2584905467372117,-0.22206500881834385,0.22346037918871423,0.7380522995492579,1.7039349235425432,0.33961771594320805
Digits,0,Random Forest,Temperature scaled,Gaussian noise,2.0,0.26029183621321167,360,0.48055555555555557,0.6563082883139765,0.1757527327584209,0.17575273275842096,0.6933479707671341,1.6749731869977285,0.33663542484903575
Digits,0,Random Forest,Raw,Feature masking,0.0,0.26029183621321167,360,0.9666666666666667,0.7303958509693025,-0.2362708156973642,0.2372863712529196,0.13505991515771001,0.3631982058889057,0.0009607424483471329
Digits,0,Random Forest,Temperature scaled,Feature masking,0.0,0.26029183621321167,360,0.9666666666666667,0.9750482513714059,0.008381584704739264,0.016227749119948523,0.04155501948446156,0.07745516903545886,0.0009722813341082865
Digits,0,Random Forest,Raw,Feature masking,0.1,0.26029183621321167,360,0.9638888888888889,0.624625542327742,-0.3392633465611469,0.3392633465611469,0.2172997147984379,0.5350319168160224,0.0016202316287623334
Digits,0,Random Forest,Temperature scaled,Feature masking,0.1,0.26029183621321167,360,0.9638888888888889,0.9581689295394692,-0.005719959349419712,0.026052102612947072,0.05758708496871723,0.11940414474060132,0.002048920926670954
Digits,0,Random Forest,Raw,Feature masking,0.2,0.26029183621321167,360,0.9277777777777778,0.5343741490298968,-0.39340362874788104,0.39786341710766954,0.3066998839730858,0.7068926704959836,0.008572246464025053
Digits,0,Random Forest,Temperature scaled,Feature masking,0.2,0.26029183621321167,360,0.9277777777777778,0.9272440365359762,-0.0005337412418016108,0.02117353051308597,0.10170502377537206,0.20070156119760266,0.006597682047774417
Digits,0,Random Forest,Raw,Feature masking,0.3,0.26029183621321167,360,0.8777777777777778,0.45479453703698025,-0.4229832407407975,0.4229832407407976,0.39787542813621585,0.8848444790132645,0.021654035096175764
Digits,0,Random Forest,Temperature scaled,Feature masking,0.3,0.26029183621321167,360,0.8777777777777778,0.8737925288764687,-0.003985248901309024,0.04470598990464525,0.16143105103409416,0.30145680468215796,0.017330534367308983
Digits,0,Random Forest,Raw,Feature masking,0.4,0.26029183621321167,360,0.7611111111111111,0.3993144488536023,-0.3617966622575088,0.3617966622575088,0.49608476763300946,1.0811487769917318,0.08095816199267852
Digits,0,Random Forest,Temperature scaled,Feature masking,0.4,0.26029183621321167,360,0.7611111111111111,0.8258539863649789,0.0647428752538678,0.06955418799525132,0.3183163233406639,0.6213835848548822,0.07510259334115622
Digits,0,Random Forest,Raw,Feature masking,0.5,0.26029183621321167,360,0.6527777777777778,0.3489582848324496,-0.3038194929453282,0.30381949294532823,0.589943526959619,1.2900034772523272,0.172301532915559
Digits,0,Random Forest,Temperature scaled,Feature masking,0.5,0.26029183621321167,360,0.6527777777777778,0.7845564303073906,0.13177865252961285,0.15131005530138042,0.4927905398810579,0.9915761025692209,0.17323799789166766
Digits,0,Gradient Boosting,Raw,Gaussian noise,0.0,0.7627223342249638,360,0.9805555555555555,0.9684653074859034,-0.012090248069652088,0.020427345770685328,0.02758505532421427,0.06775141355182979,0.0007013991360282822
Digits,0,Gradient Boosting,Temperature scaled,Gaussian noise,0.0,0.7627223342249638,360,0.9805555555555555,0.9818396493076644,0.0012840937521089169,0.016814088693583532,0.025937822087370548,0.06086522995935329,0.0007304611624283934
Digits,0,Gradient Boosting,Raw,Gaussian noise,0.25,0.7627223342249638,360,0.9472222222222222,0.9205817527102995,-0.02664046951192267,0.03730880391419367,0.07567654919022383,0.1643121120972963,0.004785413123849734
Digits,0,Gradient Boosting,Temperature scaled,Gaussian noise,0.25,0.7627223342249638,360,0.9472222222222222,0.9491334119664434,0.00191118974422122,0.022215774517386995,0.07154241833590452,0.14821627621865652,0.004868970280244573
Digits,0,Gradient Boosting,Raw,Gaussian noise,0.5,0.7627223342249638,360,0.9027777777777778,0.8551548093645145,-0.0476229684132633,0.05473630337709748,0.1437119748101954,0.30814434013172154,0.017293876618677508
Digits,0,Gradient Boosting,Temperature scaled,Gaussian noise,0.5,0.7627223342249638,360,0.9027777777777778,0.895000657455685,-0.007777120322092768,0.03753091156444272,0.13576186303185434,0.2852118473506169,0.0169916699835159
Digits,0,Gradient Boosting,Raw,Gaussian noise,1.0,0.7627223342249638,360,0.6722222222222223,0.7226994434920024,0.05047722126978016,0.07038866397328433,0.44754176879203933,0.9361565131363657,0.1442527394128096
Digits,0,Gradient Boosting,Temperature scaled,Gaussian noise,1.0,0.7627223342249638,360,0.6722222222222223,0.7904438074676796,0.11822158524545734,0.1371066477269402,0.46606772692981796,0.998989725579879,0.1439624823267882
Digits,0,Gradient Boosting,Raw,Gaussian noise,1.5,0.7627223342249638,360,0.55,0.6600489489822327,0.11004894898223261,0.11701173616609528,0.5926603367357274,1.356496140039518,0.2340980424479132
Digits,0,Gradient Boosting,Temperature scaled,Gaussian noise,1.5,0.7627223342249638,360,0.55,0.7382901836160461,0.1882901836160461,0.19827953457816117,0.6275910999602062,1.4974227584719122,0.23510059738909356
Digits,0,Gradient Boosting,Raw,Gaussian noise,2.0,0.7627223342249638,360,0.4,0.6125789082693527,0.21257890826935266,0.2125789082693527,0.8253678334879554,2.0260587651218036,0.4735124717490955
Digits,0,Gradient Boosting,Temperature scaled,Gaussian noise,2.0,0.7627223342249638,360,0.4,0.6987209677592986,0.2987209677592986,0.2987209677592987,0.8785311700626718,2.334289562231529,0.4755936239926686
Digits,0,Gradient Boosting,Raw,Feature masking,0.0,0.7627223342249638,360,0.9805555555555555,0.9684653074859034,-0.012090248069652088,0.020427345770685328,0.02758505532421427,0.06775141355182979,0.0007013991360282822
Digits,0,Gradient Boosting,Temperature scaled,Feature masking,0.0,0.7627223342249638,360,0.9805555555555555,0.9818396493076644,0.0012840937521089169,0.016814088693583532,0.025937822087370548,0.06086522995935329,0.0007304611624283934
Digits,0,Gradient Boosting,Raw,Feature masking,0.1,0.7627223342249638,360,0.9361111111111111,0.9211593958941869,-0.014951715216924177,0.03604059124054131,0.09177786057385191,0.19964613628805192,0.005215959821672429
Digits,0,Gradient Boosting,Temperature scaled,Feature masking,0.1,0.7627223342249638,360,0.9361111111111111,0.949537305972784,0.013426194861672847,0.030147387602393945,0.09226248353316124,0.19334342517390884,0.005173077550072421
Digits,0,Gradient Boosting,Raw,Feature masking,0.2,0.7627223342249638,360,0.8666666666666667,0.8677443065070536,0.0010776398403868903,0.026212541139230782,0.17567368539102926,0.3631159814576064,0.021563040122701337
Digits,0,Gradient Boosting,Temperature scaled,Feature masking,0.2,0.7627223342249638,360,0.8666666666666667,0.9075536070432003,0.04088694037653362,0.05726764904646253,0.1773866286387519,0.3645953236627997,0.021026785633050743
Digits,0,Gradient Boosting,Raw,Feature masking,0.3,0.7627223342249638,360,0.8416666666666667,0.7933347986592582,-0.04833186800740852,0.06384312939370451,0.2483609104288172,0.5333175047026429,0.04249161955477896
Digits,0,Gradient Boosting,Temperature scaled,Feature masking,0.3,0.7627223342249638,360,0.8416666666666667,0.8514033639150873,0.009736697248420634,0.06335331666833238,0.2442618314560705,0.5255717861151836,0.04178702309703512
Digits,0,Gradient Boosting,Raw,Feature masking,0.4,0.7627223342249638,360,0.7194444444444444,0.7584566788742475,0.03901223442980306,0.08463676511783963,0.41642533491441786,0.8990574950680705,0.12898313020348354
Digits,0,Gradient Boosting,Temperature scaled,Feature masking,0.4,0.7627223342249638,360,0.7194444444444444,0.8244424048250298,0.1049979603805854,0.13261974225560255,0.4292922684784159,0.97547944979932,0.12665731082244452
Digits,0,Gradient Boosting,Raw,Feature masking,0.5,0.7627223342249638,360,0.5944444444444444,0.7034867564749749,0.1090423120305305,0.1193879093283413,0.5587270106886123,1.281255557937024,0.22372446303931645
Digits,0,Gradient Boosting,Temperature scaled,Feature masking,0.5,0.7627223342249638,360,0.5944444444444444,0.7814883001119916,0.1870438556675471,0.1915222243041963,0.5880286097553694,1.4268209878561264,0.22174387923781755
Digits,1,Logistic Regression,Raw,Gaussian noise,0.0,0.8845440726955288,360,0.9694444444444444,0.9511335172367107,-0.01831092720773375,0.03417509035515358,0.0462656729343262,0.10800647522772203,0.0014100062789920602
Digits,1,Logistic Regression,Temperature scaled,Gaussian noise,0.0,0.8845440726955288,360,0.9694444444444444,0.9600756306706552,-0.009368813773789286,0.017164288633997677,0.04508838311747254,0.10329618712128633,0.001429330008935709
Digits,1,Logistic Regression,Raw,Gaussian noise,0.25,0.8845440726955288,360,0.9611111111111111,0.9396625996527976,-0.0214485114583135,0.04476907639868288,0.057914386753523575,0.13060726458877453,0.0026156197059024728
Digits,1,Logistic Regression,Temperature scaled,Gaussian noise,0.25,0.8845440726955288,360,0.9611111111111111,0.9488101185431687,-0.012300992567942481,0.034951922204725316,0.056155713850428786,0.12629279412241307,0.002607708632484717
Digits,1,Logistic Regression,Raw,Gaussian noise,0.5,0.8845440726955288,360,0.9166666666666666,0.9262863783455216,0.009619711678855003,0.04085155345475031,0.11099118926107518,0.21803137458237995,0.00930464553285893
Digits,1,Logistic Regression,Temperature scaled,Gaussian noise,0.5,0.8845440726955288,360,0.9166666666666666,0.9368194818000278,0.0201528151333612,0.03143707977528203,0.11274195313551642,0.22072057113099225,0.00930653612919619
Digits,1,Logistic Regression,Raw,Gaussian noise,1.0,0.8845440726955288,360,0.8111111111111111,0.883170622046269,0.07205951093515783,0.10728631134628147,0.31676202574327245,0.852054707494615,0.09406329428276032
Digits,1,Logistic Regression,Temperature scaled,Gaussian noise,1.0,0.8845440726955288,360,0.8111111111111111,0.8974445711649953,0.0863334600538842,0.1050932397480655,0.3203762884254191,0.9252882593515391,0.09383990507194313
Digits,1,Logistic Regression,Raw,Gaussian noise,1.5,0.8845440726955288,360,0.6,0.8613135805077339,0.2613135805077339,0.26131358050773384,0.6501081616644846,2.070941521658364,0.23850741235540412
Digits,1,Logistic Regression,Temperature scaled,Gaussian noise,1.5,0.8845440726955288,360,0.6,0.8762653550322953,0.2762653550322953,0.27820287437554764,0.6630471371049385,2.297866262178267,0.23834887000930827
Digits,1,Logistic Regression,Raw,Gaussian noise,2.0,0.8845440726955288,360,0.4638888888888889,0.871751453045115,0.4078625641562261,0.4096020090170759,0.9243690960629446,3.674155982685725,0.39442909425775885
Digits,1,Logistic Regression,Temperature scaled,Gaussian noise,2.0,0.8845440726955288,360,0.4638888888888889,0.8860492204542731,0.42216033156538424,0.4235346474585064,0.9401527514455867,4.114389162908725,0.3948143170034747
Digits,1,Logistic Regression,Raw,Feature masking,0.0,0.8845440726955288,360,0.9694444444444444,0.9511335172367107,-0.01831092720773375,0.03417509035515358,0.0462656729343262,0.10800647522772203,0.0014100062789920602
Digits,1,Logistic Regression,Temperature scaled,Feature masking,0.0,0.8845440726955288,360,0.9694444444444444,0.9600756306706552,-0.009368813773789286,0.017164288633997677,0.04508838311747254,0.10329618712128633,0.001429330008935709
Digits,1,Logistic Regression,Raw,Feature masking,0.1,0.8845440726955288,360,0.9527777777777777,0.9296467978218533,-0.02313097995592439,0.04306358842736912,0.07021715102396406,0.15207318238373607,0.0035784567608047432
Digits,1,Logistic Regression,Temperature scaled,Feature masking,0.1,0.8845440726955288,360,0.9527777777777777,0.9420737217982011,-0.010704055979576577,0.022763468910447046,0.06849833751512283,0.14520162763116123,0.0035680529621059933
Digits,1,Logistic Regression,Raw,Feature masking,0.2,0.8845440726955288,360,0.9055555555555556,0.8826965304409232,-0.022859025114632336,0.047687871336436774,0.13416312226698754,0.2785901866843072,0.011401304078163737
Digits,1,Logistic Regression,Temperature scaled,Feature masking,0.2,0.8845440726955288,360,0.9055555555555556,0.8999441213999478,-0.00561143415560772,0.02860121092399033,0.13280175302837477,0.27265563810437937,0.0113732187955415
Digits,1,Logistic Regression,Raw,Feature masking,0.3,0.8845440726955288,360,0.8777777777777778,0.8511496807540013,-0.026628097023776442,0.05169719593710396,0.1814686073593584,0.3700737847322838,0.03061587460810268
Digits,1,Logistic Regression,Temperature scaled,Feature masking,0.3,0.8845440726955288,360,0.8777777777777778,0.8737823912030229,-0.0039953865747548445,0.03797834472379577,0.17962740389425427,0.3640381564653778,0.030307173654951444
Digits,1,Logistic Regression,Raw,Feature masking,0.4,0.8845440726955288,360,0.8305555555555556,0.8017774963354286,-0.028778059220126995,0.03692842305862631,0.2331503891284811,0.4625217076159216,0.038304216918380186
Digits,1,Logistic Regression,Temperature scaled,Feature masking,0.4,0.8845440726955288,360,0.8305555555555556,0.8288754202770198,-0.0016801352785358326,0.05051466336930518,0.23136962824262897,0.4517503376509525,0.03779569005433899
Digits,1,Logistic Regression,Raw,Feature masking,0.5,0.8845440726955288,360,0.7861111111111111,0.7444571837119673,-0.04165392739914375,0.061592731746586186,0.3313951335971118,0.6600904826875079,0.09513122959911825
Digits,1,Logistic Regression,Temperature scaled,Feature masking,0.5,0.8845440726955288,360,0.7861111111111111,0.7774715636941216,-0.008639547416989468,0.057224097574916755,0.3294910640707733,0.6546641526370032,0.09372876435918359
Digits,1,Random Forest,Raw,Gaussian noise,0.0,0.2580082067442792,360,0.9666666666666667,0.7384407574003486,-0.22822590926631803,0.2282259092663178,0.13553132603342033,0.3623954941885306,0.001375933233900905
Digits,1,Random Forest,Temperature scaled,Gaussian noise,0.0,0.2580082067442792,360,0.9666666666666667,0.9715110436637775,0.004844376997110822,0.017611896156483044,0.050413554083657885,0.09832857153851574,0.0015447677375038439
Digits,1,Random Forest,Raw,Gaussian noise,0.25,0.2580082067442792,360,0.9472222222222222,0.6077986630286917,-0.3394235591935305,0.3394235591935304,0.23036391824706273,0.5650995407735444,0.0033586796680285733
Digits,1,Random Forest,Temperature scaled,Gaussian noise,0.25,0.2580082067442792,360,0.9472222222222222,0.949362918392279,0.002140696170056855,0.023053156549253145,0.06667053726738033,0.13151469193839774,0.0029294444943638457
Digits,1,Random Forest,Raw,Gaussian noise,0.5,0.2580082067442792,360,0.9166666666666666,0.49925183507934295,-0.4174148315873237,0.4174148315873237,0.3405146084381667,0.7792635632040884,0.008066196066221165
Digits,1,Random Forest,Temperature scaled,Gaussian noise,0.5,0.2580082067442792,360,0.9166666666666666,0.9089816680054911,-0.007684998661175557,0.04133074593107921,0.10435508174472853,0.21512774743924767,0.0063287854699193595
Digits,1,Random Forest,Raw,Gaussian noise,1.0,0.2580082067442792,360,0.8027777777777778,0.3591808258833256,-0.4435969518944522,0.44359695189445225,0.5366155871869114,1.1817143051260564,0.07118764992759893
Digits,1,Random Forest,Temperature scaled,Gaussian noise,1.0,0.2580082067442792,360,0.8027777777777778,0.7859691692227206,-0.01680860855505717,0.053587788522768895,0.296497485787917,0.6306729751434306,0.06680559186956182
Digits,1,Random Forest,Raw,Gaussian noise,1.5,0.2580082067442792,360,0.6194444444444445,0.2987889343489603,-0.32065551009548415,0.3206555100954841,0.6505725314511829,1.443757643720077,0.20792386762118759
Digits,1,Random Forest,Temperature scaled,Gaussian noise,1.5,0.2580082067442792,360,0.6194444444444445,0.7212894732791583,0.1018450288347138,0.1053746110771401,0.520241554078913,1.1013776523120729,0.20603927214732978
Digits,1,Random Forest,Raw,Gaussian noise,2.0,0.2580082067442792,360,0.4527777777777778,0.27195538147731774,-0.18082239630046004,0.18082239630046007,0.7335765789553305,1.690739917969554,0.36777156557057195
Digits,1,Random Forest,Temperature scaled,Gaussian noise,2.0,0.2580082067442792,360,0.4527777777777778,0.6683292411704346,0.2155514633926568,0.2155514633926568,0.7364878569770399,1.7878674693217347,0.37103766539813166
Digits,1,Random Forest,Raw,Feature masking,0.0,0.2580082067442792,360,0.9666666666666667,0.7384407574003486,-0.22822590926631803,0.2282259092663178,0.13553132603342036,0.3623954941885306,0.001375933233900905
Digits,1,Random Forest,Temperature scaled,Feature masking,0.0,0.2580082067442792,360,0.9666666666666667,0.9715110436637775,0.004844376997110822,0.017611896156483044,0.05041355408365789,0.09832857153851574,0.0015447677375038439
Digits,1,Random Forest,Raw,Feature masking,0.1,0.2580082067442792,360,0.9555555555555556,0.6438706766594308,-0.31168487889612484,0.3126364221060013,0.20339168818597855,0.5071525140233074,0.0027147592717548324
Digits,1,Random Forest,Temperature scaled,Feature masking,0.1,0.2580082067442792,360,0.9555555555555556,0.9607072312186316,0.00515167566307595,0.02551690907655529,0.061330093268610476,0.11998524574367167,0.0023359135286038974
Digits,1,Random Forest,Raw,Feature masking,0.2,0.2580082067442792,360,0.9305555555555556,0.5376029585216621,-0.3929525970338935,0.3929525970338935,0.30928343704387407,0.7122910365124202,0.006990761315864983
Digits,1,Random Forest,Temperature scaled,Feature masking,0.2,0.2580082067442792,360,0.9305555555555556,0.9179335759871424,-0.012621979568413155,0.042282313953452576,0.11684512052027038,0.230105580290767,0.00880709026573672
Digits,1,Random Forest,Raw,Feature masking,0.3,0.2580082067442792,360,0.8527777777777777,0.4652945172797426,-0.38748326049803516,0.3904832604980351,0.4056763962513384,0.8967230586121056,0.04154547253242257
Digits,1,Random Forest,Temperature scaled,Feature masking,0.3,0.2580082067442792,360,0.8527777777777777,0.8829967432963491,0.030218965518571395,0.06212035911795813,0.21812062773406804,0.42512290326005153,0.03697442582794026
Digits,1,Random Forest,Raw,Feature masking,0.4,0.2580082067442792,360,0.7694444444444445,0.39972385707242303,-0.36972058737202146,0.3697205873720215,0.4975045697778081,1.0908049028591162,0.0671497083189614
Digits,1,Random Forest,Temperature scaled,Feature masking,0.4,0.2580082067442792,360,0.7694444444444445,0.8276651508691611,0.05822070642471666,0.0730988981265641,0.3303765061372875,0.6757388054409248,0.07260536027812017
Digits,1,Random Forest,Raw,Feature masking,0.5,0.2580082067442792,360,0.6722222222222223,0.356723853159391,-0.3154983690628313,0.31549836906283135,0.5889128261690777,1.2815097745866948,0.18470156948377026
Digits,1,Random Forest,Temperature scaled,Feature masking,0.5,0.2580082067442792,360,0.6722222222222223,0.7922652831405432,0.12004306091832095,0.1280327473590575,0.4942287027476443,1.0505220226679888,0.18605469693921858
Digits,1,Gradient Boosting,Raw,Gaussian noise,0.0,0.7502480393793053,360,0.9638888888888889,0.958099738056586,-0.005789150832302914,0.020002513283759155,0.057845245700921505,0.13401517119283793,0.0026071691348192633
Digits,1,Gradient Boosting,Temperature scaled,Gaussian noise,0.0,0.7502480393793053,360,0.9638888888888889,0.9739885255051999,0.01009963661631097,0.026827040024385216,0.05721837987116417,0.1397193372014779,0.0027550065210665228
Digits,1,Gradient Boosting,Raw,Gaussian noise,0.25,0.7502480393793053,360,0.925,0.9150976720479577,-0.009902327952042378,0.024607115548224368,0.1163306228919633,0.2682409470343892,0.00992662563881724
Digits,1,Gradient Boosting,Temperature scaled,Gaussian noise,0.25,0.7502480393793053,360,0.925,0.9432526018646049,0.018252601864604867,0.03689747554732162,0.11659402847815512,0.28189594931661105,0.010074043112384102
Digits,1,Gradient Boosting,Raw,Gaussian noise,0.5,0.7502480393793053,360,0.8666666666666667,0.8492564711556412,-0.017410195511025517,0.053453960399173564,0.19801466602374013,0.4511994581079542,0.029565577268816222
Digits,1,Gradient Boosting,Temperature scaled,Gaussian noise,0.5,0.7502480393793053,360,0.8666666666666667,0.894385258127887,0.027718591461220354,0.052001511081120486,0.19777964303861076,0.4661065421314155,0.029643479546996376
Digits,1,Gradient Boosting,Raw,Gaussian noise,1.0,0.7502480393793053,360,0.6583333333333333,0.717529183499315,0.05919585016598172,0.08442045784326449,0.45450858959604656,1.0351141730693432,0.13506539609907206
Digits,1,Gradient Boosting,Temperature scaled,Gaussian noise,1.0,0.7502480393793053,360,0.6583333333333333,0.7872742210461348,0.12894088771280143,0.13168437452002144,0.47467497876862547,1.132899964407965,0.13527638201067874
Digits,1,Gradient Boosting,Raw,Gaussian noise,1.5,0.7502480393793053,360,0.5222222222222223,0.6717587873195001,0.14953656509727786,0.16250400233322462,0.6641359182947792,1.6160061566695396,0.31536201813524095
Digits,1,Gradient Boosting,Temperature scaled,Gaussian noise,1.5,0.7502480393793053,360,0.5222222222222223,0.7542241242232086,0.23200190200098636,0.24017200993844312,0.704306621327975,1.8661888248743057,0.3155454767711442
Digits,1,Gradient Boosting,Raw,Gaussian noise,2.0,0.7502480393793053,360,0.3861111111111111,0.6504876032447917,0.2643764921336806,0.26739509977056203,0.8379874395050235,2.0637856616239265,0.44710734875242814
Digits,1,Gradient Boosting,Temperature scaled,Gaussian noise,2.0,0.7502480393793053,360,0.3861111111111111,0.7372515405842591,0.351140429473148,0.35758229967345245,0.9087884871320046,2.4443372676164428,0.44880082190388176
Digits,1,Gradient Boosting,Raw,Feature masking,0.0,0.7502480393793053,360,0.9638888888888889,0.958099738056586,-0.005789150832302914,0.020002513283759155,0.057845245700921505,0.13401517119283793,0.0026071691348192633
Digits,1,Gradient Boosting,Temperature scaled,Feature masking,0.0,0.7502480393793053,360,0.9638888888888889,0.9739885255051999,0.01009963661631097,0.026827040024385216,0.05721837987116417,0.1397193372014779,0.0027550065210665228
Digits,1,Gradient Boosting,Raw,Feature masking,0.1,0.7502480393793053,360,0.9277777777777778,0.9118223424617548,-0.01595543531602306,0.037229041177209,0.11295235942760576,0.2481416104929118,0.009319790052958878
Digits,1,Gradient Boosting,Temperature scaled,Feature masking,0.1,0.7502480393793053,360,0.9277777777777778,0.938814061736619,0.011036283958841153,0.028181720993697087,0.11146249038603001,0.25265500674161845,0.009673097410306945
Digits,1,Gradient Boosting,Raw,Feature masking,0.2,0.7502480393793053,360,0.8305555555555556,0.8687681090106916,0.03821255345513597,0.06673723042833382,0.26289632535728086,0.6023477700862916,0.05152034900844539
Digits,1,Gradient Boosting,Temperature scaled,Feature masking,0.2,0.7502480393793053,360,0.8305555555555556,0.9127107872709818,0.08215523171542616,0.1001044006746939,0.2730013449722325,0.6848318541748886,0.05206983837808149
Digits,1,Gradient Boosting,Raw,Feature masking,0.3,0.7502480393793053,360,0.7333333333333333,0.8061889849180071,0.07285565158467378,0.11734282965216732,0.3884171538952904,0.8574665426588925,0.10608708625166877
Digits,1,Gradient Boosting,Temperature scaled,Feature masking,0.3,0.7502480393793053,360,0.7333333333333333,0.861708789705477,0.12837545637214376,0.14182336357742292,0.40729026047976047,0.9714664850684082,0.10612808729753882
Digits,1,Gradient Boosting,Raw,Feature masking,0.4,0.7502480393793053,360,0.6333333333333333,0.7632896847436732,0.1299563514103399,0.14036702529389417,0.5270204588045052,1.245807432605045,0.18934088743519015
Digits,1,Gradient Boosting,Temperature scaled,Feature masking,0.4,0.7502480393793053,360,0.6333333333333333,0.8268027189139415,0.19346938558060822,0.19873269847254965,0.5511088842611314,1.4536797249073472,0.18900971513056913
Digits,1,Gradient Boosting,Raw,Feature masking,0.5,0.7502480393793053,360,0.5555555555555556,0.7454449338987601,0.18988937834320452,0.23127970427920463,0.6856560785718402,1.581103451365144,0.31141980716125683
Digits,1,Gradient Boosting,Temperature scaled,Feature masking,0.5,0.7502480393793053,360,0.5555555555555556,0.8144185414752608,0.25886298591970525,0.276191938650726,0.7263536323323712,1.8829534835481578,0.31146899410561313
Digits,2,Logistic Regression,Raw,Gaussian noise,0.0,0.7933103726556602,360,0.9472222222222222,0.9373738216061734,-0.009848400616048747,0.029872469161261947,0.06877592118118621,0.14683297632056722,0.0029806384561514997
Digits,2,Logistic Regression,Temperature scaled,Gaussian noise,0.0,0.7933103726556602,360,0.9472222222222222,0.9537901878470706,0.006567965624848404,0.020204799585098163,0.06775610107129786,0.1441801942808502,0.0029698430520472925
Digits,2,Logistic Regression,Raw,Gaussian noise,0.25,0.7933103726556602,360,0.9361111111111111,0.9369190058717216,0.0008078947606104947,0.030421530719724747,0.08231371070670848,0.17638502161654504,0.005054200586476315
Digits,2,Logistic Regression,Temperature scaled,Gaussian noise,0.25,0.7933103726556602,360,0.9361111111111111,0.9544827460711386,0.018371634960027472,0.02253126512289397,0.08350015490621178,0.18026376806155286,0.005049740688209981
Digits,2,Logistic Regression,Raw,Gaussian noise,0.5,0.7933103726556602,360,0.9083333333333333,0.9168193736019465,0.008486040268613215,0.03916375821258999,0.13364969601002735,0.2671062764266652,0.014358135707510097
Digits,2,Logistic Regression,Temperature scaled,Gaussian noise,0.5,0.7933103726556602,360,0.9083333333333333,0.9381402958479446,0.029806962514611235,0.040060996264055446,0.1369737333243529,0.2827660562528703,0.014645615830722743
Digits,2,Logistic Regression,Raw,Gaussian noise,1.0,0.7933103726556602,360,0.7694444444444445,0.8764363475470047,0.10699190310256024,0.1170552573207104,0.3525488276693694,0.7809129064462931,0.08257801448391891
Digits,2,Logistic Regression,Temperature scaled,Gaussian noise,1.0,0.7933103726556602,360,0.7694444444444445,0.9033970831401961,0.13395263869575158,0.13436561150159904,0.3675263970731377,0.9083450778281436,0.08250175659420267
Digits,2,Logistic Regression,Raw,Gaussian noise,1.5,0.7933103726556602,360,0.5805555555555556,0.8700480942811443,0.28949253872558867,0.29673382928226033,0.6868232309950602,2.0403894388717108,0.28034002317906515
Digits,2,Logistic Regression,Temperature scaled,Gaussian noise,1.5,0.7933103726556602,360,0.5805555555555556,0.8971634783607123,0.3166079228051567,0.3193315611283402,0.7138039412229185,2.4935384378907677,0.2815146512331279
Digits,2,Logistic Regression,Raw,Gaussian noise,2.0,0.7933103726556602,360,0.48055555555555557,0.8641282212227657,0.3835726656672101,0.38856981509736543,0.8662088684750788,3.374196227214236,0.3669281671945598
Digits,2,Logistic Regression,Temperature scaled,Gaussian noise,2.0,0.7933103726556602,360,0.48055555555555557,0.8908395077677791,0.4102839522122235,0.4123664296146599,0.8965397352569912,4.141579703520111,0.36786034419238584
Digits,2,Logistic Regression,Raw,Feature masking,0.0,0.7933103726556602,360,0.9472222222222222,0.9373738216061734,-0.009848400616048747,0.029872469161261947,0.06877592118118621,0.14683297632056722,0.0029806384561514997
Digits,2,Logistic Regression,Temperature scaled,Feature masking,0.0,0.7933103726556602,360,0.9472222222222222,0.9537901878470706,0.006567965624848404,0.020204799585098163,0.06775610107129786,0.1441801942808502,0.0029698430520472925
Digits,2,Logistic Regression,Raw,Feature masking,0.1,0.7933103726556602,360,0.9333333333333333,0.9126486541826005,-0.0206846791507328,0.036772788880249416,0.10553166474847012,0.21356924202431585,0.00818962218425594
Digits,2,Logistic Regression,Temperature scaled,Feature masking,0.1,0.7933103726556602,360,0.9333333333333333,0.9363817573702663,0.0030484240369329507,0.01651385336904675,0.10512403626383227,0.21085017574097636,0.008052117948944115
Digits,2,Logistic Regression,Raw,Feature masking,0.2,0.7933103726556602,360,0.9111111111111111,0.8885440976876762,-0.022567013423434923,0.054373286765534615,0.12990028095658526,0.275773350301343,0.010229323754569718
Digits,2,Logistic Regression,Temperature scaled,Feature masking,0.2,0.7933103726556602,360,0.9111111111111111,0.917739720237002,0.006628609125890916,0.03821474537191124,0.12943764564225427,0.2726818844572716,0.010385026195944752
Digits,2,Logistic Regression,Raw,Feature masking,0.3,0.7933103726556602,360,0.8833333333333333,0.8499760498594425,-0.033357283473890775,0.04886422232580309,0.17842778600459003,0.3740101258743479,0.028690949022503392
Digits,2,Logistic Regression,Temperature scaled,Feature masking,0.3,0.7933103726556602,360,0.8833333333333333,0.889378989254261,0.006045655920927651,0.03121483850141169,0.17492980758120869,0.37045034242552616,0.02867890696002807
Digits,2,Logistic Regression,Raw,Feature masking,0.4,0.7933103726556602,360,0.8083333333333333,0.791011669288353,-0.017321664044980367,0.03799999079636983,0.2794791944847748,0.5853267558200653,0.05789399639755633
Digits,2,Logistic Regression,Temperature scaled,Feature masking,0.4,0.7933103726556602,360,0.8083333333333333,0.8388751783891529,0.030541845055819583,0.04952813934452155,0.2805834834131997,0.598826622225413,0.057853723587870526
Digits,2,Logistic Regression,Raw,Feature masking,0.5,0.7933103726556602,360,0.7777777777777778,0.7465239927398876,-0.031253785037890225,0.05587699711770957,0.32668629311890746,0.7130135228827561,0.07161435985952938
Digits,2,Logistic Regression,Temperature scaled,Feature masking,0.5,0.7933103726556602,360,0.7777777777777778,0.8034050351846506,0.025627257406872772,0.04415859210843018,0.32668091115113546,0.7261938076345213,0.07223272059987382
Digits,2,Random Forest,Raw,Gaussian noise,0.0,0.24104361515375858,360,0.95,0.7115531250994896,-0.2384468749005103,0.23952206008569563,0.1625979375078095,0.4163621132539315,0.0031962559174620315
Digits,2,Random Forest,Temperature scaled,Gaussian noise,0.0,0.24104361515375858,360,0.95,0.9646168349603953,0.014616834960395342,0.028726774817260166,0.07099345874005654,0.15107428535486317,0.0030051020394200527
Digits,2,Random Forest,Raw,Gaussian noise,0.25,0.24104361515375858,360,0.9388888888888889,0.5945665889047463,-0.34432229998414254,0.3443222999841425,0.2510729927354323,0.6031180855392808,0.006910704001956519
Digits,2,Random Forest,Temperature scaled,Gaussian noise,0.25,0.24104361515375858,360,0.9388888888888889,0.9439332740296241,0.005044385140735241,0.027138194076144418,0.09406434164229194,0.18824078917931011,0.00622624326018895
Digits,2,Random Forest,Raw,Gaussian noise,0.5,0.24104361515375858,360,0.8944444444444445,0.4924760505851653,-0.4019683938592792,0.4019683938592792,0.3568592334563132,0.8039918237192041,0.02192358800871716
Digits,2,Random Forest,Temperature scaled,Gaussian noise,0.5,0.24104361515375858,360,0.8944444444444445,0.912044475853864,0.01760003140941946,0.032015965900610566,0.14803252714132467,0.28196744614221725,0.015343775278495543
Digits,2,Random Forest,Raw,Gaussian noise,1.0,0.24104361515375858,360,0.7777777777777778,0.3571702184543737,-0.4206075593234041,0.42060755932340405,0.5375640872171751,1.1745350378292319,0.08259023066034166
Digits,2,Random Forest,Temperature scaled,Gaussian noise,1.0,0.24104361515375858,360,0.7777777777777778,0.8225213602427706,0.04474358246499277,0.05351934330951935,0.29746397225395554,0.6132866123764663,0.06873781573630611
Digits,2,Random Forest,Raw,Gaussian noise,1.5,0.24104361515375858,360,0.5972222222222222,0.2969830733926541,-0.3002391488295681,0.3002391488295681,0.6614008798463612,1.4865127042031339,0.2193252355012354
Digits,2,Random Forest,Temperature scaled,Gaussian noise,1.5,0.24104361515375858,360,0.5972222222222222,0.7370759969608632,0.13985377473864102,0.15070685459210295,0.5536809454542976,1.26275674861048,0.20864027967267096
Digits,2,Random Forest,Raw,Gaussian noise,2.0,0.24104361515375858,360,0.4722222222222222,0.2595467821067821,-0.2126754401154401,0.2126754401154401,0.7356928354203872,1.7042674408642868,0.33266838478124644
Digits,2,Random Forest,Temperature scaled,Gaussian noise,2.0,0.24104361515375858,360,0.4722222222222222,0.6647081265531832,0.19248590433096102,0.19248590433096102,0.7076238824971787,1.750147537293856,0.32314728300969964
Digits,2,Random Forest,Raw,Feature masking,0.0,0.24104361515375858,360,0.95,0.7115531250994896,-0.2384468749005103,0.23952206008569563,0.1625979375078095,0.4163621132539315,0.0031962559174620315
Digits,2,Random Forest,Temperature scaled,Feature masking,0.0,0.24104361515375858,360,0.95,0.9646168349603953,0.014616834960395342,0.028726774817260166,0.07099345874005655,0.15107428535486317,0.0030051020394200527
Digits,2,Random Forest,Raw,Feature masking,0.1,0.24104361515375858,360,0.9277777777777778,0.6062317097560651,-0.3215460680217127,0.3215460680217127,0.24592627930039973,0.5846709364326794,0.008399909580889129
Digits,2,Random Forest,Temperature scaled,Feature masking,0.1,0.24104361515375858,360,0.9277777777777778,0.9497956515022531,0.02201787372447528,0.031748507635739005,0.10050265046767753,0.19335207796195633,0.006456342162926143
Digits,2,Random Forest,Raw,Feature masking,0.2,0.24104361515375858,360,0.8916666666666667,0.5245331176846701,-0.36713354898199657,0.3680951891936369,0.32822655772298204,0.7554072911928671,0.015431953950153194
Digits,2,Random Forest,Temperature scaled,Feature masking,0.2,0.24104361515375858,360,0.8916666666666667,0.912471699969267,0.020805033302600306,0.04429557197344654,0.14732027349367394,0.30329350718206194,0.013203110857945111
Digits,2,Random Forest,Raw,Feature masking,0.3,0.24104361515375858,360,0.8305555555555556,0.44199294512583615,-0.38856261042971946,0.3885626104297194,0.4303734361967715,0.9557262920593721,0.04060145003212666
Digits,2,Random Forest,Temperature scaled,Feature masking,0.3,0.24104361515375858,360,0.8305555555555556,0.8665519917522737,0.03599643619671811,0.03904886840112514,0.23100308246329573,0.47834234127991276,0.03487332464116638
Digits,2,Random Forest,Raw,Feature masking,0.4,0.24104361515375858,360,0.7527777777777778,0.3867665710677919,-0.3660112067099859,0.3660112067099859,0.5202000849214242,1.1369904697798041,0.10415853306792866
Digits,2,Random Forest,Temperature scaled,Feature masking,0.4,0.24104361515375858,360,0.7527777777777778,0.828601739417563,0.07582396163978522,0.07813545336863023,0.3488525883109629,0.7309211161223967,0.09435575502468052
Digits,2,Random Forest,Raw,Feature masking,0.5,0.24104361515375858,360,0.6805555555555556,0.34673808641974835,-0.33381746913580723,0.3338174691358072,0.5907173242024972,1.303456760044221,0.15770884650847738
Digits,2,Random Forest,Temperature scaled,Feature masking,0.5,0.24104361515375858,360,0.6805555555555556,0.80264750299235,0.12209194743679441,0.14767190214582307,0.48217841324839333,1.0435233680847875,0.1590210390384571
Digits,2,Gradient Boosting,Raw,Gaussian noise,0.0,0.9209136807435419,360,0.9472222222222222,0.9552578496355182,0.008035627413295998,0.01835945273830776,0.0741541938453736,0.16721680290111288,0.0038877730223804362
Digits,2,Gradient Boosting,Temperature scaled,Gaussian noise,0.0,0.9209136807435419,360,0.9472222222222222,0.9609916154809182,0.013769393258695972,0.02607649841452366,0.0747858231551431,0.16923200409236086,0.0038523725551622328
Digits,2,Gradient Boosting,Raw,Gaussian noise,0.25,0.9209136807435419,360,0.9222222222222223,0.9071755199567557,-0.01504670226546656,0.027999670804884327,0.10973991272368121,0.24529749132094772,0.007883855783349523
Digits,2,Gradient Boosting,Temperature scaled,Gaussian noise,0.25,0.9209136807435419,360,0.9222222222222223,0.9186686840444985,-0.0035535381777237474,0.02601742995188818,0.10916013626346231,0.24090225410644028,0.007946735840628723
Digits,2,Gradient Boosting,Raw,Gaussian noise,0.5,0.9209136807435419,360,0.8777777777777778,0.8514319699379658,-0.026345807839811997,0.04176269834185144,0.1932595631902719,0.42384699799488396,0.028732182005607308
Digits,2,Gradient Boosting,Temperature scaled,Gaussian noise,0.5,0.9209136807435419,360,0.8777777777777778,0.867681414866255,-0.010096362911522716,0.03823050755923832,0.19186878424231196,0.42052236231444584,0.028503440926359157
Digits,2,Gradient Boosting,Raw,Gaussian noise,1.0,0.9209136807435419,360,0.65,0.7177815432945012,0.06778154329450115,0.1081665425171174,0.4791892049430628,1.06079215057515,0.17060701225597716
Digits,2,Gradient Boosting,Temperature scaled,Gaussian noise,1.0,0.9209136807435419,360,0.65,0.7420770130099748,0.09207701300997473,0.10671676013913745,0.48365197634051876,1.0800523307500156,0.16973322710331956
Digits,2,Gradient Boosting,Raw,Gaussian noise,1.5,0.9209136807435419,360,0.4666666666666667,0.678639294324685,0.21197262765801828,0.21197262765801833,0.719938350979631,1.6997722007302065,0.3311845053704059
Digits,2,Gradient Boosting,Temperature scaled,Gaussian noise,1.5,0.9209136807435419,360,0.4666666666666667,0.7034057003031745,0.23673903363650783,0.23673903363650775,0.7347500267089395,1.7652640964120356,0.33275278277224307
Digits,2,Gradient Boosting,Raw,Gaussian noise,2.0,0.9209136807435419,360,0.38333333333333336,0.6068789160347337,0.2235455827014003,0.22354558270140035,0.8311632495264663,2.0778318924246033,0.47885163468172615
Digits,2,Gradient Boosting,Temperature scaled,Gaussian noise,2.0,0.9209136807435419,360,0.38333333333333336,0.6319009173100262,0.24856758397669282,0.24856758397669282,0.8464644386580175,2.16150373810973,0.47924700694669
Digits,2,Gradient Boosting,Raw,Feature masking,0.0,0.9209136807435419,360,0.9472222222222222,0.9552578496355182,0.008035627413295998,0.01835945273830776,0.0741541938453736,0.16721680290111288,0.0038877730223804362
Digits,2,Gradient Boosting,Temperature scaled,Feature masking,0.0,0.9209136807435419,360,0.9472222222222222,0.9609916154809182,0.013769393258695972,0.02607649841452366,0.0747858231551431,0.16923200409236086,0.0038523725551622328
Digits,2,Gradient Boosting,Raw,Feature masking,0.1,0.9209136807435419,360,0.8833333333333333,0.9004506379498534,0.017117304616520057,0.051291858862296334,0.1770310307181476,0.3949515561885101,0.022240019016828882
Digits,2,Gradient Boosting,Temperature scaled,Feature masking,0.1,0.9209136807435419,360,0.8833333333333333,0.9117380366045441,0.028404703271210807,0.05047333850638952,0.1783120147840076,0.40196696731646514,0.022292066205183293
Digits,2,Gradient Boosting,Raw,Feature masking,0.2,0.9209136807435419,360,0.8472222222222222,0.8623904940583468,0.01516827183612457,0.04237234543064359,0.2099864722391586,0.46473796869934303,0.026061213385189887
Digits,2,Gradient Boosting,Temperature scaled,Feature masking,0.2,0.9209136807435419,360,0.8472222222222222,0.8773171839971697,0.030094961774947526,0.04882169531334373,0.21163514018466437,0.4670113742762467,0.025965347141709467
Digits,2,Gradient Boosting,Raw,Feature masking,0.3,0.9209136807435419,360,0.7583333333333333,0.7877025258159863,0.029369192482653017,0.0517658246690398,0.31598741793913876,0.6928798159767,0.0638864048701952
Digits,2,Gradient Boosting,Temperature scaled,Feature masking,0.3,0.9209136807435419,360,0.7583333333333333,0.807029521547878,0.04869618821454469,0.06127408588846132,0.3182115390312168,0.6965844193568951,0.06385197135419751
Digits,2,Gradient Boosting,Raw,Feature masking,0.4,0.9209136807435419,360,0.6472222222222223,0.7140757265515146,0.06685350432929238,0.0958588810557776,0.4769881192099516,1.0618857523555227,0.15287592101461778
Digits,2,Gradient Boosting,Temperature scaled,Feature masking,0.4,0.9209136807435419,360,0.6472222222222223,0.7359791463179833,0.08875692409576108,0.10569101353506517,0.4820849046632646,1.0797509853329943,0.15278537616650187
Digits,2,Gradient Boosting,Raw,Feature masking,0.5,0.9209136807435419,360,0.625,0.6900946083391861,0.06509460833918612,0.12560539164038548,0.5361767575580392,1.223298710653593,0.19280395462346064
Digits,2,Gradient Boosting,Temperature scaled,Feature masking,0.5,0.9209136807435419,360,0.625,0.7157461572160472,0.09074615721604717,0.14108421475908076,0.5426689901128752,1.246610137676095,0.19252291090980678
Digits,3,Logistic Regression,Raw,Gaussian noise,0.0,0.6635970707936478,360,0.9722222222222222,0.9536162157964717,-0.0186060064257505,0.022579455935780354,0.04598607828083864,0.11086809315302726,0.00109143613845599
Digits,3,Logistic Regression,Temperature scaled,Gaussian noise,0.0,0.6635970707936478,360,0.9722222222222222,0.9740051573024323,0.0017829350802101018,0.009686773674938465,0.0436739242617113,0.11327034450908104,0.001084806970273212
Digits,3,Logistic Regression,Raw,Gaussian noise,0.25,0.6635970707936478,360,0.9611111111111111,0.9448233508681736,-0.016287760242937543,0.023868180441629,0.06347998083044772,0.14972892780516767,0.0031705665930869334
Digits,3,Logistic Regression,Temperature scaled,Gaussian noise,0.25,0.6635970707936478,360,0.9611111111111111,0.9684046044745176,0.007293493363406456,0.02099270405283289,0.06266095752451388,0.16191851330518992,0.003300644961947499
Digits,3,Logistic Regression,Raw,Gaussian noise,0.5,0.6635970707936478,360,0.9166666666666666,0.9197741528849118,0.0031074862182451923,0.02774993665251789,0.12330598271575385,0.26008272564371754,0.01123392107104903
Digits,3,Logistic Regression,Temperature scaled,Gaussian noise,0.5,0.6635970707936478,360,0.9166666666666666,0.9488539763970457,0.03218730973037909,0.04596483060957526,0.12808343811861544,0.3026933339748418,0.011164116462107913
Digits,3,Logistic Regression,Raw,Gaussian noise,1.0,0.6635970707936478,360,0.8,0.8882567062037409,0.08825670620374082,0.1063094971697891,0.32318059188693127,0.7924801317717927,0.08200987740543636
Digits,3,Logistic Regression,Temperature scaled,Gaussian noise,1.0,0.6635970707936478,360,0.8,0.9297035614544331,0.12970356145443307,0.14068922495807976,0.3400362583349849,1.0700208853569084,0.08211834549037211
Digits,3,Logistic Regression,Raw,Gaussian noise,1.5,0.6635970707936478,360,0.6194444444444445,0.8742537693562051,0.25480932491176067,0.2548093249117609,0.5848589459561739,1.5715645693454545,0.17147330740834718
Digits,3,Logistic Regression,Temperature scaled,Gaussian noise,1.5,0.6635970707936478,360,0.6194444444444445,0.9201381544258554,0.300693709981411,0.300693709981411,0.6381178093426494,2.23048745645012,0.17336818238323753
Digits,3,Logistic Regression,Raw,Gaussian noise,2.0,0.6635970707936478,360,0.4666666666666667,0.884195506634213,0.4175288399675463,0.42097262973899974,0.9255518580429939,3.8415203378202736,0.4049214260660832
Digits,3,Logistic Regression,Temperature scaled,Gaussian noise,2.0,0.6635970707936478,360,0.4666666666666667,0.9226795007502113,0.45601283408354465,0.4591496972620061,0.9692732515161212,5.602882869063353,0.40446138598466014
Digits,3,Logistic Regression,Raw,Feature masking,0.0,0.6635970707936478,360,0.9722222222222222,0.9536162157964717,-0.0186060064257505,0.022579455935780354,0.04598607828083864,0.11086809315302726,0.00109143613845599
Digits,3,Logistic Regression,Temperature scaled,Feature masking,0.0,0.6635970707936478,360,0.9722222222222222,0.9740051573024323,0.0017829350802101018,0.009686773674938465,0.0436739242617113,0.11327034450908104,0.001084806970273212
Digits,3,Logistic Regression,Raw,Feature masking,0.1,0.6635970707936478,360,0.9472222222222222,0.9264129574450949,-0.0208092647771273,0.025830466441109277,0.08035554334211223,0.17022435272896888,0.0042538962121418614
Digits,3,Logistic Regression,Temperature scaled,Feature masking,0.1,0.6635970707936478,360,0.9472222222222222,0.9580294947059453,0.010807272483723152,0.025147347592326477,0.07957433449829515,0.1713646607409159,0.004256364983548538
Digits,3,Logistic Regression,Raw,Feature masking,0.2,0.6635970707936478,360,0.9333333333333333,0.9023241306682722,-0.03100920266506113,0.05043237019570893,0.10431409044357084,0.2195760460575086,0.0077404866705941475
Digits,3,Logistic Regression,Temperature scaled,Feature masking,0.2,0.6635970707936478,360,0.9333333333333333,0.9434625272396276,0.010129193906294298,0.019692489064806605,0.10190549993008828,0.2147457962096439,0.00762284275743369
Digits,3,Logistic Regression,Raw,Feature masking,0.3,0.6635970707936478,360,0.9055555555555556,0.8605817398781725,-0.04497381567738301,0.05611656174132888,0.14927040870920966,0.3211002361456198,0.01697283184501681
Digits,3,Logistic Regression,Temperature scaled,Feature masking,0.3,0.6635970707936478,360,0.9055555555555556,0.9163398468974238,0.010784291341868202,0.03440411675531196,0.14340746454366718,0.32016657953742855,0.016993904456322224
Digits,3,Logistic Regression,Raw,Feature masking,0.4,0.6635970707936478,360,0.8222222222222222,0.8035658186607154,-0.018656403561506774,0.04936462231889448,0.24397746417867247,0.4875439621393271,0.04525996024053367
Digits,3,Logistic Regression,Temperature scaled,Feature masking,0.4,0.6635970707936478,360,0.8222222222222222,0.8775091426950729,0.055286920472850665,0.05528692047285062,0.24916508180081773,0.5047634250065607,0.045469873831963145
Digits,3,Logistic Regression,Raw,Feature masking,0.5,0.6635970707936478,360,0.7444444444444445,0.7592359577094905,0.014791513265046019,0.03572233647166927,0.34943260552088085,0.7001949058703216,0.09001896499183398
Digits,3,Logistic Regression,Temperature scaled,Feature masking,0.5,0.6635970707936478,360,0.7444444444444445,0.8484827577975322,0.10403831335308777,0.11437335658247921,0.36772803965593936,0.766685471675589,0.08959022682728662
Digits,3,Random Forest,Raw,Gaussian noise,0.0,0.26107047796735744,360,0.9694444444444444,0.7241801146377582,-0.24526432980668622,0.24526432980668625,0.1448678947926645,0.3810721151038634,0.001325367170913621
Digits,3,Random Forest,Temperature scaled,Gaussian noise,0.0,0.26107047796735744,360,0.9694444444444444,0.9691110555531304,-0.0003333888913140681,0.015726444863669923,0.045349310700846975,0.08475517509014072,0.001368351027198705
Digits,3,Random Forest,Raw,Gaussian noise,0.25,0.26107047796735744,360,0.95,0.6027086948852075,-0.34729130511479245,0.34838490299839037,0.23797004386090256,0.5797496858025751,0.002989164799142136
Digits,3,Random Forest,Temperature scaled,Gaussian noise,0.25,0.26107047796735744,360,0.95,0.9536641190686428,0.003664119068642835,0.013037490917262418,0.07013484304659882,0.1469288668542758,0.0031795124214230278
Digits,3,Random Forest,Raw,Gaussian noise,0.5,0.26107047796735744,360,0.9194444444444444,0.5069675176366436,-0.4124769268078008,0.41563949294536706,0.3333567634826909,0.7626490312173811,0.011006398168027383
Digits,3,Random Forest,Temperature scaled,Gaussian noise,0.5,0.26107047796735744,360,0.9194444444444444,0.9129964927321175,-0.006447951712326927,0.02026169890246153,0.11057379129936022,0.21508344255956227,0.008208229852454863
Digits,3,Random Forest,Raw,Gaussian noise,1.0,0.26107047796735744,360,0.8027777777777778,0.35865564814813683,-0.444122129629641,0.444122129629641,0.5283690014590918,1.1562899722579518,0.06834210966896696
Digits,3,Random Forest,Temperature scaled,Gaussian noise,1.0,0.26107047796735744,360,0.8027777777777778,0.7862992797304764,-0.016478498047301393,0.028302314626349342,0.27557134597197785,0.5534897722162152,0.056984425380011715
Digits,3,Random Forest,Raw,Gaussian noise,1.5,0.26107047796735744,360,0.6305555555555555,0.28859014550264306,-0.3419654100529125,0.3419654100529125,0.6552407366041844,1.4609363678542524,0.20066468527169695
Digits,3,Random Forest,Temperature scaled,Gaussian noise,1.5,0.26107047796735744,360,0.6305555555555555,0.6971484287011632,0.06659287314560769,0.07855538440077486,0.4860203914990674,1.0656871262684042,0.1782153622202151
Digits,3,Random Forest,Raw,Gaussian noise,2.0,0.26107047796735744,360,0.46111111111111114,0.26504447530863784,-0.1960666358024733,0.19606663580247324,0.7353069324988408,1.6824897942411225,0.362050679119167
Digits,3,Random Forest,Temperature scaled,Gaussian noise,2.0,0.26107047796735744,360,0.46111111111111114,0.6521597121280135,0.19104860101690235,0.1910486010169024,0.7258498942330975,1.6808402744330753,0.35766401629784716
Digits,3,Random Forest,Raw,Feature masking,0.0,0.26107047796735744,360,0.9694444444444444,0.7241801146377582,-0.24526432980668622,0.24526432980668625,0.14486789479266451,0.38107211510386335,0.001325367170913621
Digits,3,Random Forest,Temperature scaled,Feature masking,0.0,0.26107047796735744,360,0.9694444444444444,0.9691110555531304,-0.0003333888913140681,0.015726444863669923,0.045349310700846975,0.08475517509014073,0.001368351027198705
Digits,3,Random Forest,Raw,Feature masking,0.1,0.26107047796735744,360,0.9666666666666667,0.6231792592590044,-0.34348740740766226,0.34348740740766226,0.2214602894555435,0.5446478014530609,0.00257609751163142
Digits,3,Random Forest,Temperature scaled,Feature masking,0.1,0.26107047796735744,360,0.9666666666666667,0.9525783064534178,-0.014088360213248885,0.022749516352294663,0.06158831653512758,0.1343979620070478,0.0024277800630351756
Digits,3,Random Forest,Raw,Feature masking,0.2,0.26107047796735744,360,0.9361111111111111,0.5381855864196424,-0.3979255246914687,0.39792552469146875,0.3037380307349175,0.7083327967578021,0.0064024420784966245
Digits,3,Random Forest,Temperature scaled,Feature masking,0.2,0.26107047796735744,360,0.9361111111111111,0.9249704499707665,-0.011140661140344621,0.026689724788410425,0.10585476518872891,0.20909641059556414,0.0076069607955949175
Digits,3,Random Forest,Raw,Feature masking,0.3,0.26107047796735744,360,0.85,0.4601147178130178,-0.38988528218698215,0.3898852821869822,0.41192287994887994,0.9178279900508396,0.037862522629722305
Digits,3,Random Forest,Temperature scaled,Feature masking,0.3,0.26107047796735744,360,0.85,0.8777114102483523,0.02771141024835233,0.03839556159778035,0.2193997111073188,0.4557309708621193,0.03520352379949689
Digits,3,Random Forest,Raw,Feature masking,0.4,0.26107047796735744,360,0.7611111111111111,0.3995924999999941,-0.361518611111117,0.36151861111111705,0.4986734776601335,1.090655339550938,0.08088906075114809
Digits,3,Random Forest,Temperature scaled,Feature masking,0.4,0.26107047796735744,360,0.7611111111111111,0.8239746983928877,0.06286358728177666,0.07992873289173916,0.33702200521086007,0.6669874602473821,0.08111492370320457
Digits,3,Random Forest,Raw,Feature masking,0.5,0.26107047796735744,360,0.6694444444444444,0.3590588492063429,-0.3103855952381015,0.3103855952381015,0.5756115380758405,1.2635239328622687,0.15752981667905921
Digits,3,Random Forest,Temperature scaled,Feature masking,0.5,0.26107047796735744,360,0.6694444444444444,0.7817560922968021,0.1123116478523577,0.11319841614301449,0.47447408674144137,0.9739978916678603,0.15920854730747142
Digits,3,Gradient Boosting,Raw,Gaussian noise,0.0,0.9036694331414452,360,0.9611111111111111,0.9494298549365685,-0.011681256174542631,0.02614655887911303,0.05228112497080335,0.10927531825428967,0.0015768655241310376
Digits,3,Gradient Boosting,Temperature scaled,Gaussian noise,0.0,0.9036694331414452,360,0.9611111111111111,0.9562155937395684,-0.004895517371542701,0.01421369881116243,0.05170956455203146,0.10456518511222228,0.0015849170539216975
Digits,3,Gradient Boosting,Raw,Gaussian noise,0.25,0.9036694331414452,360,0.9277777777777778,0.9201202571151318,-0.007657520662646022,0.02628042596198771,0.09896631110075028,0.2000045228482105,0.008363778555930483
Digits,3,Gradient Boosting,Temperature scaled,Gaussian noise,0.25,0.9036694331414452,360,0.9277777777777778,0.9322440349052606,0.004466257127482831,0.027397683447823378,0.09840193039768318,0.19500153765023753,0.008243104472864277
Digits,3,Gradient Boosting,Raw,Gaussian noise,0.5,0.9036694331414452,360,0.8777777777777778,0.8660286060384998,-0.01174917173927792,0.042566896788783004,0.17093633100565656,0.35945936670472955,0.021688078623412276
Digits,3,Gradient Boosting,Temperature scaled,Gaussian noise,0.5,0.9036694331414452,360,0.8777777777777778,0.8829801126255072,0.005202334847729473,0.050779719715496455,0.17009981714162145,0.3551659383248992,0.021890292189842907
Digits,3,Gradient Boosting,Raw,Gaussian noise,1.0,0.9036694331414452,360,0.6972222222222222,0.7241813049561401,0.026959082733917894,0.06318003212922522,0.43212251159750487,0.9265645778897669,0.13734251590947044
Digits,3,Gradient Boosting,Temperature scaled,Gaussian noise,1.0,0.9036694331414452,360,0.6972222222222222,0.7507753353246375,0.053553113102415284,0.07201469835971917,0.43658914042135755,0.9409390833239026,0.13751560219029932
Digits,3,Gradient Boosting,Raw,Gaussian noise,1.5,0.9036694331414452,360,0.48333333333333334,0.6590528795010193,0.17571954616768598,0.17953509977249715,0.7214027276336209,1.6108969151868675,0.3559492415718582
Digits,3,Gradient Boosting,Temperature scaled,Gaussian noise,1.5,0.9036694331414452,360,0.48333333333333334,0.691125865889954,0.2077925325566206,0.2176220004703895,0.7391274399875931,1.6772726306397518,0.35609427868804666
Digits,3,Gradient Boosting,Raw,Gaussian noise,2.0,0.9036694331414452,360,0.35833333333333334,0.633349757991273,0.2750164246579397,0.27501642465793974,0.8607091060921743,2.0887377577685453,0.47959839226039086
Digits,3,Gradient Boosting,Temperature scaled,Gaussian noise,2.0,0.9036694331414452,360,0.35833333333333334,0.6657916614617687,0.3074583281284354,0.30901543713353463,0.884700655819287,2.200135425846878,0.4793905388716306
Digits,3,Gradient Boosting,Raw,Feature masking,0.0,0.9036694331414452,360,0.9611111111111111,0.9494298549365685,-0.011681256174542631,0.02614655887911303,0.05228112497080335,0.10927531825428967,0.0015768655241310376
Digits,3,Gradient Boosting,Temperature scaled,Feature masking,0.0,0.9036694331414452,360,0.9611111111111111,0.9562155937395684,-0.004895517371542701,0.01421369881116243,0.05170956455203146,0.10456518511222228,0.0015849170539216975
Digits,3,Gradient Boosting,Raw,Feature masking,0.1,0.9036694331414452,360,0.9277777777777778,0.9104473250790914,-0.017330452698686383,0.030047110514522704,0.11221188472500675,0.2513130563982629,0.008597610964200413
Digits,3,Gradient Boosting,Temperature scaled,Feature masking,0.1,0.9036694331414452,360,0.9277777777777778,0.9221699488187033,-0.005607828959074523,0.027309845673706125,0.1112691010184253,0.24890952192554158,0.008548150657262912
Digits,3,Gradient Boosting,Raw,Feature masking,0.2,0.9036694331414452,360,0.8611111111111112,0.852995281649342,-0.008115829461769142,0.03234924236780942,0.2004125864045019,0.44669426633852405,0.02382518407664306
Digits,3,Gradient Boosting,Temperature scaled,Feature masking,0.2,0.9036694331414452,360,0.8611111111111112,0.869512654799753,0.008401543688641877,0.039171813915813196,0.20075221660127035,0.44740983265518547,0.023835415916792998
Digits,3,Gradient Boosting,Raw,Feature masking,0.3,0.9036694331414452,360,0.7638888888888888,0.8044146213842968,0.04052573249540792,0.058827405842537,0.33440134033676755,0.7569202561564469,0.08071074991842975
Digits,3,Gradient Boosting,Temperature scaled,Feature masking,0.3,0.9036694331414452,360,0.7638888888888888,0.8259552908950152,0.06206640200612634,0.08496391675430569,0.33749142196026244,0.775569159560648,0.08043306674213015
Digits,3,Gradient Boosting,Raw,Feature masking,0.4,0.9036694331414452,360,0.7138888888888889,0.7503908869534245,0.03650199806453558,0.09545217019797994,0.4339472089330896,0.9806225662694437,0.12854311272864843
Digits,3,Gradient Boosting,Temperature scaled,Feature masking,0.4,0.9036694331414452,360,0.7138888888888889,0.7758543299435549,0.06196544105466595,0.10450661994757335,0.43739541491601874,1.0071395916603285,0.1280951034716285
Digits,3,Gradient Boosting,Raw,Feature masking,0.5,0.9036694331414452,360,0.5805555555555556,0.7016633496942583,0.12110779413870265,0.12675852025232118,0.5624342822065412,1.3304935235820825,0.21775224556777906
Digits,3,Gradient Boosting,Temperature scaled,Feature masking,0.5,0.9036694331414452,360,0.5805555555555556,0.7289988556163471,0.14844330006079154,0.15535723067739532,0.5710413299551482,1.380569876792191,0.21764305986107585
Digits,4,Logistic Regression,Raw,Gaussian noise,0.0,1.0016906166339552,360,0.9666666666666667,0.9529476786509095,-0.013718988015757216,0.023425756938095645,0.05153826300863869,0.10837127094373464,0.0022935080683267337
Digits,4,Logistic Regression,Temperature scaled,Gaussian noise,0.0,1.0016906166339552,360,0.9666666666666667,0.9528162123191856,-0.013850454347481111,0.023534449713856227,0.05155580536420772,0.10844437663672793,0.0022935080683267337
Digits,4,Logistic Regression,Raw,Gaussian noise,0.25,1.0016906166339552,360,0.9694444444444444,0.9445926279556608,-0.02485181648878365,0.03636700358237362,0.059478364675281475,0.12740890085546658,0.002885805753150713
Digits,4,Logistic Regression,Temperature scaled,Gaussian noise,0.25,1.0016906166339552,360,0.9694444444444444,0.9444503211774449,-0.02499412326699957,0.03649799683037376,0.05950257742119233,0.12748677870244385,0.002885805753150713
Digits,4,Logistic Regression,Raw,Gaussian noise,0.5,1.0016906166339552,360,0.9083333333333333,0.9252878462700593,0.016954512936726007,0.03918734364142957,0.11949540234161762,0.23621499058214382,0.008477395287498767
Digits,4,Logistic Regression,Temperature scaled,Gaussian noise,0.5,1.0016906166339552,360,0.9083333333333333,0.9251143145371569,0.016780981203823542,0.03914845996089977,0.11946705432307048,0.2361935488334209,0.008477395287498767
Digits,4,Logistic Regression,Raw,Gaussian noise,1.0,1.0016906166339552,360,0.7916666666666666,0.8943217574306348,0.10265509076396817,0.113418904473707,0.324305378184319,0.8045941067393122,0.06751679578769146
Digits,4,Logistic Regression,Temperature scaled,Gaussian noise,1.0,1.0016906166339552,360,0.7916666666666666,0.894110527153727,0.10244386048706033,0.11323126580912067,0.32420297342954507,0.8037281088849164,0.06750881366764037
Digits,4,Logistic Regression,Raw,Gaussian noise,1.5,1.0016906166339552,360,0.6472222222222223,0.8747324943916988,0.2275102721694765,0.2275102721694763,0.5707169632740929,1.6899773373998006,0.19988752454275863
Digits,4,Logistic Regression,Temperature scaled,Gaussian noise,1.5,1.0016906166339552,360,0.6472222222222223,0.874507260931168,0.22728503870894579,0.22728503870894584,0.570556126454191,1.6876835568012571,0.19987001308071073
Digits,4,Logistic Regression,Raw,Gaussian noise,2.0,1.0016906166339552,360,0.5083333333333333,0.8936953738494716,0.3853620405161383,0.3906112224504156,0.8435806368541469,3.3508178773589408,0.3136357155536531
Digits,4,Logistic Regression,Temperature scaled,Gaussian noise,2.0,1.0016906166339552,360,0.5083333333333333,0.8935026066169137,0.3851692732835804,0.39042064952691785,0.8433370028542382,3.345633216842026,0.3136045045673859
Digits,4,Logistic Regression,Raw,Feature masking,0.0,1.0016906166339552,360,0.9666666666666667,0.9529476786509095,-0.013718988015757216,0.023425756938095645,0.05153826300863869,0.10837127094373464,0.0022935080683267337
Digits,4,Logistic Regression,Temperature scaled,Feature masking,0.0,1.0016906166339552,360,0.9666666666666667,0.9528162123191856,-0.013850454347481111,0.023534449713856227,0.05155580536420772,0.10844437663672793,0.0022935080683267337
Digits,4,Logistic Regression,Raw,Feature masking,0.1,1.0016906166339552,360,0.9472222222222222,0.9360940728842732,-0.011128149337949034,0.022134356085432676,0.07479344010200817,0.15419251344883658,0.00537162584519845
Digits,4,Logistic Regression,Temperature scaled,Feature masking,0.1,1.0016906166339552,360,0.9472222222222222,0.9359168357310952,-0.011305386491127,0.022274156232896504,0.07480894290869092,0.15428066883039468,0.00537162584519845
Digits,4,Logistic Regression,Raw,Feature masking,0.2,1.0016906166339552,360,0.9333333333333333,0.9004130976426761,-0.032920235690657274,0.036567113919453414,0.10618447942965063,0.21996032137992216,0.009028575371821715
Digits,4,Logistic Regression,Temperature scaled,Feature masking,0.2,1.0016906166339552,360,0.9333333333333333,0.900168012322023,-0.03316532101131031,0.03679778854782189,0.10622887918993638,0.22011551957857844,0.009028575371821715
Digits,4,Logistic Regression,Raw,Feature masking,0.3,1.0016906166339552,360,0.8805555555555555,0.844086007111195,-0.03646954844436057,0.051391425322998625,0.17158422864391967,0.3445389258516039,0.025829898681318898
Digits,4,Logistic Regression,Temperature scaled,Feature masking,0.3,1.0016906166339552,360,0.8805555555555555,0.8437650572477793,-0.036790498307776254,0.05166528157177121,0.17164276290921857,0.3447288669176717,0.02583814134534791
Digits,4,Logistic Regression,Raw,Feature masking,0.4,1.0016906166339552,360,0.7916666666666666,0.8038237094258334,0.012157042759166736,0.04643910943036009,0.2688891519313538,0.5137159407772818,0.053066203044004744
Digits,4,Logistic Regression,Temperature scaled,Feature masking,0.4,1.0016906166339552,360,0.7916666666666666,0.8034379257023567,0.011771259035690096,0.0438120020594509,0.26887942708951273,0.5138237758856444,0.05306695170607318
Digits,4,Logistic Regression,Raw,Feature masking,0.5,1.0016906166339552,360,0.7888888888888889,0.7438023121140755,-0.045086576774813314,0.06721732888770753,0.3183259977553343,0.6900317741381944,0.07807311311251379
Digits,4,Logistic Regression,Temperature scaled,Feature masking,0.5,1.0016906166339552,360,0.7888888888888889,0.7433343157374892,-0.04555457315139966,0.06749672482112058,0.3183927970715451,0.6901553103037786,0.07808627793610515
Digits,4,Random Forest,Raw,Gaussian noise,0.0,0.279648047592087,360,0.9694444444444444,0.7314339951090899,-0.23801044933535453,0.2380104493353546,0.13736346061842725,0.3648909907224137,0.001621088647150724
Digits,4,Random Forest,Temperature scaled,Gaussian noise,0.0,0.279648047592087,360,0.9694444444444444,0.9709642137652938,0.0015197693208494067,0.016229327533829253,0.04198964604770582,0.08615816819931407,0.0012960390130806914
Digits,4,Random Forest,Raw,Gaussian noise,0.25,0.279648047592087,360,0.9722222222222222,0.6101520450534579,-0.36207017716876433,0.3620701771687643,0.22923835557293018,0.5554233439229954,0.0033654587853551112
Digits,4,Random Forest,Temperature scaled,Gaussian noise,0.25,0.279648047592087,360,0.9722222222222222,0.9485228811835756,-0.02369934103864657,0.024673036065541783,0.05217168735842525,0.11765189605474223,0.002651345655782181
Digits,4,Random Forest,Raw,Gaussian noise,0.5,0.279648047592087,360,0.9305555555555556,0.48489127517538483,-0.44566428038017075,0.44566428038017075,0.3582098431221552,0.8075153626198374,0.014016799171736708
Digits,4,Random Forest,Temperature scaled,Gaussian noise,0.5,0.279648047592087,360,0.9305555555555556,0.8927521377172816,-0.03780341783827401,0.041220537252230564,0.11809532272863403,0.23551239699092913,0.011633919159959588
Digits,4,Random Forest,Raw,Gaussian noise,1.0,0.279648047592087,360,0.8,0.36374877594627103,-0.436251224053729,0.4362512240537289,0.5245988247414879,1.150726833370364,0.06272118229870918
Digits,4,Random Forest,Temperature scaled,Gaussian noise,1.0,0.279648047592087,360,0.8,0.7869095642386873,-0.013090435761312746,0.05655934571534243,0.27811699121864225,0.5732249350709924,0.054276715126677776
Digits,4,Random Forest,Raw,Gaussian noise,1.5,0.279648047592087,360,0.6138888888888889,0.30514718213884806,-0.30874170675004087,0.3087417067500409,0.6495936995832622,1.451835586103556,0.20494759219999786
Digits,4,Random Forest,Temperature scaled,Gaussian noise,1.5,0.279648047592087,360,0.6138888888888889,0.7079281799035481,0.09403929101465913,0.10471174193109851,0.5382530392335726,1.151603001059811,0.20738545493985566
Digits,4,Random Forest,Raw,Gaussian noise,2.0,0.279648047592087,360,0.5055555555555555,0.2653475952134263,-0.2402079603421292,0.24020796034212918,0.7331024220521944,1.6776695924560099,0.36950419968881404
Digits,4,Random Forest,Temperature scaled,Gaussian noise,2.0,0.279648047592087,360,0.5055555555555555,0.631336639786648,0.12578108423109247,0.149914069631421,0.6861758075849625,1.6195545325349845,0.36442454502876753
Digits,4,Random Forest,Raw,Feature masking,0.0,0.279648047592087,360,0.9694444444444444,0.7314339951090899,-0.23801044933535453,0.2380104493353546,0.13736346061842727,0.3648909907224137,0.001621088647150724
Digits,4,Random Forest,Temperature scaled,Feature masking,0.0,0.279648047592087,360,0.9694444444444444,0.9709642137652938,0.0015197693208494067,0.01622932753382925,0.0419896460477058,0.08615816819931409,0.0012960390130806914
Digits,4,Random Forest,Raw,Feature masking,0.1,0.279648047592087,360,0.95,0.6332281922395705,-0.31677180776042946,0.3178599559085777,0.21363387776966292,0.5205398268669141,0.005635840639140005
Digits,4,Random Forest,Temperature scaled,Feature masking,0.1,0.279648047592087,360,0.95,0.9471810092247359,-0.002818990775264041,0.025330499247994468,0.05926969128973674,0.11869803443740763,0.0031301067526609354
Digits,4,Random Forest,Raw,Feature masking,0.2,0.279648047592087,360,0.9111111111111111,0.5326140215647699,-0.3784970895463412,0.38047857102782257,0.3190653246941524,0.7292623639330077,0.017291463954598414
Digits,4,Random Forest,Temperature scaled,Feature masking,0.2,0.279648047592087,360,0.9111111111111111,0.9119884145145403,0.0008773034034291749,0.028553629925784148,0.1331996611571018,0.25236184303807735,0.013396592701925647
Digits,4,Random Forest,Raw,Feature masking,0.3,0.279648047592087,360,0.825,0.4573651827493043,-0.36763481725069563,0.36763481725069563,0.41948628205499117,0.925258717470077,0.04819365127486079
Digits,4,Random Forest,Temperature scaled,Feature masking,0.3,0.279648047592087,360,0.825,0.8572003155741182,0.03220031557411829,0.050954668672017304,0.24354506114150837,0.4586303409169521,0.0413784271579545
Digits,4,Random Forest,Raw,Feature masking,0.4,0.279648047592087,360,0.7277777777777777,0.3897348548673387,-0.338042922910439,0.3380429229104391,0.516611862888597,1.1222755400100515,0.10736204989493281
Digits,4,Random Forest,Temperature scaled,Feature masking,0.4,0.279648047592087,360,0.7277777777777777,0.7961399121792703,0.06836213440149252,0.07665505017755647,0.3671695524599738,0.6958092312334269,0.09700242378655322
Digits,4,Random Forest,Raw,Feature masking,0.5,0.279648047592087,360,0.6472222222222223,0.3432273661215309,-0.3039948561006914,0.3039948561006913,0.6055848653304269,1.3368079802279982,0.185885795346023
Digits,4,Random Forest,Temperature scaled,Feature masking,0.5,0.279648047592087,360,0.6472222222222223,0.7506373464083994,0.10341512418617715,0.10341512418617727,0.503166730488605,1.0929478604692244,0.19099658574333594
Digits,4,Gradient Boosting,Raw,Gaussian noise,0.0,0.8725934530828219,360,0.9694444444444444,0.9654713135836096,-0.003973130860834839,0.0215563161138643,0.05370940217051296,0.12574313711133275,0.002781599069476701
Digits,4,Gradient Boosting,Temperature scaled,Gaussian noise,0.0,0.8725934530828219,360,0.9694444444444444,0.9734820878399846,0.004037643395540136,0.0226980831505019,0.05371380987420101,0.127868928816832,0.002775722221915927
Digits,4,Gradient Boosting,Raw,Gaussian noise,0.25,0.8725934530828219,360,0.9527777777777777,0.9261408903437816,-0.02663688743399617,0.032120427792683405,0.08116011669061725,0.17882675272592463,0.0058772458562893854
Digits,4,Gradient Boosting,Temperature scaled,Gaussian noise,0.25,0.8725934530828219,360,0.9527777777777777,0.9403170435917445,-0.012460734186033218,0.02784414373787308,0.07894760155550047,0.17249020129679554,0.005702222335010319
Digits,4,Gradient Boosting,Raw,Gaussian noise,0.5,0.8725934530828219,360,0.8916666666666667,0.8493982821682491,-0.04226838449841763,0.05223125349648307,0.18632068849183225,0.3869996276113688,0.026110219637080198
Digits,4,Gradient Boosting,Temperature scaled,Gaussian noise,0.5,0.8725934530828219,360,0.8916666666666667,0.8742008138326216,-0.017465852834045115,0.04504910803854655,0.1836600673648808,0.37815397600525086,0.025936615343175377
Digits,4,Gradient Boosting,Raw,Gaussian noise,1.0,0.8725934530828219,360,0.6861111111111111,0.733606120505451,0.047495009394339927,0.08845757964736035,0.4417811128528389,0.9580513277779641,0.12528800440685822
Digits,4,Gradient Boosting,Temperature scaled,Gaussian noise,1.0,0.8725934530828219,360,0.6861111111111111,0.7674710337493486,0.08135992263823744,0.1039722120201539,0.4492525607856194,0.9887717415841716,0.12555580661819282
Digits,4,Gradient Boosting,Raw,Gaussian noise,1.5,0.8725934530828219,360,0.5166666666666667,0.6692249263683738,0.1525582597017071,0.15595820665388782,0.6536092439121589,1.5351454597699734,0.28047247964960265
Digits,4,Gradient Boosting,Temperature scaled,Gaussian noise,1.5,0.8725934530828219,360,0.5166666666666667,0.7102841186485785,0.19361745198191183,0.19361745198191177,0.6723259615990392,1.6213013150389148,0.28121236820114076
Digits,4,Gradient Boosting,Raw,Gaussian noise,2.0,0.8725934530828219,360,0.4,0.6106861305588351,0.21068613055883512,0.2123118368439073,0.8140359136172195,1.9750064119004087,0.4717517123315632
Digits,4,Gradient Boosting,Temperature scaled,Gaussian noise,2.0,0.8725934530828219,360,0.4,0.6542119419034016,0.2542119419034016,0.25421194190340163,0.8408912639818509,2.105925012728499,0.47328713650499404
Digits,4,Gradient Boosting,Raw,Feature masking,0.0,0.8725934530828219,360,0.9694444444444444,0.9654713135836096,-0.003973130860834839,0.0215563161138643,0.05370940217051296,0.12574313711133275,0.002781599069476701
Digits,4,Gradient Boosting,Temperature scaled,Feature masking,0.0,0.8725934530828219,360,0.9694444444444444,0.9734820878399846,0.004037643395540136,0.0226980831505019,0.05371380987420101,0.127868928816832,0.002775722221915927
Digits,4,Gradient Boosting,Raw,Feature masking,0.1,0.8725934530828219,360,0.9222222222222223,0.9259280930049477,0.00370587078272544,0.023162685591929032,0.11322344302110968,0.2501729026245104,0.01004061825259956
Digits,4,Gradient Boosting,Temperature scaled,Feature masking,0.1,0.8725934530828219,360,0.9222222222222223,0.9394291620260973,0.017206939803875,0.02453069414743696,0.11370099650875946,0.25353537934020587,0.009881759543020778
Digits,4,Gradient Boosting,Raw,Feature masking,0.2,0.8725934530828219,360,0.8555555555555555,0.8628130607133795,0.0072575051578239735,0.041886111432312266,0.205565434813799,0.43370352314766125,0.027982499043248635
Digits,4,Gradient Boosting,Temperature scaled,Feature masking,0.2,0.8725934530828219,360,0.8555555555555555,0.8848730661930174,0.029317510637461908,0.05255105006890868,0.20793358809403592,0.43779676889402175,0.027641958309090546
Digits,4,Gradient Boosting,Raw,Feature masking,0.3,0.8725934530828219,360,0.7805555555555556,0.7948969570459198,0.014341401490364225,0.08114505134338316,0.3493552588100917,0.7302916440632762,0.08175348153659152
Digits,4,Gradient Boosting,Temperature scaled,Feature masking,0.3,0.8725934530828219,360,0.7805555555555556,0.8251079334367988,0.04455237788124322,0.10259645912661731,0.35359730891103697,0.7491359336740102,0.0809726308787021
Digits,4,Gradient Boosting,Raw,Feature masking,0.4,0.8725934530828219,360,0.6583333333333333,0.7212237553458144,0.06289042201248107,0.0814116035596423,0.47716846616578873,1.044877943427832,0.14723487760457457
Digits,4,Gradient Boosting,Temperature scaled,Feature masking,0.4,0.8725934530828219,360,0.6583333333333333,0.7575487960450525,0.09921546271171922,0.10854413464271247,0.4867908942607905,1.079720055706342,0.1470426835702841
Digits,4,Gradient Boosting,Raw,Feature masking,0.5,0.8725934530828219,360,0.6055555555555555,0.6804446862666654,0.07488913071110992,0.126146155076588,0.5537395653993333,1.2742247008766883,0.21586295731462507
Digits,4,Gradient Boosting,Temperature scaled,Feature masking,0.5,0.8725934530828219,360,0.6055555555555555,0.7183903706790917,0.11283481512353621,0.1403556086430923,0.5638445860191716,1.3260439999535802,0.21599876172311652
Digits,5,Logistic Regression,Raw,Gaussian noise,0.0,0.8908096718214609,360,0.9527777777777777,0.9470430589499373,-0.005734718827840379,0.02368190535496453,0.06004518468499736,0.11174546268793613,0.0023411027046759403
Digits,5,Logistic Regression,Temperature scaled,Gaussian noise,0.0,0.8908096718214609,360,0.9527777777777777,0.9552593969088908,0.002481619131113111,0.02213728216181672,0.0603756462027567,0.10719520876946587,0.0023582266191042984
Digits,5,Logistic Regression,Raw,Gaussian noise,0.25,0.8908096718214609,360,0.9416666666666667,0.9417240787025993,5.741203593268018e-05,0.03293069164071418,0.06821966839245229,0.13369558461962378,0.002755077678543822
Digits,5,Logistic Regression,Temperature scaled,Gaussian noise,0.25,0.8908096718214609,360,0.9416666666666667,0.9505659520157504,0.008899285349083796,0.034535281705039306,0.06854871553381656,0.12997432141954846,0.0027725022205185115
Digits,5,Logistic Regression,Raw,Gaussian noise,0.5,0.8908096718214609,360,0.9305555555555556,0.9256604468113099,-0.004895108744245702,0.030805287883443097,0.10467812220687674,0.2119912373075264,0.009011785762003028
Digits,5,Logistic Regression,Temperature scaled,Gaussian noise,0.5,0.8908096718214609,360,0.9305555555555556,0.9365692875762377,0.0060137320206821165,0.030503761495240186,0.10444376194854901,0.21286557851642085,0.009158453350565218
Digits,5,Logistic Regression,Raw,Gaussian noise,1.0,0.8908096718214609,360,0.7611111111111111,0.8770630721604421,0.11595196104933103,0.11629829935169711,0.3514329797808648,0.8769096525778395,0.08838462153184963
Digits,5,Logistic Regression,Temperature scaled,Gaussian noise,1.0,0.8908096718214609,360,0.7611111111111111,0.8904787872946356,0.12936767618352452,0.1293676761835244,0.35825320648791925,0.9474207585641624,0.08829737624690749
Digits,5,Logistic Regression,Raw,Gaussian noise,1.5,0.8908096718214609,360,0.5972222222222222,0.8635451617118683,0.26632293948964614,0.2696262306171231,0.6560711430408189,1.9508233297759643,0.22767018614225867
Digits,5,Logistic Regression,Temperature scaled,Gaussian noise,1.5,0.8908096718214609,360,0.5972222222222222,0.8787290134572987,0.2815067912350765,0.2829097394035993,0.6703361668092955,2.1484224358397084,0.2282296006007869
Digits,5,Logistic Regression,Raw,Gaussian noise,2.0,0.8908096718214609,360,0.5277777777777778,0.8738794980471603,0.34610172026938246,0.3476179770522317,0.790745859885096,2.9126449913682753,0.3015554985800545
Digits,5,Logistic Regression,Temperature scaled,Gaussian noise,2.0,0.8908096718214609,360,0.5277777777777778,0.8871544991078993,0.35937672133012155,0.35937672133012166,0.8048064460179651,3.232880853548138,0.3022672787307301
Digits,5,Logistic Regression,Raw,Feature masking,0.0,0.8908096718214609,360,0.9527777777777777,0.9470430589499373,-0.005734718827840379,0.02368190535496453,0.06004518468499736,0.11174546268793613,0.0023411027046759403
Digits,5,Logistic Regression,Temperature scaled,Feature masking,0.0,0.8908096718214609,360,0.9527777777777777,0.9552593969088908,0.002481619131113111,0.02213728216181672,0.0603756462027567,0.10719520876946587,0.0023582266191042984
Digits,5,Logistic Regression,Raw,Feature masking,0.1,0.8908096718214609,360,0.9444444444444444,0.9341664797950345,-0.010277964649409888,0.02631292922203404,0.07174447363822205,0.14406074800570545,0.003497139660523677
Digits,5,Logistic Regression,Temperature scaled,Feature masking,0.1,0.8908096718214609,360,0.9444444444444444,0.9457502927839803,0.0013058483395358422,0.02201304917682444,0.07134023240066567,0.13774977343122624,0.0035581468329543738
Digits,5,Logistic Regression,Raw,Feature masking,0.2,0.8908096718214609,360,0.925,0.9011787089641662,-0.023821291035833858,0.04308653992862288,0.11566144995234084,0.23761491842552257,0.010049406784123248
Digits,5,Logistic Regression,Temperature scaled,Feature masking,0.2,0.8908096718214609,360,0.925,0.9168855512297408,-0.008114448770259242,0.020402907140686214,0.11448059010001824,0.2322315790058729,0.010010611682429608
Digits,5,Logistic Regression,Raw,Feature masking,0.3,0.8908096718214609,360,0.8583333333333333,0.8510577369547992,-0.007275596378534033,0.04236562045734393,0.19010868692906932,0.37149382713741974,0.023123266505581427
Digits,5,Logistic Regression,Temperature scaled,Feature masking,0.3,0.8908096718214609,360,0.8583333333333333,0.8713220256555729,0.012988692322239648,0.04755009984385759,0.19056635321702384,0.3660415051801143,0.023029557240349115
Digits,5,Logistic Regression,Raw,Feature masking,0.4,0.8908096718214609,360,0.8055555555555556,0.8011988459758185,-0.004356709579737106,0.060580717619176105,0.2642750674085711,0.5242716112114111,0.056221960305049265
Digits,5,Logistic Regression,Temperature scaled,Feature masking,0.4,0.8908096718214609,360,0.8055555555555556,0.8267476267117985,0.021192071156242887,0.05034131238003645,0.2646552076086431,0.5210519033604352,0.05556425409492836
Digits,5,Logistic Regression,Raw,Feature masking,0.5,0.8908096718214609,360,0.7694444444444445,0.7444422957995389,-0.025002148644905575,0.059255966279945164,0.33882927609092517,0.6844061292247386,0.09015993415244758
Digits,5,Logistic Regression,Temperature scaled,Feature masking,0.5,0.8908096718214609,360,0.7694444444444445,0.7751720819321952,0.005727637487750736,0.05559945048053572,0.3383573849146304,0.6812284394614122,0.08973358282921073
Digits,5,Random Forest,Raw,Gaussian noise,0.0,0.29626778077990323,360,0.9694444444444444,0.7195251397723847,-0.2499193046720597,0.2518412358889909,0.1459946707762364,0.3843192326994833,0.0008233051779602096
Digits,5,Random Forest,Temperature scaled,Gaussian noise,0.0,0.29626778077990323,360,0.9694444444444444,0.9622959705971021,-0.007148473847342296,0.019237155789834457,0.03844346597752403,0.07519745581111661,0.0007689457069676299
Digits,5,Random Forest,Raw,Gaussian noise,0.25,0.29626778077990323,360,0.9611111111111111,0.6132424006637686,-0.3478687104473426,0.34786871044734247,0.22434366580161605,0.5537940768679473,0.0019153139474081522
Digits,5,Random Forest,Temperature scaled,Gaussian noise,0.25,0.29626778077990323,360,0.9611111111111111,0.9443709023947157,-0.016740208716395477,0.02771068207744443,0.05436807886016334,0.11386700285476227,0.001692314988969997
Digits,5,Random Forest,Raw,Gaussian noise,0.5,0.29626778077990323,360,0.9138888888888889,0.5074802645266363,-0.40640862436225256,0.40640862436225267,0.3363282168443454,0.7693271583452145,0.013709338322439452
Digits,5,Random Forest,Temperature scaled,Gaussian noise,0.5,0.29626778077990323,360,0.9138888888888889,0.8936229297605809,-0.020265959128307975,0.03244407758651621,0.12051115450042015,0.24943359193992926,0.012428256467247349
Digits,5,Random Forest,Raw,Gaussian noise,1.0,0.29626778077990323,360,0.775,0.362562674315513,-0.41243732568448704,0.41243732568448693,0.5339600080756433,1.1753306875912537,0.07595342705437075
Digits,5,Random Forest,Temperature scaled,Gaussian noise,1.0,0.29626778077990323,360,0.775,0.7789675826102628,0.003967582610262754,0.06107665778377752,0.3178811817811536,0.6402112055566545,0.07406519042163369
Digits,5,Random Forest,Raw,Gaussian noise,1.5,0.29626778077990323,360,0.5888888888888889,0.2899689008195871,-0.2989199880693018,0.3003870251063388,0.6698101996674121,1.500917979591903,0.22786490833036438
Digits,5,Random Forest,Temperature scaled,Gaussian noise,1.5,0.29626778077990323,360,0.5888888888888889,0.6608496118780104,0.07196072298912148,0.08309019187681219,0.5525899548273526,1.190773317118949,0.2250426509527915
Digits,5,Random Forest,Raw,Gaussian noise,2.0,0.29626778077990323,360,0.5083333333333333,0.262934561134218,-0.24539877219911532,0.24539877219911535,0.7254224386455449,1.6526515262671164,0.32780399863320014
Digits,5,Random Forest,Temperature scaled,Gaussian noise,2.0,0.29626778077990323,360,0.5083333333333333,0.6146166361692054,0.10628330283587206,0.11254006576939116,0.6567553661831411,1.4744160099873012,0.33020930287360184
Digits,5,Random Forest,Raw,Feature masking,0.0,0.29626778077990323,360,0.9694444444444444,0.7195251397723847,-0.2499193046720597,0.2518412358889909,0.1459946707762364,0.3843192326994833,0.0008233051779602096
Digits,5,Random Forest,Temperature scaled,Feature masking,0.0,0.29626778077990323,360,0.9694444444444444,0.9622959705971021,-0.007148473847342296,0.019237155789834457,0.03844346597752403,0.07519745581111661,0.0007689457069676299
Digits,5,Random Forest,Raw,Feature masking,0.1,0.29626778077990323,360,0.9638888888888889,0.6157245629730912,-0.3481643259157977,0.34816432591579755,0.22543169814271988,0.5502656085978989,0.0013274199217743184
Digits,5,Random Forest,Temperature scaled,Feature masking,0.1,0.29626778077990323,360,0.9638888888888889,0.9419591441065557,-0.021929744782333227,0.03629196988536582,0.053988411005208965,0.11632222112015624,0.0015389355670329037
Digits,5,Random Forest,Raw,Feature masking,0.2,0.29626778077990323,360,0.9166666666666666,0.5281748285609849,-0.3884918381056818,0.3968326405748162,0.31643680450623807,0.7303774619219614,0.0079633127883926
Digits,5,Random Forest,Temperature scaled,Feature masking,0.2,0.29626778077990323,360,0.9166666666666666,0.8981952536361862,-0.018471413030480388,0.03557984798772855,0.11538852577767567,0.2389249434336256,0.008073694684656458
Digits,5,Random Forest,Raw,Feature masking,0.3,0.29626778077990323,360,0.8611111111111112,0.44766991308979737,-0.4134411980213138,0.41344119802131374,0.4228803605196377,0.9356803171328525,0.037913995263685996
Digits,5,Random Forest,Temperature scaled,Feature masking,0.3,0.29626778077990323,360,0.8611111111111112,0.8450025781237319,-0.016108532987379243,0.03171635329796507,0.20904490157761976,0.4414009119616264,0.034410672783729127
Digits,5,Random Forest,Raw,Feature masking,0.4,0.29626778077990323,360,0.7527777777777778,0.38395698723933247,-0.3688207905384453,0.3688207905384452,0.5231099696738327,1.1406261413408505,0.10422296520497787
Digits,5,Random Forest,Temperature scaled,Feature masking,0.4,0.29626778077990323,360,0.7527777777777778,0.7867052902213068,0.033927512443528984,0.05699325992070906,0.35662577418533403,0.6986257367566902,0.09524326470805058
Digits,5,Random Forest,Raw,Feature masking,0.5,0.29626778077990323,360,0.6472222222222223,0.36219312169311474,-0.2850291005291075,0.2850291005291074,0.5827227774594653,1.278636380978911,0.1699815828106696
Digits,5,Random Forest,Temperature scaled,Feature masking,0.5,0.29626778077990323,360,0.6472222222222223,0.7599673136560869,0.11274509143386469,0.1303420968695868,0.49096051546831077,1.006442039976547,0.17626067254698713
Digits,5,Gradient Boosting,Raw,Gaussian noise,0.0,0.8661661054638856,360,0.9527777777777777,0.9515020001770779,-0.0012757776006998567,0.017934673911890412,0.06260793792324584,0.12763602282315925,0.002741603992186524
Digits,5,Gradient Boosting,Temperature scaled,Gaussian noise,0.0,0.8661661054638856,360,0.9527777777777777,0.9603556336223499,0.007577855844572157,0.016240654399749102,0.06261982655861781,0.12555873015112273,0.0026749655804564993
Digits,5,Gradient Boosting,Raw,Gaussian noise,0.25,0.8661661054638856,360,0.9305555555555556,0.9303917665998069,-0.00016378895574864494,0.03936574867649463,0.0965068318163825,0.19758442079557964,0.006328834842402384
Digits,5,Gradient Boosting,Temperature scaled,Gaussian noise,0.25,0.8661661054638856,360,0.9305555555555556,0.9451677195874785,0.014612164031922892,0.02567999519193792,0.09763152674994235,0.19517470708125756,0.006162141890350725
Digits,5,Gradient Boosting,Raw,Gaussian noise,0.5,0.8661661054638856,360,0.8777777777777778,0.8651158350180462,-0.012661942759731537,0.034870396074452525,0.18676767887978363,0.409276230006992,0.02991673719939984
Digits,5,Gradient Boosting,Temperature scaled,Gaussian noise,0.5,0.8661661054638856,360,0.8777777777777778,0.891012928813238,0.013235151035460246,0.03132577914613705,0.18526823338236717,0.41030948628037056,0.029626889463537316
Digits,5,Gradient Boosting,Raw,Gaussian noise,1.0,0.8661661054638856,360,0.675,0.7395021515367516,0.06450215153675154,0.08271365986950201,0.4570090589275171,1.0125847761936289,0.14983655957623682
Digits,5,Gradient Boosting,Temperature scaled,Gaussian noise,1.0,0.8661661054638856,360,0.675,0.7781497820041756,0.10314978200417557,0.10379864238800533,0.4644829094980623,1.0532596267783136,0.14988230283973608
Digits,5,Gradient Boosting,Raw,Gaussian noise,1.5,0.8661661054638856,360,0.5,0.6454988291871433,0.1454988291871433,0.16043825629448633,0.7006175631673942,1.6362927668725604,0.3344714090557732
Digits,5,Gradient Boosting,Temperature scaled,Gaussian noise,1.5,0.8661661054638856,360,0.5,0.6880841981933091,0.18808419819330913,0.19862679442311873,0.7209981956178609,1.7364276174235587,0.33385691206561274
Digits,5,Gradient Boosting,Raw,Gaussian noise,2.0,0.8661661054638856,360,0.41388888888888886,0.6309689072271998,0.21708001833831092,0.23264822253021217,0.804760937836908,1.9686767491864656,0.44107625935515243
Digits,5,Gradient Boosting,Temperature scaled,Gaussian noise,2.0,0.8661661054638856,360,0.41388888888888886,0.6763497974138114,0.26246090852492254,0.2778903533437363,0.8333813869928368,2.1137567858808257,0.44068077678688783
Digits,5,Gradient Boosting,Raw,Feature masking,0.0,0.8661661054638856,360,0.9527777777777777,0.9515020001770779,-0.0012757776006998567,0.017934673911890412,0.06260793792324584,0.12763602282315925,0.002741603992186524
Digits,5,Gradient Boosting,Temperature scaled,Feature masking,0.0,0.8661661054638856,360,0.9527777777777777,0.9603556336223499,0.007577855844572157,0.016240654399749102,0.06261982655861781,0.12555873015112273,0.0026749655804564993
Digits,5,Gradient Boosting,Raw,Feature masking,0.1,0.8661661054638856,360,0.9194444444444444,0.9056740699292894,-0.013770374515154948,0.030338180874891114,0.11092027579225308,0.2332379173622679,0.00805607609608172
Digits,5,Gradient Boosting,Temperature scaled,Feature masking,0.1,0.8661661054638856,360,0.9194444444444444,0.9226229128754675,0.003178468431023096,0.028984141300938977,0.10977751475426026,0.2265406273613171,0.007931059510656728
Digits,5,Gradient Boosting,Raw,Feature masking,0.2,0.8661661054638856,360,0.8388888888888889,0.8577384323520019,0.01884954346311296,0.03956233139396177,0.2346187890137061,0.49365464507789175,0.0368512118965096
Digits,5,Gradient Boosting,Temperature scaled,Feature masking,0.2,0.8661661054638856,360,0.8388888888888889,0.881522354053542,0.04263346516465305,0.05999815325985886,0.23754832799849643,0.5060555703175592,0.036391428942509386
Digits,5,Gradient Boosting,Raw,Feature masking,0.3,0.8661661054638856,360,0.7472222222222222,0.7876755120579926,0.040453289835770345,0.07306939391980509,0.3528713278519203,0.7506969847524191,0.08538750438674382
Digits,5,Gradient Boosting,Temperature scaled,Feature masking,0.3,0.8661661054638856,360,0.7472222222222222,0.8167589631546563,0.06953674093243412,0.07340543622146066,0.3581721516490378,0.7748007181001892,0.08493025160514571
Digits,5,Gradient Boosting,Raw,Feature masking,0.4,0.8661661054638856,360,0.6527777777777778,0.728726162009689,0.07594838423191119,0.08706276120697179,0.4681278006424451,1.0464324899249855,0.15351370712427054
Digits,5,Gradient Boosting,Temperature scaled,Feature masking,0.4,0.8661661054638856,360,0.6527777777777778,0.765396084982974,0.11261830720519617,0.12136877189877517,0.4779446699793026,1.0896705001896398,0.15306265647969228
Digits,5,Gradient Boosting,Raw,Feature masking,0.5,0.8661661054638856,360,0.5972222222222222,0.7000702686570441,0.10284804643482193,0.1056325085056787,0.5700091392453268,1.3314481092518946,0.21912340141849707
Digits,5,Gradient Boosting,Temperature scaled,Feature masking,0.5,0.8661661054638856,360,0.5972222222222222,0.7392660714916758,0.14204384926945357,0.1542511593782304,0.5823623011529725,1.4050132988668196,0.21900221589665717
Digits,6,Logistic Regression,Raw,Gaussian noise,0.0,0.8795843236549054,360,0.9722222222222222,0.9495874106691835,-0.022634811553038703,0.032027101435185015,0.04438044330267243,0.10811425945626231,0.0012561670605940787
Digits,6,Logistic Regression,Temperature scaled,Gaussian noise,0.0,0.8795843236549054,360,0.9722222222222222,0.9585021209252308,-0.013720101296991416,0.021390783403017477,0.04271327842407252,0.10376276320022029,0.0012388360619028237
Digits,6,Logistic Regression,Raw,Gaussian noise,0.25,0.8795843236549054,360,0.95,0.9429471844214194,-0.007052815578580507,0.023615004097274236,0.0713820084066415,0.14782256143556632,0.0032283617294100488
Digits,6,Logistic Regression,Temperature scaled,Gaussian noise,0.25,0.8795843236549054,360,0.95,0.9520909724886473,0.0020909724886473136,0.01588603208512624,0.07140059368237778,0.14715770795298672,0.003253567157202596
Digits,6,Logistic Regression,Raw,Gaussian noise,0.5,0.8795843236549054,360,0.9138888888888889,0.9301367593084028,0.01624787041951392,0.02125503361602192,0.11982559443665346,0.24991717994770515,0.011001344227029386
Digits,6,Logistic Regression,Temperature scaled,Gaussian noise,0.5,0.8795843236549054,360,0.9138888888888889,0.9410730829808189,0.02718419409193007,0.03927124866097852,0.12107281751631077,0.25875637033492843,0.010987294222733738
Digits,6,Logistic Regression,Raw,Gaussian noise,1.0,0.8795843236549054,360,0.7694444444444445,0.8881676858058276,0.11872324136138313,0.12410506917155886,0.35901624349293493,0.9520272194535683,0.10771315696433041
Digits,6,Logistic Regression,Temperature scaled,Gaussian noise,1.0,0.8795843236549054,360,0.7694444444444445,0.9035695623701694,0.1341251179257249,0.1406811159223069,0.36639269092662424,1.0432500248563974,0.10715802885337591
Digits,6,Logistic Regression,Raw,Gaussian noise,1.5,0.8795843236549054,360,0.6166666666666667,0.8782173949846279,0.2615507283179612,0.2658423964803807,0.6034809980266522,1.927919683934693,0.20559993180621178
Digits,6,Logistic Regression,Temperature scaled,Gaussian noise,1.5,0.8795843236549054,360,0.6166666666666667,0.8937026492333002,0.27703598256663353,0.27703598256663364,0.6173976397405857,2.150812102130256,0.20585374992678462
Digits,6,Logistic Regression,Raw,Gaussian noise,2.0,0.8795843236549054,360,0.5055555555555555,0.873710165006639,0.36815460945108347,0.37199958162767294,0.8192940535139569,3.393621460236856,0.3453044571968281
Digits,6,Logistic Regression,Temperature scaled,Gaussian noise,2.0,0.8795843236549054,360,0.5055555555555555,0.8876172770203687,0.3820617214648132,0.38587832533283617,0.8348123346742025,3.807136664278741,0.34597119022715805
Digits,6,Logistic Regression,Raw,Feature masking,0.0,0.8795843236549054,360,0.9722222222222222,0.9495874106691835,-0.022634811553038703,0.032027101435185015,0.04438044330267243,0.10811425945626231,0.0012561670605940787
Digits,6,Logistic Regression,Temperature scaled,Feature masking,0.0,0.8795843236549054,360,0.9722222222222222,0.9585021209252308,-0.013720101296991416,0.021390783403017477,0.04271327842407252,0.10376276320022029,0.0012388360619028237
Digits,6,Logistic Regression,Raw,Feature masking,0.1,0.8795843236549054,360,0.95,0.9286903203571961,-0.021309679642803836,0.0285442912832956,0.0762914384975468,0.16880624213419396,0.004581916528243574
Digits,6,Logistic Regression,Temperature scaled,Feature masking,0.1,0.8795843236549054,360,0.95,0.940872562177471,-0.009127437822529005,0.015722061896778123,0.07467480660094829,0.16502640895978804,0.004651770355584902
Digits,6,Logistic Regression,Raw,Feature masking,0.2,0.8795843236549054,360,0.9277777777777778,0.8986727651263281,-0.029105012651449713,0.046696751727861384,0.10760625225823636,0.23687211682093062,0.007328462470402137
Digits,6,Logistic Regression,Temperature scaled,Feature masking,0.2,0.8795843236549054,360,0.9277777777777778,0.9164056580542862,-0.011372119723491614,0.03751576163115928,0.10591446772436998,0.22985949564367175,0.007305951466534834
Digits,6,Logistic Regression,Raw,Feature masking,0.3,0.8795843236549054,360,0.875,0.8518413279461701,-0.023158672053829932,0.030443157068463966,0.19171475044377115,0.3958675819751867,0.03191269729309638
Digits,6,Logistic Regression,Temperature scaled,Feature masking,0.3,0.8795843236549054,360,0.875,0.8755167772426831,0.0005167772426830641,0.02484027467109775,0.19111733796212518,0.3938311257738823,0.03221768170230743
Digits,6,Logistic Regression,Raw,Feature masking,0.4,0.8795843236549054,360,0.8444444444444444,0.8131640755064306,-0.03128036893801389,0.03992666596766303,0.23689142479682027,0.4762069671691467,0.04909886431805562
Digits,6,Logistic Regression,Temperature scaled,Feature masking,0.4,0.8795843236549054,360,0.8444444444444444,0.839922883684632,-0.004521560759812471,0.028676840159848418,0.23467650818798635,0.4716417042658292,0.04874530469047809
Digits,6,Logistic Regression,Raw,Feature masking,0.5,0.8795843236549054,360,0.7444444444444445,0.7317225751522314,-0.012721869292213084,0.07667250118228441,0.37553368747939736,0.7670531405860768,0.10267355049891039
Digits,6,Logistic Regression,Temperature scaled,Feature masking,0.5,0.8795843236549054,360,0.7444444444444445,0.7655441998652162,0.021099755420771693,0.0574656341238031,0.3778223499303175,0.7726465715200513,0.10302480342431439
Digits,6,Random Forest,Raw,Gaussian noise,0.0,0.25395028733364516,360,0.975,0.7238174302192953,-0.25118256978070463,0.2511825697807046,0.14409648069351405,0.37497634688292264,0.0020189305487949547
Digits,6,Random Forest,Temperature scaled,Gaussian noise,0.0,0.25395028733364516,360,0.975,0.9712198631357661,-0.0037801368642338407,0.013114403545518516,0.03683665599523638,0.07616453479238938,0.001265760354050179
Digits,6,Random Forest,Raw,Gaussian noise,0.25,0.25395028733364516,360,0.9638888888888889,0.6071383177093507,-0.35675057117953823,0.3567505711795382,0.23044722270109988,0.5610383621380527,0.0023489564954251134
Digits,6,Random Forest,Temperature scaled,Gaussian noise,0.25,0.25395028733364516,360,0.9638888888888889,0.9580702334003846,-0.005818655488504354,0.02390945545871694,0.05152035240109632,0.1145359406951806,0.0026214354111806534
Digits,6,Random Forest,Raw,Gaussian noise,0.5,0.25395028733364516,360,0.9361111111111111,0.4986345428490743,-0.4374765682620368,0.4385570973625659,0.34278787973998465,0.7753425766724023,0.011120047099558699
Digits,6,Random Forest,Temperature scaled,Gaussian noise,0.5,0.25395028733364516,360,0.9361111111111111,0.9101287135339516,-0.025982397577159477,0.0310917778458102,0.10688036675710115,0.20068312395453228,0.009188289471014697
Digits,6,Random Forest,Raw,Gaussian noise,1.0,0.25395028733364516,360,0.7694444444444445,0.3510497222832133,-0.4183947221612312,0.4183947221612312,0.5533674619152612,1.2071146765336305,0.10610348751489716
Digits,6,Random Forest,Temperature scaled,Gaussian noise,1.0,0.25395028733364516,360,0.7694444444444445,0.8050461194318449,0.03560167498740041,0.05255925754415949,0.3274465543152592,0.6702156216580857,0.09023420062471187
Digits,6,Random Forest,Raw,Gaussian noise,1.5,0.25395028733364516,360,0.6583333333333333,0.2992495921516701,-0.35908374118166325,0.3597963337742559,0.6434459736331243,1.4365224642390886,0.16846673352030428
Digits,6,Random Forest,Temperature scaled,Gaussian noise,1.5,0.25395028733364516,360,0.6583333333333333,0.7146685144640799,0.05633518113074654,0.07920416210990781,0.4917370461365904,1.081183342600009,0.1750915201545198
Digits,6,Random Forest,Raw,Gaussian noise,2.0,0.25395028733364516,360,0.48055555555555557,0.2601834363040322,-0.2203721192515234,0.22037211925152334,0.7346671627513524,1.6745047705312701,0.3636490010905739
Digits,6,Random Forest,Temperature scaled,Gaussian noise,2.0,0.25395028733364516,360,0.48055555555555557,0.6577637264800498,0.1772081709244942,0.17934746059653117,0.715405465539277,1.6007095147468802,0.36428973911304263
Digits,6,Random Forest,Raw,Feature masking,0.0,0.25395028733364516,360,0.975,0.7238174302192953,-0.25118256978070463,0.2511825697807046,0.14409648069351405,0.37497634688292264,0.0020189305487949547
Digits,6,Random Forest,Temperature scaled,Feature masking,0.0,0.25395028733364516,360,0.975,0.9712198631357661,-0.0037801368642338407,0.013114403545518516,0.03683665599523638,0.07616453479238938,0.001265760354050179
Digits,6,Random Forest,Raw,Feature masking,0.1,0.25395028733364516,360,0.95,0.6328261201208145,-0.31717387987918544,0.3172861550114581,0.21970310294951279,0.5294077751733444,0.005695176953234088
Digits,6,Random Forest,Temperature scaled,Feature masking,0.1,0.25395028733364516,360,0.95,0.9532145534908937,0.0032145534908937234,0.012580586354865869,0.07405446008342281,0.13692987433363296,0.0041818787223953605
Digits,6,Random Forest,Raw,Feature masking,0.2,0.25395028733364516,360,0.9138888888888889,0.5307109182577142,-0.38317797063117465,0.38317797063117476,0.31574911861828747,0.7206689678562554,0.011294665409604292
Digits,6,Random Forest,Temperature scaled,Feature masking,0.2,0.25395028733364516,360,0.9138888888888889,0.9208571008444718,0.006968211955582948,0.031523664576775606,0.11931552214564856,0.22509438693965914,0.009779014689344135
Digits,6,Random Forest,Raw,Feature masking,0.3,0.25395028733364516,360,0.8527777777777777,0.4600827587032936,-0.3926950190744841,0.39269501907448423,0.4104016834000243,0.9061171470289092,0.0407259705789907
Digits,6,Random Forest,Temperature scaled,Feature masking,0.3,0.25395028733364516,360,0.8527777777777777,0.8770319108001872,0.02425413302240942,0.04315708931800944,0.21103960817567,0.4121618284193308,0.03372940076209273
Digits,6,Random Forest,Raw,Feature masking,0.4,0.25395028733364516,360,0.7916666666666666,0.4058658358254593,-0.3858008308412073,0.3858008308412073,0.4952888705606249,1.0837197814553283,0.08144701498971693
Digits,6,Random Forest,Temperature scaled,Feature masking,0.4,0.25395028733364516,360,0.7916666666666666,0.8445325700536147,0.05286590338694808,0.10216719758732011,0.337171816996761,0.6828481454467015,0.08062356309700106
Digits,6,Random Forest,Raw,Feature masking,0.5,0.25395028733364516,360,0.6111111111111112,0.3456099098124079,-0.26550120129870325,0.2711840480895935,0.6105478160658001,1.3398148750672036,0.20858276718674273
Digits,6,Random Forest,Temperature scaled,Feature masking,0.5,0.25395028733364516,360,0.6111111111111112,0.7850942827275479,0.17398317161643673,0.1817709364454229,0.5650181120015793,1.1798338576660579,0.21508584419627308
Digits,6,Gradient Boosting,Raw,Gaussian noise,0.0,0.7728407072697294,360,0.9694444444444444,0.9514983737646263,-0.017946070679818127,0.022979959354410134,0.05785576342284082,0.12735752449188975,0.0024244513565671666
Digits,6,Gradient Boosting,Temperature scaled,Gaussian noise,0.0,0.7728407072697294,360,0.9694444444444444,0.967057301041318,-0.0023871434031264016,0.024303520477860097,0.05544210157788822,0.1255673985246139,0.0024227107246490034
Digits,6,Gradient Boosting,Raw,Gaussian noise,0.25,0.7728407072697294,360,0.9333333333333333,0.9181125237862242,-0.015220809547109138,0.018408565304206766,0.09640647215496416,0.21086807245020683,0.0059073966315072
Digits,6,Gradient Boosting,Temperature scaled,Gaussian noise,0.25,0.7728407072697294,360,0.9333333333333333,0.9460709300564591,0.0127375967231258,0.02240686613263563,0.0965123026744928,0.20581927743096273,0.0057689556271323435
Digits,6,Gradient Boosting,Raw,Gaussian noise,0.5,0.7728407072697294,360,0.8694444444444445,0.8491321927433779,-0.02031225170106654,0.040212630634277144,0.18320158129140185,0.39338056647332337,0.022357743646068684
Digits,6,Gradient Boosting,Temperature scaled,Gaussian noise,0.5,0.7728407072697294,360,0.8694444444444445,0.8927675405196009,0.02332309607515648,0.032359798556641096,0.18200059764675228,0.38971994569912827,0.021646577692412197
Digits,6,Gradient Boosting,Raw,Gaussian noise,1.0,0.7728407072697294,360,0.6138888888888889,0.6981932002260466,0.08430431133715766,0.10516417384680879,0.5444533861874633,1.1964197267142294,0.21991267196847786
Digits,6,Gradient Boosting,Temperature scaled,Gaussian noise,1.0,0.7728407072697294,360,0.6138888888888889,0.7639896104272855,0.1501007215383966,0.16218371010612898,0.5681527807324378,1.3133067797127966,0.22061838984269594
Digits,6,Gradient Boosting,Raw,Gaussian noise,1.5,0.7728407072697294,360,0.5333333333333333,0.6584566851232303,0.12512335178989697,0.1283196432612811,0.6249360239248755,1.469186732620766,0.2669275510226297
Digits,6,Gradient Boosting,Temperature scaled,Gaussian noise,1.5,0.7728407072697294,360,0.5333333333333333,0.7298478805888249,0.19651454725549156,0.1972278653739641,0.6541240284926824,1.6370069107397058,0.2666737656890129
Digits,6,Gradient Boosting,Raw,Gaussian noise,2.0,0.7728407072697294,360,0.39166666666666666,0.6150572735140795,0.2233906068474128,0.24261119102139578,0.8528521336304989,2.04442107585306,0.4850606136314911
Digits,6,Gradient Boosting,Temperature scaled,Gaussian noise,2.0,0.7728407072697294,360,0.39166666666666666,0.6921937749418755,0.30052710827520884,0.30369999257977687,0.9087192248670432,2.344384607115241,0.48653568748558607
Digits,6,Gradient Boosting,Raw,Feature masking,0.0,0.7728407072697294,360,0.9694444444444444,0.9514983737646263,-0.017946070679818127,0.022979959354410134,0.05785576342284082,0.12735752449188975,0.0024244513565671666
Digits,6,Gradient Boosting,Temperature scaled,Feature masking,0.0,0.7728407072697294,360,0.9694444444444444,0.967057301041318,-0.0023871434031264016,0.024303520477860097,0.05544210157788822,0.1255673985246139,0.0024227107246490034
Digits,6,Gradient Boosting,Raw,Feature masking,0.1,0.7728407072697294,360,0.9083333333333333,0.9111497564801418,0.002816423146808522,0.02724075552374482,0.13599220668673426,0.283542630485537,0.011417183395453069
Digits,6,Gradient Boosting,Temperature scaled,Feature masking,0.1,0.7728407072697294,360,0.9083333333333333,0.9376504359026316,0.029317102569298314,0.03680725748418856,0.13926251660770497,0.29488184878839074,0.011516889315611064
Digits,6,Gradient Boosting,Raw,Feature masking,0.2,0.7728407072697294,360,0.85,0.8474282689823265,-0.0025717310176734953,0.032330091975706535,0.2175269700169274,0.4600829568044793,0.03163867949413701
Digits,6,Gradient Boosting,Temperature scaled,Feature masking,0.2,0.7728407072697294,360,0.85,0.8892398937735931,0.03923989377359316,0.05559201987565445,0.2188171846476874,0.47298651838915917,0.03110781335853055
Digits,6,Gradient Boosting,Raw,Feature masking,0.3,0.7728407072697294,360,0.7666666666666667,0.7866612698029215,0.019994603136254785,0.07270538690909431,0.34518461333232064,0.7491171695698824,0.07944126392688196
Digits,6,Gradient Boosting,Temperature scaled,Feature masking,0.3,0.7728407072697294,360,0.7666666666666667,0.8418888355862438,0.07522216891957711,0.0859113417017377,0.3523478032123262,0.7962672503364694,0.0785901145834148
Digits,6,Gradient Boosting,Raw,Feature masking,0.4,0.7728407072697294,360,0.7,0.755193692169047,0.055193692169047015,0.0749831463230519,0.425422661441424,0.9739095063518922,0.12456076447795493
Digits,6,Gradient Boosting,Temperature scaled,Feature masking,0.4,0.7728407072697294,360,0.7,0.8193815895697472,0.1193815895697472,0.12336399174430947,0.4403388086555528,1.0605526791029183,0.12456368938620402
Digits,6,Gradient Boosting,Raw,Feature masking,0.5,0.7728407072697294,360,0.5583333333333333,0.6542513169101364,0.09591798357680303,0.11775098324880848,0.6138219933063542,1.409186350607961,0.26325752921632944
Digits,6,Gradient Boosting,Temperature scaled,Feature masking,0.5,0.7728407072697294,360,0.5583333333333333,0.7274951899879019,0.1691618566545685,0.16916185665456857,0.6386331158838262,1.5469632765808337,0.26086814783988105
Digits,7,Logistic Regression,Raw,Gaussian noise,0.0,0.5997532306851335,360,0.9611111111111111,0.9456369516283101,-0.015474159482801064,0.03325315980288637,0.053526976278049046,0.11000492689331287,0.0015702058385296091
Digits,7,Logistic Regression,Temperature scaled,Gaussian noise,0.0,0.5997532306851335,360,0.9611111111111111,0.9720875663507779,0.010976455239666727,0.016709409013459114,0.053886001773856655,0.10635294328075307,0.0016789591711430347
Digits,7,Logistic Regression,Raw,Gaussian noise,0.25,0.5997532306851335,360,0.9694444444444444,0.9422707085120898,-0.027173735932354615,0.03396238343538864,0.052890097215342095,0.11561361600255092,0.0016217117499952515
Digits,7,Logistic Regression,Temperature scaled,Gaussian noise,0.25,0.5997532306851335,360,0.9694444444444444,0.9731345362316334,0.0036900917871889316,0.02071499520943885,0.05049230284056432,0.10924919790272841,0.0017002417688750946
Digits,7,Logistic Regression,Raw,Gaussian noise,0.5,0.5997532306851335,360,0.9222222222222223,0.9274237700623382,0.00520154784011595,0.021132702229115903,0.11673039024986907,0.23183331809752084,0.009860404251359076
Digits,7,Logistic Regression,Temperature scaled,Gaussian noise,0.5,0.5997532306851335,360,0.9222222222222223,0.9649052154129366,0.042682993190714336,0.05174592537426336,0.12477532050829616,0.2809651038046008,0.010074076209190898
Digits,7,Logistic Regression,Raw,Gaussian noise,1.0,0.5997532306851335,360,0.775,0.8962175152440757,0.12121751524407565,0.12275012539918309,0.3555604113654384,0.8910993855420792,0.0837407774731137
Digits,7,Logistic Regression,Temperature scaled,Gaussian noise,1.0,0.5997532306851335,360,0.775,0.9425852200580082,0.16758522005800813,0.17133458021672027,0.38559205521870943,1.3410677750956956,0.08417879213096528
Digits,7,Logistic Regression,Raw,Gaussian noise,1.5,0.5997532306851335,360,0.6083333333333333,0.8659119549404171,0.2575786216070838,0.2592684035534581,0.6244718417908912,1.9313586375026122,0.22840788592008196
Digits,7,Logistic Regression,Temperature scaled,Gaussian noise,1.5,0.5997532306851335,360,0.6083333333333333,0.915789796496432,0.3074564631630987,0.3136096382052358,0.6710412574864209,3.0268329777469085,0.23035666902145596
Digits,7,Logistic Regression,Raw,Gaussian noise,2.0,0.5997532306851335,360,0.5138888888888888,0.884168342325164,0.3702794534362751,0.370279453436275,0.8166256303706837,3.1227071656293446,0.3308419970242163
Digits,7,Logistic Regression,Temperature scaled,Gaussian noise,2.0,0.5997532306851335,360,0.5138888888888888,0.932434707720311,0.41854581883142217,0.4185458188314221,0.8753512466338561,4.969160855056397,0.3325362230275709
Digits,7,Logistic Regression,Raw,Feature masking,0.0,0.5997532306851335,360,0.9611111111111111,0.9456369516283101,-0.015474159482801064,0.03325315980288637,0.053526976278049046,0.11000492689331287,0.0015702058385296091
Digits,7,Logistic Regression,Temperature scaled,Feature masking,0.0,0.5997532306851335,360,0.9611111111111111,0.9720875663507779,0.010976455239666727,0.016709409013459114,0.053886001773856655,0.10635294328075307,0.0016789591711430347
Digits,7,Logistic Regression,Raw,Feature masking,0.1,0.5997532306851335,360,0.9388888888888889,0.9161491699463682,-0.022739718942520692,0.027575109073583147,0.09055400793701093,0.17779588514935382,0.005168800914335493
Digits,7,Logistic Regression,Temperature scaled,Feature masking,0.1,0.5997532306851335,360,0.9388888888888889,0.9561649754692749,0.01727608658038604,0.02592091085146923,0.09259645056759894,0.17507549375294218,0.005390830212112732
Digits,7,Logistic Regression,Raw,Feature masking,0.2,0.5997532306851335,360,0.925,0.8874561314356565,-0.03754386856434355,0.047515762920312135,0.10892949766438681,0.22677969688928803,0.00865991710991391
Digits,7,Logistic Regression,Temperature scaled,Feature masking,0.2,0.5997532306851335,360,0.925,0.9416628565685329,0.016662856568532836,0.02103599308875418,0.10486295020443469,0.2145072849901601,0.008526704382717468
Digits,7,Logistic Regression,Raw,Feature masking,0.3,0.5997532306851335,360,0.8916666666666667,0.8597365143825142,-0.031930152284152524,0.04616934464977072,0.1672930360391793,0.3318775058353743,0.022514400340965444
Digits,7,Logistic Regression,Temperature scaled,Feature masking,0.3,0.5997532306851335,360,0.8916666666666667,0.9314715909428558,0.03980492427618909,0.04896835318358449,0.17068358758617982,0.3453545546956347,0.023496191522610527
Digits,7,Logistic Regression,Raw,Feature masking,0.4,0.5997532306851335,360,0.825,0.800269142908968,-0.024730857091031955,0.04786341500111667,0.24804958008937955,0.516910208831754,0.04333858666957828
Digits,7,Logistic Regression,Temperature scaled,Feature masking,0.4,0.5997532306851335,360,0.825,0.8913958908216822,0.06639589082168229,0.07110662487677803,0.255462433041754,0.5657965698102252,0.04335828775506345
Digits,7,Logistic Regression,Raw,Feature masking,0.5,0.5997532306851335,360,0.7666666666666667,0.7449182863579995,-0.021748380308667214,0.05678547065589921,0.35414355284918997,0.7152786882778414,0.10346877012302816
Digits,7,Logistic Regression,Temperature scaled,Feature masking,0.5,0.5997532306851335,360,0.7666666666666667,0.8550067505470211,0.08834008388035441,0.10105301052839459,0.3649683693196747,0.8138744192598596,0.10207581946738994
Digits,7,Random Forest,Raw,Gaussian noise,0.0,0.21199969944359098,360,0.975,0.735098971583176,-0.23990102841682392,0.2435918220676176,0.13106681961263916,0.3590510736570187,0.0006713124941050783
Digits,7,Random Forest,Temperature scaled,Gaussian noise,0.0,0.21199969944359098,360,0.975,0.9807367024811467,0.0057367024811467715,0.015915467799557683,0.03367626281599681,0.07983287663321038,0.0006786057468693926
Digits,7,Random Forest,Raw,Gaussian noise,0.25,0.21199969944359098,360,0.9638888888888889,0.6144618277090838,-0.34942706117980515,0.34942706117980515,0.22189689214753075,0.546931582362604,0.00270353698069157
Digits,7,Random Forest,Temperature scaled,Gaussian noise,0.25,0.21199969944359098,360,0.9638888888888889,0.9698717910299745,0.005982902141085544,0.011034173587489149,0.050272862883853325,0.11586095257667935,0.0024287759262393823
Digits,7,Random Forest,Raw,Gaussian noise,0.5,0.21199969944359098,360,0.9194444444444444,0.5031799468432047,-0.41626449760123974,0.4162644976012398,0.3372715554967447,0.7685598651483313,0.012312291550187239
Digits,7,Random Forest,Temperature scaled,Gaussian noise,0.5,0.21199969944359098,360,0.9194444444444444,0.938922291165111,0.019477846720666547,0.02660917932134824,0.11155659754951795,0.22118271639881343,0.008809260219824587
Digits,7,Random Forest,Raw,Gaussian noise,1.0,0.21199969944359098,360,0.825,0.3722593468568226,-0.45274065314317735,0.45274065314317746,0.5134973989485472,1.1347897935680014,0.04889806166359695
Digits,7,Random Forest,Temperature scaled,Gaussian noise,1.0,0.21199969944359098,360,0.825,0.8488905383930292,0.023890538393029237,0.03870036551128079,0.2587541341171825,0.5891597652993984,0.04496671981257824
Digits,7,Random Forest,Raw,Gaussian noise,1.5,0.21199969944359098,360,0.6527777777777778,0.303979943019942,-0.34879783475783577,0.3487978347578358,0.644559388844951,1.445585546840584,0.183062362803533
Digits,7,Random Forest,Temperature scaled,Gaussian noise,1.5,0.21199969944359098,360,0.6527777777777778,0.7728861883651292,0.12010841058735144,0.1351694728543077,0.514999215632952,1.2609800377665832,0.18258737393516034
Digits,7,Random Forest,Raw,Gaussian noise,2.0,0.21199969944359098,360,0.5111111111111111,0.26147766517433085,-0.24963344593678022,0.24963344593678027,0.7272165974194735,1.672933593436535,0.3157413031898251
Digits,7,Random Forest,Temperature scaled,Gaussian noise,2.0,0.21199969944359098,360,0.5111111111111111,0.7078807753527211,0.19676966424161002,0.19935982112635975,0.683492725826894,1.751745470032599,0.3031917633692026
Digits,7,Random Forest,Raw,Feature masking,0.0,0.21199969944359098,360,0.975,0.735098971583176,-0.23990102841682392,0.2435918220676176,0.13106681961263916,0.3590510736570187,0.0006713124941050783
Digits,7,Random Forest,Temperature scaled,Feature masking,0.0,0.21199969944359098,360,0.975,0.9807367024811467,0.0057367024811467715,0.015915467799557683,0.03367626281599681,0.07983287663321038,0.0006786057468693926
Digits,7,Random Forest,Raw,Feature masking,0.1,0.21199969944359098,360,0.95,0.6351013276843555,-0.3148986723156445,0.31489867231564467,0.21742385299348752,0.5326109688649414,0.0032699871261788363
Digits,7,Random Forest,Temperature scaled,Feature masking,0.1,0.21199969944359098,360,0.95,0.9611995100814094,0.011199510081409403,0.0227687845971366,0.07664965539401893,0.16325856924336737,0.004102749874394201
Digits,7,Random Forest,Raw,Feature masking,0.2,0.21199969944359098,360,0.9333333333333333,0.5441950376474195,-0.38913829568591385,0.39224369251131064,0.29580309008116573,0.686958569852073,0.006890728028621385
Digits,7,Random Forest,Temperature scaled,Feature masking,0.2,0.21199969944359098,360,0.9333333333333333,0.9412618910104316,0.007928557677098214,0.026625732803816384,0.0929108119702762,0.18401872009024542,0.006221504197840291
Digits,7,Random Forest,Raw,Feature masking,0.3,0.21199969944359098,360,0.8694444444444445,0.45946921017250003,-0.40997523427194443,0.4099752342719444,0.4031489774633025,0.8924680964643505,0.02993806536389996
Digits,7,Random Forest,Temperature scaled,Feature masking,0.3,0.21199969944359098,360,0.8694444444444445,0.8974543751603181,0.028009930715873654,0.04379659541672955,0.1901046618965003,0.3909307524622373,0.029815672009840595
Digits,7,Random Forest,Raw,Feature masking,0.4,0.21199969944359098,360,0.7638888888888888,0.4075616809116699,-0.35632720797721895,0.35632720797721895,0.48936697966907194,1.0656087384669446,0.0843513222159215
Digits,7,Random Forest,Temperature scaled,Feature masking,0.4,0.21199969944359098,360,0.7638888888888888,0.8565273048026225,0.09263841591373367,0.09331437980269915,0.3374192672580678,0.6843302077888938,0.07833885914310791
Digits,7,Random Forest,Raw,Feature masking,0.5,0.21199969944359098,360,0.6361111111111111,0.36192738841405087,-0.2741837226970602,0.27418372269706026,0.588264195182692,1.2810701456739335,0.17959441803525283
Digits,7,Random Forest,Temperature scaled,Feature masking,0.5,0.21199969944359098,360,0.6361111111111111,0.8356223258160117,0.19951121470490063,0.20726573252835018,0.5656433153403404,1.2374109123245907,0.2002941019296738
Digits,7,Gradient Boosting,Raw,Gaussian noise,0.0,0.8466058217496742,360,0.9722222222222222,0.9602065542837851,-0.012015667938437113,0.02269928079094803,0.04034519696998162,0.08990047916296007,0.0008147813172880741
Digits,7,Gradient Boosting,Temperature scaled,Gaussian noise,0.0,0.8466058217496742,360,0.9722222222222222,0.9693980304622203,-0.002824191760001926,0.019389246298333367,0.03992413710761382,0.08450896360304046,0.0007899355785511403
Digits,7,Gradient Boosting,Raw,Gaussian noise,0.25,0.8466058217496742,360,0.9444444444444444,0.9246099688371591,-0.01983447560728535,0.028578573804244632,0.08870398832839704,0.1860452928710767,0.005441330381303533
Digits,7,Gradient Boosting,Temperature scaled,Gaussian noise,0.25,0.8466058217496742,360,0.9444444444444444,0.943301647325589,-0.0011427971188554542,0.019249120571585437,0.08779013017847397,0.17878780681977094,0.005469617390836734
Digits,7,Gradient Boosting,Raw,Gaussian noise,0.5,0.8466058217496742,360,0.8833333333333333,0.8511922774078401,-0.03214105592549321,0.06332609080681975,0.1801529908443355,0.3884914939652516,0.02700867521211446
Digits,7,Gradient Boosting,Temperature scaled,Gaussian noise,0.5,0.8466058217496742,360,0.8833333333333333,0.8820384876174829,-0.001294845715850368,0.04816077744998956,0.17728945795575463,0.3799373875308352,0.026740630982441282
Digits,7,Gradient Boosting,Raw,Gaussian noise,1.0,0.8466058217496742,360,0.6888888888888889,0.731866781690695,0.042977892801806084,0.06912431945595955,0.4253490909017106,0.9414208218520479,0.1237140620296322
Digits,7,Gradient Boosting,Temperature scaled,Gaussian noise,1.0,0.8466058217496742,360,0.6888888888888889,0.7753817439569676,0.08649285506807869,0.09331926288854223,0.4318053808082717,0.9741574270259818,0.1230250181554409
Digits,7,Gradient Boosting,Raw,Gaussian noise,1.5,0.8466058217496742,360,0.5361111111111111,0.6490136326689697,0.11290252155785863,0.11652751139923513,0.6267239264687609,1.4269104116934714,0.28599640006112714
Digits,7,Gradient Boosting,Temperature scaled,Gaussian noise,1.5,0.8466058217496742,360,0.5361111111111111,0.6992024247653468,0.16309131365423568,0.1675180363770599,0.6462708720841047,1.5086750247508394,0.2850683922163778
Digits,7,Gradient Boosting,Raw,Gaussian noise,2.0,0.8466058217496742,360,0.39166666666666666,0.6086113860773174,0.2169447194106507,0.21694471941065074,0.8127497691400359,1.9628698772820845,0.4641922548714392
Digits,7,Gradient Boosting,Temperature scaled,Gaussian noise,2.0,0.8466058217496742,360,0.39166666666666666,0.663480899930734,0.27181423326406734,0.27181423326406734,0.8474394973742941,2.1202889403845475,0.4662427989610226
Digits,7,Gradient Boosting,Raw,Feature masking,0.0,0.8466058217496742,360,0.9722222222222222,0.9602065542837851,-0.012015667938437113,0.02269928079094803,0.04034519696998162,0.08990047916296007,0.0008147813172880741
Digits,7,Gradient Boosting,Temperature scaled,Feature masking,0.0,0.8466058217496742,360,0.9722222222222222,0.9693980304622203,-0.002824191760001926,0.019389246298333367,0.03992413710761382,0.08450896360304046,0.0007899355785511403
Digits,7,Gradient Boosting,Raw,Feature masking,0.1,0.8466058217496742,360,0.9333333333333333,0.9160822148016553,-0.017251118531678045,0.02773029685288746,0.11170537120231157,0.2452538680416043,0.009207527900177955
Digits,7,Gradient Boosting,Temperature scaled,Feature masking,0.1,0.8466058217496742,360,0.9333333333333333,0.9355684541228755,0.0022351207895421332,0.023842529304238778,0.11063650459223918,0.24442683514272928,0.00904001623605468
Digits,7,Gradient Boosting,Raw,Feature masking,0.2,0.8466058217496742,360,0.8944444444444445,0.8655685973419821,-0.028875847102462382,0.060410776571780664,0.14619963998607918,0.31178193150540656,0.015610174107554638
Digits,7,Gradient Boosting,Temperature scaled,Feature masking,0.2,0.8466058217496742,360,0.8944444444444445,0.8925041417052729,-0.0019403027391715622,0.032224865279683,0.1427527792864856,0.29739519708308454,0.015331717304802919
Digits,7,Gradient Boosting,Raw,Feature masking,0.3,0.8466058217496742,360,0.8083333333333333,0.7970701444521069,-0.01126318888122646,0.04673506832775218,0.2713503429294837,0.5814356235497699,0.04747726297077313
Digits,7,Gradient Boosting,Temperature scaled,Feature masking,0.3,0.8466058217496742,360,0.8083333333333333,0.833075760162268,0.024742426828934683,0.04209112579539826,0.2720023924495808,0.5819056266786009,0.04716862014935895
Digits,7,Gradient Boosting,Raw,Feature masking,0.4,0.8466058217496742,360,0.6944444444444444,0.7351502537705096,0.04070580932606516,0.08228970292136825,0.4172067968175679,0.8977705633392469,0.12354625513223431
Digits,7,Gradient Boosting,Temperature scaled,Feature masking,0.4,0.8466058217496742,360,0.6944444444444444,0.7797563793675139,0.08531193492306943,0.08558900343315498,0.4249229844576668,0.9233688736974086,0.12341756524321888
Digits,7,Gradient Boosting,Raw,Feature masking,0.5,0.8466058217496742,360,0.5944444444444444,0.7013400370098499,0.10689559256540548,0.12260540460397344,0.5348309776785916,1.1876194455094518,0.20364374295888155
Digits,7,Gradient Boosting,Temperature scaled,Feature masking,0.5,0.8466058217496742,360,0.5944444444444444,0.7508974035410285,0.15645295909658408,0.15679820505984685,0.5516782779971927,1.2476046773705187,0.20419221165320728
Digits,8,Logistic Regression,Raw,Gaussian noise,0.0,0.8535795283715506,360,0.9694444444444444,0.9375465018828331,-0.03189794256161138,0.03707737359655294,0.04695263175869416,0.09451049342797453,0.001161790529647827
Digits,8,Logistic Regression,Temperature scaled,Gaussian noise,0.0,0.8535795283715506,360,0.9694444444444444,0.9490187125015785,-0.0204257319428659,0.022888932172056526,0.0438514384172242,0.08267746041616175,0.001201583192225588
Digits,8,Logistic Regression,Raw,Gaussian noise,0.25,0.8535795283715506,360,0.9527777777777777,0.9347468650994475,-0.018030912678330235,0.0324432357329325,0.06440237258673179,0.1195694830398336,0.0028563848183193936
Digits,8,Logistic Regression,Temperature scaled,Gaussian noise,0.25,0.8535795283715506,360,0.9527777777777777,0.9469521122569984,-0.005825665520779344,0.030844935781731118,0.06340476648092438,0.11033682332181721,0.002823828038499984
Digits,8,Logistic Regression,Raw,Gaussian noise,0.5,0.8535795283715506,360,0.9166666666666666,0.9192562460695552,0.00258957940288862,0.024598096783265144,0.1128985073483272,0.2213538588827345,0.012747180168243617
Digits,8,Logistic Regression,Temperature scaled,Gaussian noise,0.5,0.8535795283715506,360,0.9166666666666666,0.9329149708904939,0.01624830422382728,0.03591471310473114,0.11270020078575074,0.22471405120031532,0.012769754768135065
Digits,8,Logistic Regression,Raw,Gaussian noise,1.0,0.8535795283715506,360,0.775,0.882745974873376,0.107745974873376,0.11623252490595155,0.3595865661731449,0.8106307135934979,0.08960272231210192
Digits,8,Logistic Regression,Temperature scaled,Gaussian noise,1.0,0.8535795283715506,360,0.775,0.9019532793420397,0.1269532793420397,0.1401550092199101,0.36921197394400035,0.8997181232052842,0.09002625561316598
Digits,8,Logistic Regression,Raw,Gaussian noise,1.5,0.8535795283715506,360,0.6361111111111111,0.8545401245533093,0.21842901344219823,0.23171456365451915,0.6050429948166847,1.7521823559418295,0.24513188504177846
Digits,8,Logistic Regression,Temperature scaled,Gaussian noise,1.5,0.8535795283715506,360,0.6361111111111111,0.874737025739734,0.23862591462862293,0.25923548961990994,0.618745338319587,1.9943769903979462,0.2453924798809829
Digits,8,Logistic Regression,Raw,Gaussian noise,2.0,0.8535795283715506,360,0.4861111111111111,0.8599717121200278,0.37386060100891666,0.37386060100891666,0.8415721603944692,3.2845531920157787,0.3746502909312455
Digits,8,Logistic Regression,Temperature scaled,Gaussian noise,2.0,0.8535795283715506,360,0.4861111111111111,0.878361205381481,0.3922500942703699,0.39225009427036983,0.861753654765708,3.770595251113995,0.3746086683798695
Digits,8,Logistic Regression,Raw,Feature masking,0.0,0.8535795283715506,360,0.9694444444444444,0.9375465018828331,-0.03189794256161138,0.03707737359655294,0.04695263175869416,0.09451049342797453,0.001161790529647827
Digits,8,Logistic Regression,Temperature scaled,Feature masking,0.0,0.8535795283715506,360,0.9694444444444444,0.9490187125015785,-0.0204257319428659,0.022888932172056526,0.0438514384172242,0.08267746041616175,0.001201583192225588
Digits,8,Logistic Regression,Raw,Feature masking,0.1,0.8535795283715506,360,0.9472222222222222,0.9113691857916909,-0.03585303643053128,0.038965169909746404,0.07808206948189045,0.15593273055976117,0.0035131724164702634
Digits,8,Logistic Regression,Temperature scaled,Feature masking,0.1,0.8535795283715506,360,0.9472222222222222,0.9277333233294668,-0.019488898892755402,0.03040443203432084,0.07461774008860685,0.14284289043970091,0.003438205704899382
Digits,8,Logistic Regression,Raw,Feature masking,0.2,0.8535795283715506,360,0.925,0.8835483808817511,-0.041451619118248906,0.04463013362948826,0.11751597239710156,0.250355948137298,0.011075606468240318
Digits,8,Logistic Regression,Temperature scaled,Feature masking,0.2,0.8535795283715506,360,0.925,0.9048767213531496,-0.020123278646850484,0.03587124187658435,0.11386156575433556,0.24022850612319677,0.011176667181002674
Digits,8,Logistic Regression,Raw,Feature masking,0.3,0.8535795283715506,360,0.8694444444444445,0.8455318899407958,-0.02391255450364871,0.06027990861350681,0.17786993031167328,0.3549041107592098,0.021418111771387364
Digits,8,Logistic Regression,Temperature scaled,Feature masking,0.3,0.8535795283715506,360,0.8694444444444445,0.8738961926637967,0.004451748219352236,0.03766655872648259,0.17672845820478778,0.3442365576215273,0.021544302501729878
Digits,8,Logistic Regression,Raw,Feature masking,0.4,0.8535795283715506,360,0.8388888888888889,0.7968949785865553,-0.04199391030233357,0.058315362155876696,0.2430293401615021,0.49817621157300906,0.046035846530563536
Digits,8,Logistic Regression,Temperature scaled,Feature masking,0.4,0.8535795283715506,360,0.8388888888888889,0.8291589771121376,-0.00972991177675131,0.03572068067277797,0.2400046597942836,0.49154055447008443,0.04640674900938463
Digits,8,Logistic Regression,Raw,Feature masking,0.5,0.8535795283715506,360,0.7805555555555556,0.7189714945354558,-0.06158406102009972,0.07011137403791691,0.33606283035362544,0.6805401517785659,0.09362562827126024
Digits,8,Logistic Regression,Temperature scaled,Feature masking,0.5,0.8535795283715506,360,0.7805555555555556,0.7610147910132196,-0.019540764542335998,0.057920997641824165,0.3309012368950499,0.6685676983596847,0.09328607752766346
Digits,8,Random Forest,Raw,Gaussian noise,0.0,0.2522542997842507,360,0.9666666666666667,0.7192690696641393,-0.2473975970025274,0.2514165917115223,0.14519609733731872,0.38096379713063855,0.0010901921090622465
Digits,8,Random Forest,Temperature scaled,Gaussian noise,0.0,0.2522542997842507,360,0.9666666666666667,0.9725623935099921,0.0058957268433253995,0.021232832311287402,0.03620439610715497,0.06061124094601859,0.0008097737383704119
Digits,8,Random Forest,Raw,Gaussian noise,0.25,0.2522542997842507,360,0.9555555555555556,0.5971144051625863,-0.3584411503929693,0.3595441662659852,0.23930644538453102,0.5782207875099856,0.00265280747189816
Digits,8,Random Forest,Temperature scaled,Gaussian noise,0.25,0.2522542997842507,360,0.9555555555555556,0.9476850538304985,-0.0078705017250571,0.022369402597111527,0.05706600314016287,0.10640448755838684,0.002163269735405471
Digits,8,Random Forest,Raw,Gaussian noise,0.5,0.2522542997842507,360,0.9444444444444444,0.5099150480999926,-0.43452939634445187,0.4345293963444518,0.3255680832896512,0.7469372594417643,0.008679674116756485
Digits,8,Random Forest,Temperature scaled,Gaussian noise,0.5,0.2522542997842507,360,0.9444444444444444,0.920161871792868,-0.024282572651576406,0.05221034299549106,0.07771688503039842,0.15638072473841502,0.00418922304305423
Digits,8,Random Forest,Raw,Gaussian noise,1.0,0.2522542997842507,360,0.7805555555555556,0.35804570546736325,-0.4225098500881923,0.4225098500881923,0.5383925093267723,1.1838587609220521,0.07927966129684054
Digits,8,Random Forest,Temperature scaled,Gaussian noise,1.0,0.2522542997842507,360,0.7805555555555556,0.815775850162293,0.03522029460673748,0.04854838925070632,0.3087896591390636,0.6405422267054844,0.07313401990652277
Digits,8,Random Forest,Raw,Gaussian noise,1.5,0.2522542997842507,360,0.6555555555555556,0.29645175485008596,-0.3591038007054696,0.3591038007054696,0.6462040794939782,1.4434309871140205,0.1690050080960394
Digits,8,Random Forest,Temperature scaled,Gaussian noise,1.5,0.2522542997842507,360,0.6555555555555556,0.7270720534879609,0.07151649793240533,0.08664294163608235,0.49092134811401866,1.0894225354874116,0.1598409323774333
Digits,8,Random Forest,Raw,Gaussian noise,2.0,0.2522542997842507,360,0.5194444444444445,0.2582706501523168,-0.26117379429212767,0.2611737942921276,0.7299094506386331,1.670322584840889,0.3113174120690389
Digits,8,Random Forest,Temperature scaled,Gaussian noise,2.0,0.2522542997842507,360,0.5194444444444445,0.6464701166042971,0.1270256721598526,0.1427074130697089,0.6740543996502186,1.589955070792186,0.3169835466151214
Digits,8,Random Forest,Raw,Feature masking,0.0,0.2522542997842507,360,0.9666666666666667,0.7192690696641393,-0.2473975970025274,0.2514165917115223,0.14519609733731872,0.38096379713063855,0.0010901921090622465
Digits,8,Random Forest,Temperature scaled,Feature masking,0.0,0.2522542997842507,360,0.9666666666666667,0.9725623935099921,0.0058957268433253995,0.021232832311287402,0.03620439610715497,0.06061124094601859,0.0008097737383704119
Digits,8,Random Forest,Raw,Feature masking,0.1,0.2522542997842507,360,0.9555555555555556,0.6159436992942877,-0.3396118562612679,0.3396118562612679,0.22805553784068272,0.5527134505190909,0.003232713750495449
Digits,8,Random Forest,Temperature scaled,Feature masking,0.1,0.2522542997842507,360,0.9555555555555556,0.954491202497462,-0.0010643530580936034,0.02388317806147089,0.06263326968145298,0.1147591911357522,0.002799251224722871
Digits,8,Random Forest,Raw,Feature masking,0.2,0.2522542997842507,360,0.9083333333333333,0.528073519720945,-0.38025981361238836,0.3802598136123884,0.3242293165441135,0.7394638092586787,0.01954334769124746
Digits,8,Random Forest,Temperature scaled,Feature masking,0.2,0.2522542997842507,360,0.9083333333333333,0.9198169201582005,0.011483586824867165,0.03089199976441748,0.13452537241917498,0.25791771658070173,0.015713641984287444
Digits,8,Random Forest,Raw,Feature masking,0.3,0.2522542997842507,360,0.8416666666666667,0.4513558076799251,-0.39031085898674156,0.39031085898674167,0.41972897649042534,0.9217748609904982,0.040309395777839784
Digits,8,Random Forest,Temperature scaled,Feature masking,0.3,0.2522542997842507,360,0.8416666666666667,0.8611073125838128,0.019440645917146115,0.03946633731614237,0.22044837533316297,0.40492635311762165,0.03450555584411449
Digits,8,Random Forest,Raw,Feature masking,0.4,0.2522542997842507,360,0.7305555555555555,0.40701793249958185,-0.32353762305597367,0.3264292632676138,0.49509623266987146,1.0824108026768005,0.09092284352158636
Digits,8,Random Forest,Temperature scaled,Feature masking,0.4,0.2522542997842507,360,0.7305555555555555,0.8349711767045128,0.1044156211489573,0.10495258602303961,0.3626982308900707,0.6780211286566119,0.08932383191450108
Digits,8,Random Forest,Raw,Feature masking,0.5,0.2522542997842507,360,0.6194444444444445,0.3505000861792406,-0.26894435826520385,0.26894435826520385,0.6025609396346493,1.3165670278068204,0.20569004195648136
Digits,8,Random Forest,Temperature scaled,Feature masking,0.5,0.2522542997842507,360,0.6194444444444445,0.7873519834184637,0.16790753897401922,0.19190056405059686,0.5493603524070573,1.1269722389629104,0.2085508837097479
Digits,8,Gradient Boosting,Raw,Gaussian noise,0.0,0.8211408122938426,360,0.9777777777777777,0.9473619933336209,-0.030415784444156824,0.03186661298893278,0.03941046086746638,0.08327086716501983,0.0007968754920964738
Digits,8,Gradient Boosting,Temperature scaled,Gaussian noise,0.0,0.8211408122938426,360,0.9777777777777777,0.9597675454157149,-0.018010232362062895,0.0212332094702264,0.03606186650267045,0.06992421463528818,0.0008040624488048402
Digits,8,Gradient Boosting,Raw,Gaussian noise,0.25,0.8211408122938426,360,0.9527777777777777,0.919884231905671,-0.03289354587210669,0.03537436249097537,0.07067771133713005,0.1533933510752996,0.0028622183269443042
Digits,8,Gradient Boosting,Temperature scaled,Gaussian noise,0.25,0.8211408122938426,360,0.9527777777777777,0.9413662202697543,-0.011411557508023473,0.026902384473825623,0.06746865852638946,0.13638254328187038,0.002778737739527646
Digits,8,Gradient Boosting,Raw,Gaussian noise,0.5,0.8211408122938426,360,0.9111111111111111,0.8572531119611128,-0.05385799914999834,0.05814101360449278,0.13688581150173487,0.2884700869355315,0.011918583305606887
Digits,8,Gradient Boosting,Temperature scaled,Gaussian noise,0.5,0.8211408122938426,360,0.9111111111111111,0.8883753730933247,-0.02273573801778639,0.02755781779952167,0.13115879310721096,0.2638542686926314,0.011772505432886956
Digits,8,Gradient Boosting,Raw,Gaussian noise,1.0,0.8211408122938426,360,0.6888888888888889,0.7247457454138474,0.035856856524958514,0.08316383744220672,0.45088982400447436,0.9467249408416115,0.14026602132827823
Digits,8,Gradient Boosting,Temperature scaled,Gaussian noise,1.0,0.8211408122938426,360,0.6888888888888889,0.7760292894565077,0.08714040056761885,0.12473563057441718,0.46517157194762154,0.9877695869540326,0.14074769358858982
Digits,8,Gradient Boosting,Raw,Gaussian noise,1.5,0.8211408122938426,360,0.5555555555555556,0.6650691227966083,0.10951356724105277,0.15274145777381382,0.6396569686473652,1.4688801155854063,0.2827463192807669
Digits,8,Gradient Boosting,Temperature scaled,Gaussian noise,1.5,0.8211408122938426,360,0.5555555555555556,0.7234232669394501,0.16786771138389456,0.1943533627814244,0.6634930922620479,1.5875085412690244,0.28374390384304193
Digits,8,Gradient Boosting,Raw,Gaussian noise,2.0,0.8211408122938426,360,0.36944444444444446,0.5998213391244724,0.23037689468002798,0.2310913982248362,0.8166363970086605,1.9425490332792124,0.4913320961350613
Digits,8,Gradient Boosting,Temperature scaled,Gaussian noise,2.0,0.8211408122938426,360,0.36944444444444446,0.6627754155924603,0.2933309711480159,0.30316637538707136,0.8580098545666007,2.1274699891792777,0.49083944232975724
Digits,8,Gradient Boosting,Raw,Feature masking,0.0,0.8211408122938426,360,0.9777777777777777,0.9473619933336209,-0.030415784444156824,0.03186661298893278,0.03941046086746638,0.08327086716501983,0.0007968754920964738
Digits,8,Gradient Boosting,Temperature scaled,Feature masking,0.0,0.8211408122938426,360,0.9777777777777777,0.9597675454157149,-0.018010232362062895,0.0212332094702264,0.03606186650267045,0.06992421463528818,0.0008040624488048402
Digits,8,Gradient Boosting,Raw,Feature masking,0.1,0.8211408122938426,360,0.9333333333333333,0.9002970519206135,-0.03303628141271986,0.03885210960199565,0.10651317208194619,0.2151963609797828,0.007847978621050678
Digits,8,Gradient Boosting,Temperature scaled,Feature masking,0.1,0.8211408122938426,360,0.9333333333333333,0.9243281027436387,-0.009005230589694602,0.034342112377529585,0.10375916740457991,0.20044229872716132,0.007584702861429439
Digits,8,Gradient Boosting,Raw,Feature masking,0.2,0.8211408122938426,360,0.9,0.8568981739526627,-0.043101826047337366,0.06156011699158002,0.1718299693614029,0.36803934579552655,0.023112881605012403
Digits,8,Gradient Boosting,Temperature scaled,Feature masking,0.2,0.8211408122938426,360,0.9,0.8904258574265258,-0.00957414257347422,0.05443779518827965,0.1676059135507393,0.3584615692595394,0.022898740630833796
Digits,8,Gradient Boosting,Raw,Feature masking,0.3,0.8211408122938426,360,0.7972222222222223,0.7838002360587979,-0.013421986163424382,0.0428132612222856,0.3029129257609914,0.6391633292772058,0.06493953785380947
Digits,8,Gradient Boosting,Temperature scaled,Feature masking,0.3,0.8211408122938426,360,0.7972222222222223,0.8278830794192544,0.030660857197032154,0.07508754006211207,0.3039530443143406,0.6469253268195778,0.06462858965969848
Digits,8,Gradient Boosting,Raw,Feature masking,0.4,0.8211408122938426,360,0.7194444444444444,0.7379215155863329,0.018477071141888457,0.06402010577202198,0.39121351045665836,0.8750133691149569,0.1159027019981888
Digits,8,Gradient Boosting,Temperature scaled,Feature masking,0.4,0.8211408122938426,360,0.7194444444444444,0.7846015613108894,0.06515711686644499,0.08047614347447199,0.3945525770180355,0.9075375832788494,0.11564231799093476
Digits,8,Gradient Boosting,Raw,Feature masking,0.5,0.8211408122938426,360,0.6277777777777778,0.6685371253413248,0.040759347563547044,0.09938547117185866,0.5145207207117497,1.12809152638587,0.2059668772432513
Digits,8,Gradient Boosting,Temperature scaled,Feature masking,0.5,0.8211408122938426,360,0.6277777777777778,0.727615734004096,0.09983795622631819,0.13184540992413485,0.5227439329884359,1.1685420128957693,0.20359058616673908
Digits,9,Logistic Regression,Raw,Gaussian noise,0.0,0.7432340969822628,360,0.9666666666666667,0.9549267564062315,-0.011739910260435193,0.025632115078977405,0.05009384062536014,0.11074449321216188,0.0016179020720751415
Digits,9,Logistic Regression,Temperature scaled,Gaussian noise,0.0,0.7432340969822628,360,0.9666666666666667,0.9729393803107267,0.006272713644060013,0.018778304286823852,0.05012555221788744,0.10953981573389265,0.0017394960191368064
Digits,9,Logistic Regression,Raw,Gaussian noise,0.25,0.7432340969822628,360,0.9611111111111111,0.9467620022685468,-0.014349108842564351,0.02274518448903973,0.06066729080793937,0.13353334049804802,0.0026117076943317926
Digits,9,Logistic Regression,Temperature scaled,Gaussian noise,0.25,0.7432340969822628,360,0.9611111111111111,0.9675094631663209,0.006398352055209777,0.01114150583022557,0.06024443567635154,0.1331109073108992,0.002709855582096735
Digits,9,Logistic Regression,Raw,Gaussian noise,0.5,0.7432340969822628,360,0.9027777777777778,0.9207130107145572,0.017935232936779455,0.03573718599454209,0.14442543572638392,0.2754500505378764,0.012752041219754722
Digits,9,Logistic Regression,Temperature scaled,Gaussian noise,0.5,0.7432340969822628,360,0.9027777777777778,0.9462249327355099,0.043447154957732104,0.04861036098118944,0.15197655240038596,0.30422673694468877,0.012961381673525459
Digits,9,Logistic Regression,Raw,Gaussian noise,1.0,0.7432340969822628,360,0.7638888888888888,0.8759903418575877,0.11210145296869889,0.11697848727079663,0.3737497270244612,0.8975674529442716,0.10639217675721185
Digits,9,Logistic Regression,Temperature scaled,Gaussian noise,1.0,0.7432340969822628,360,0.7638888888888888,0.910288485263783,0.1463995963748942,0.14639959637489414,0.38993932479097504,1.1098308013539215,0.10674406039240678
Digits,9,Logistic Regression,Raw,Gaussian noise,1.5,0.7432340969822628,360,0.6111111111111112,0.8680369328720583,0.25692582176094714,0.25692582176094725,0.6239699045772643,1.8118968129236939,0.22597190723917768
Digits,9,Logistic Regression,Temperature scaled,Gaussian noise,1.5,0.7432340969822628,360,0.6111111111111112,0.9043145134476652,0.29320340233655406,0.29320340233655406,0.6581779874095374,2.3340981747893594,0.22801896171772104
Digits,9,Logistic Regression,Raw,Gaussian noise,2.0,0.7432340969822628,360,0.4722222222222222,0.8667021866831274,0.39447996446090516,0.39447996446090505,0.8817800756305243,3.8115601013595306,0.3805160555621645
Digits,9,Logistic Regression,Temperature scaled,Gaussian noise,2.0,0.7432340969822628,360,0.4722222222222222,0.8997331173129927,0.42751089509077045,0.4327228009472336,0.9185750668058784,4.964673011214981,0.3813597447105985
Digits,9,Logistic Regression,Raw,Feature masking,0.0,0.7432340969822628,360,0.9666666666666667,0.9549267564062315,-0.011739910260435193,0.025632115078977405,0.05009384062536014,0.11074449321216188,0.0016179020720751415
Digits,9,Logistic Regression,Temperature scaled,Feature masking,0.0,0.7432340969822628,360,0.9666666666666667,0.9729393803107267,0.006272713644060013,0.018778304286823852,0.05012555221788744,0.10953981573389265,0.0017394960191368064
Digits,9,Logistic Regression,Raw,Feature masking,0.1,0.7432340969822628,360,0.9583333333333334,0.9287064399086439,-0.029626893424689493,0.04625467103005194,0.07299594120469508,0.1632594031637956,0.004633083562798338
Digits,9,Logistic Regression,Temperature scaled,Feature masking,0.1,0.7432340969822628,360,0.9583333333333334,0.9556075219904159,-0.0027258113429174946,0.022074527929339255,0.07049106478870076,0.1574647746470786,0.004563297024396014
Digits,9,Logistic Regression,Raw,Feature masking,0.2,0.7432340969822628,360,0.9027777777777778,0.897859139205266,-0.004918638572511735,0.036848109372864375,0.14172978868552444,0.295671842587065,0.014663729811766056
Digits,9,Logistic Regression,Temperature scaled,Feature masking,0.2,0.7432340969822628,360,0.9027777777777778,0.9326039717505172,0.029826193972739445,0.042782455888810744,0.14413872003403605,0.3093597292609436,0.01500480811945995
Digits,9,Logistic Regression,Raw,Feature masking,0.3,0.7432340969822628,360,0.9027777777777778,0.8591958186809415,-0.043581959096836265,0.04584116688729253,0.16349075941019753,0.3536014579310416,0.01851106240086456
Digits,9,Logistic Regression,Temperature scaled,Feature masking,0.3,0.7432340969822628,360,0.9027777777777778,0.9043922740256565,0.0016144962478786828,0.031295766895267266,0.1604564629373496,0.3552044382780574,0.01851481510559845
Digits,9,Logistic Regression,Raw,Feature masking,0.4,0.7432340969822628,360,0.7972222222222223,0.7981804786550947,0.0009582564328723953,0.045599818108057716,0.27083017120968195,0.5451855691657119,0.05352871358767693
Digits,9,Logistic Regression,Temperature scaled,Feature masking,0.4,0.7432340969822628,360,0.7972222222222223,0.8537099167601393,0.05648769453791702,0.06303408250721186,0.277037433149036,0.5636977255328599,0.054306312237579465
Digits,9,Logistic Regression,Raw,Feature masking,0.5,0.7432340969822628,360,0.7611111111111111,0.7431241649104356,-0.017986946200675424,0.053104253423101475,0.33116997719593494,0.6901939849098694,0.09177347894031007
Digits,9,Logistic Regression,Temperature scaled,Feature masking,0.5,0.7432340969822628,360,0.7611111111111111,0.8139834666371653,0.05287235552605418,0.06920772105605051,0.33339935197558357,0.7091248455645662,0.09171256605695925
Digits,9,Random Forest,Raw,Gaussian noise,0.0,0.2617456946454152,360,0.9777777777777777,0.7373023677240803,-0.24047541005369744,0.24047541005369757,0.13392561611159087,0.36145739299337337,0.0011230766816310413
Digits,9,Random Forest,Temperature scaled,Gaussian noise,0.0,0.2617456946454152,360,0.9777777777777777,0.9786390331961884,0.0008612554184106447,0.014070144123501866,0.04013391030311462,0.09900631230077725,0.0008621407983927931
Digits,9,Random Forest,Raw,Gaussian noise,0.25,0.2617456946454152,360,0.9527777777777777,0.6073689770721248,-0.34540880070565294,0.34662015873034435,0.23221523485340437,0.5701789385379634,0.004252886624029804
Digits,9,Random Forest,Temperature scaled,Gaussian noise,0.25,0.2617456946454152,360,0.9527777777777777,0.9623042780941656,0.00952650031638791,0.01787890883402885,0.0637328201904889,0.1536007037493889,0.0035827843231403247
Digits,9,Random Forest,Raw,Gaussian noise,0.5,0.2617456946454152,360,0.9444444444444444,0.4970148629148099,-0.4474295815296345,0.4474295815296345,0.3464573864856324,0.7915950866133667,0.010064616922932474
Digits,9,Random Forest,Temperature scaled,Gaussian noise,0.5,0.2617456946454152,360,0.9444444444444444,0.9118863124174191,-0.03255813202702529,0.06104149346678189,0.11318128978683552,0.24505434024879677,0.010145440147850642
Digits,9,Random Forest,Raw,Gaussian noise,1.0,0.2617456946454152,360,0.775,0.3545872534872487,-0.42041274651275135,0.4211375613275661,0.5409567107820733,1.1862133905283274,0.08419742739918187
Digits,9,Random Forest,Temperature scaled,Gaussian noise,1.0,0.2617456946454152,360,0.775,0.7994537284549755,0.02445372845497551,0.04503144529484812,0.3082915946409905,0.6219837140878438,0.07207504427901908
Digits,9,Random Forest,Raw,Gaussian noise,1.5,0.2617456946454152,360,0.6111111111111112,0.2848045057720058,-0.3263066053391054,0.3263066053391053,0.6705897383284746,1.5053754960804673,0.21497304319744834
Digits,9,Random Forest,Temperature scaled,Gaussian noise,1.5,0.2617456946454152,360,0.6111111111111112,0.6907784392211588,0.07966732811004762,0.09641870413923943,0.5385743559190972,1.1809541366014986,0.21513566985256477
Digits,9,Random Forest,Raw,Gaussian noise,2.0,0.2617456946454152,360,0.4722222222222222,0.262946402116399,-0.20927582010582318,0.2092758201058232,0.741590533000491,1.7123478008356292,0.3659542947472436
Digits,9,Random Forest,Temperature scaled,Gaussian noise,2.0,0.2617456946454152,360,0.4722222222222222,0.651123658280192,0.17890143605796982,0.17919806270918884,0.7282903010469854,1.7651526470091095,0.37273094304610455
Digits,9,Random Forest,Raw,Feature masking,0.0,0.2617456946454152,360,0.9777777777777777,0.7373023677240803,-0.24047541005369744,0.24047541005369757,0.13392561611159087,0.36145739299337337,0.0011230766816310413
Digits,9,Random Forest,Temperature scaled,Feature masking,0.0,0.2617456946454152,360,0.9777777777777777,0.9786390331961884,0.0008612554184106447,0.014070144123501866,0.04013391030311461,0.09900631230077724,0.0008621407983927931
Digits,9,Random Forest,Raw,Feature masking,0.1,0.2617456946454152,360,0.9777777777777777,0.6261111988934724,-0.3516665788843053,0.3516665788843053,0.21637695902893886,0.5344759230457651,0.0028737392205128434
Digits,9,Random Forest,Temperature scaled,Feature masking,0.1,0.2617456946454152,360,0.9777777777777777,0.9654474305229483,-0.012330347254829399,0.01766899314482273,0.04370479610063245,0.12164532391323737,0.00311756989504845
Digits,9,Random Forest,Raw,Feature masking,0.2,0.2617456946454152,360,0.9166666666666666,0.5334796160011948,-0.3831870506654719,0.383187050665472,0.31575269403070316,0.7288907621310163,0.014769165660087197
Digits,9,Random Forest,Temperature scaled,Feature masking,0.2,0.2617456946454152,360,0.9166666666666666,0.9220953967267952,0.0054287300601285615,0.036495031670110874,0.11958207327487726,0.25664103443009917,0.01144154220162041
Digits,9,Random Forest,Raw,Feature masking,0.3,0.2617456946454152,360,0.8833333333333333,0.4674970811286998,-0.4158362522046335,0.41583625220463344,0.39509897658506204,0.8859142532873808,0.027208502346626497
Digits,9,Random Forest,Temperature scaled,Feature masking,0.3,0.2617456946454152,360,0.8833333333333333,0.8899385381322514,0.0066052047989181295,0.0528836532739798,0.18172524859641048,0.3838912227723246,0.023198426117919245
Digits,9,Random Forest,Raw,Feature masking,0.4,0.2617456946454152,360,0.7861111111111111,0.4031844592752851,-0.38292665183582597,0.3829266518358259,0.49585866735686057,1.0925587986810625,0.07001656052254689
Digits,9,Random Forest,Temperature scaled,Feature masking,0.4,0.2617456946454152,360,0.7861111111111111,0.8311321328745612,0.04502102176345013,0.061346976058705455,0.3268896116767526,0.6824202919731618,0.076259491350846
Digits,9,Random Forest,Raw,Feature masking,0.5,0.2617456946454152,360,0.6333333333333333,0.3512455371171986,-0.2820877962161347,0.28321419833253686,0.590502305759206,1.2913319380882475,0.17459032586769102
Digits,9,Random Forest,Temperature scaled,Feature masking,0.5,0.2617456946454152,360,0.6333333333333333,0.7855692306074858,0.15223589727415254,0.15223589727415257,0.5095738604449704,1.0112752128153408,0.1804496320217979
Digits,9,Gradient Boosting,Raw,Gaussian noise,0.0,0.8924261833529066,360,0.9638888888888889,0.9633011944108928,-0.0005876944779961146,0.015253014137041375,0.04937223257124394,0.11285163759370975,0.0013360798290996895
Digits,9,Gradient Boosting,Temperature scaled,Gaussian noise,0.0,0.8924261833529066,360,0.9638888888888889,0.9700746034934645,0.006185714604575621,0.01296811483695842,0.049602769071573245,0.11260934130462498,0.0013199006936922301
Digits,9,Gradient Boosting,Raw,Gaussian noise,0.25,0.8924261833529066,360,0.9527777777777777,0.9311276049659912,-0.021650172811786494,0.02715109814201357,0.0800026425113513,0.18587796167353005,0.005651193880506809
Digits,9,Gradient Boosting,Temperature scaled,Gaussian noise,0.25,0.8924261833529066,360,0.9527777777777777,0.9441727770709336,-0.008605000706844113,0.024926233585363656,0.0783243016550433,0.1817569847702493,0.0055881992866482965
Digits,9,Gradient Boosting,Raw,Gaussian noise,0.5,0.8924261833529066,360,0.8694444444444445,0.849364510718477,-0.020079933725967503,0.048374692279791257,0.19357634854806435,0.4356884778036196,0.02972522991032902
Digits,9,Gradient Boosting,Temperature scaled,Gaussian noise,0.5,0.8924261833529066,360,0.8694444444444445,0.8705059535672992,0.0010615091228547424,0.050187062534856455,0.19093928005074828,0.43327988067892026,0.029169255135565234
Digits,9,Gradient Boosting,Raw,Gaussian noise,1.0,0.8924261833529066,360,0.6555555555555556,0.7215353174765237,0.0659797619209681,0.0676567748789799,0.4709841366794106,1.0410089657237365,0.16133142878596146
Digits,9,Gradient Boosting,Temperature scaled,Gaussian noise,1.0,0.8924261833529066,360,0.6555555555555556,0.7532111322706382,0.09765557671508263,0.10055358738931819,0.47683223933815555,1.0687663141400865,0.16051219046736992
Digits,9,Gradient Boosting,Raw,Gaussian noise,1.5,0.8924261833529066,360,0.5166666666666667,0.6506088741468451,0.13394220748017838,0.1381159252064939,0.676755383911383,1.6010227854253711,0.3191741384479068
Digits,9,Gradient Boosting,Temperature scaled,Gaussian noise,1.5,0.8924261833529066,360,0.5166666666666667,0.6860421418183292,0.1693754751516625,0.18063631809884928,0.6912239661945714,1.6724916863934602,0.3189574256461028
Digits,9,Gradient Boosting,Raw,Gaussian noise,2.0,0.8924261833529066,360,0.36944444444444446,0.605571506694275,0.2361270622498305,0.2371730378050036,0.8613495519657941,2.124981708199263,0.514349246259057
Digits,9,Gradient Boosting,Temperature scaled,Gaussian noise,2.0,0.8924261833529066,360,0.36944444444444446,0.6432666787216295,0.273822234277185,0.27382223427718505,0.8861995248562813,2.246381698983901,0.5141060272129303
Digits,9,Gradient Boosting,Raw,Feature masking,0.0,0.8924261833529066,360,0.9638888888888889,0.9633011944108928,-0.0005876944779961146,0.015253014137041375,0.04937223257124394,0.11285163759370975,0.0013360798290996895
Digits,9,Gradient Boosting,Temperature scaled,Feature masking,0.0,0.8924261833529066,360,0.9638888888888889,0.9700746034934645,0.006185714604575621,0.01296811483695842,0.049602769071573245,0.11260934130462498,0.0013199006936922301
Digits,9,Gradient Boosting,Raw,Feature masking,0.1,0.8924261833529066,360,0.95,0.923401344549451,-0.026598655450548958,0.03657028791843874,0.08119212869366571,0.1929889200233794,0.004167760792725834
Digits,9,Gradient Boosting,Temperature scaled,Feature masking,0.1,0.8924261833529066,360,0.95,0.936422848504864,-0.013577151495135942,0.026303359117964793,0.07926680467065969,0.18756420117997882,0.004179259421512041
Digits,9,Gradient Boosting,Raw,Feature masking,0.2,0.8924261833529066,360,0.8861111111111111,0.8661468949328005,-0.019964216178310568,0.04965805456888342,0.20147150324205398,0.46528999740138766,0.028373135159891382
Digits,9,Gradient Boosting,Temperature scaled,Feature masking,0.2,0.8924261833529066,360,0.8861111111111111,0.8854989071360063,-0.0006122039751047526,0.05676268332493553,0.2007752561949147,0.47215327293549575,0.02819597295780913
Digits,9,Gradient Boosting,Raw,Feature masking,0.3,0.8924261833529066,360,0.8194444444444444,0.8042226665622405,-0.015221777882203913,0.05282480384548705,0.2836419159642219,0.6137728529660407,0.0553818697112847
Digits,9,Gradient Boosting,Temperature scaled,Feature masking,0.3,0.8924261833529066,360,0.8194444444444444,0.8300339502514471,0.010589505807002686,0.05601768089785685,0.2832180588134957,0.6166501453371178,0.05490516203935067
Digits,9,Gradient Boosting,Raw,Feature masking,0.4,0.8924261833529066,360,0.7194444444444444,0.7273468860008854,0.007902441556440931,0.0751199107817445,0.3999345531012167,0.8984835358471135,0.115156371331508
Digits,9,Gradient Boosting,Temperature scaled,Feature masking,0.4,0.8924261833529066,360,0.7194444444444444,0.7575065063674297,0.038062061922985224,0.0700376374116608,0.40001040617425027,0.9104130470912881,0.11393420249707203
Digits,9,Gradient Boosting,Raw,Feature masking,0.5,0.8924261833529066,360,0.6361111111111111,0.6750432376332927,0.03893212652218159,0.09910631917898322,0.5015478155505003,1.1285262743235207,0.18860612777005661
Digits,9,Gradient Boosting,Temperature scaled,Feature masking,0.5,0.8924261833529066,360,0.6361111111111111,0.7092408928362921,0.07312978172518103,0.09064928659840205,0.5050372314848287,1.1493424225584745,0.1879160026563108
Digits,10,Logistic Regression,Raw,Gaussian noise,0.0,0.8489377198366947,360,0.9583333333333334,0.9451691097890189,-0.013164223544314457,0.033364282316956095,0.06138578120774639,0.12647976714245154,0.002735189608382384
Digits,10,Logistic Regression,Temperature scaled,Gaussian noise,0.0,0.8489377198366947,360,0.9583333333333334,0.9568563845512074,-0.0014769487821260086,0.0259015962292521,0.0604949328532823,0.12232098044805076,0.002704009722212354
Digits,10,Logistic Regression,Raw,Gaussian noise,0.25,0.8489377198366947,360,0.95,0.9400873577178601,-0.009912642282139839,0.02938335762123491,0.07818020462639248,0.16365954331005853,0.004346291090751637
Digits,10,Logistic Regression,Temperature scaled,Gaussian noise,0.25,0.8489377198366947,360,0.95,0.9529738124630158,0.002973812463015868,0.024036138984028014,0.07827269333156969,0.1632438281489194,0.004346295258386911
Digits,10,Logistic Regression,Raw,Gaussian noise,0.5,0.8489377198366947,360,0.9111111111111111,0.9218795135385958,0.010768402427484669,0.03405993159274173,0.12250869733844007,0.26389664549343966,0.00912244777990933
Digits,10,Logistic Regression,Temperature scaled,Gaussian noise,0.5,0.8489377198366947,360,0.9111111111111111,0.9363537925368401,0.025242681425729052,0.03310484877013507,0.12471218159034445,0.2751255927305793,0.00922873253722834
Digits,10,Logistic Regression,Raw,Gaussian noise,1.0,0.8489377198366947,360,0.7777777777777778,0.8738916527319411,0.09611387495416335,0.09611387495416343,0.3212843205070831,0.7162573981413801,0.07220040635714506
Digits,10,Logistic Regression,Temperature scaled,Gaussian noise,1.0,0.8489377198366947,360,0.7777777777777778,0.892384419290214,0.11460664151243616,0.11460664151243623,0.32980467815135694,0.7905061521442724,0.07234805592652949
Digits,10,Logistic Regression,Raw,Gaussian noise,1.5,0.8489377198366947,360,0.6111111111111112,0.8703813962737535,0.2592702851626424,0.2592702851626425,0.6167001188835851,1.9237284635328864,0.2215353160318816
Digits,10,Logistic Regression,Temperature scaled,Gaussian noise,1.5,0.8489377198366947,360,0.6111111111111112,0.8892376056514589,0.27812649454034777,0.2781264945403479,0.6334853406298037,2.2119532116288037,0.22072212168833774
Digits,10,Logistic Regression,Raw,Gaussian noise,2.0,0.8489377198366947,360,0.4861111111111111,0.8700532834295142,0.38394217231840305,0.38394217231840283,0.8394316115996888,3.2877062756701547,0.29778541182678203
Digits,10,Logistic Regression,Temperature scaled,Gaussian noise,2.0,0.8489377198366947,360,0.4861111111111111,0.8896618542115523,0.4035507431004412,0.40355074310044126,0.8648725461283907,3.8174839687807256,0.2979012543082711
Digits,10,Logistic Regression,Raw,Feature masking,0.0,0.8489377198366947,360,0.9583333333333334,0.9451691097890189,-0.013164223544314457,0.033364282316956095,0.06138578120774639,0.12647976714245154,0.002735189608382384
Digits,10,Logistic Regression,Temperature scaled,Feature masking,0.0,0.8489377198366947,360,0.9583333333333334,0.9568563845512074,-0.0014769487821260086,0.0259015962292521,0.0604949328532823,0.12232098044805076,0.002704009722212354
Digits,10,Logistic Regression,Raw,Feature masking,0.1,0.8489377198366947,360,0.9583333333333334,0.9271086872591335,-0.031224646074199836,0.03274845937466328,0.07486414730823027,0.16664823041701898,0.00393572262228274
Digits,10,Logistic Regression,Temperature scaled,Feature masking,0.1,0.8489377198366947,360,0.9583333333333334,0.9432369795498494,-0.015096353783483951,0.019986961420350106,0.07280816953691459,0.16003106677120277,0.003944905950903105
Digits,10,Logistic Regression,Raw,Feature masking,0.2,0.8489377198366947,360,0.9194444444444444,0.8842269987632125,-0.03521744568123186,0.04990876595866951,0.1231350966314652,0.25694526637356857,0.010567799167999506
Digits,10,Logistic Regression,Temperature scaled,Feature masking,0.2,0.8489377198366947,360,0.9194444444444444,0.906640712014907,-0.012803732429537362,0.034107271794556096,0.12025648010010694,0.2478503157308263,0.010628951418426917
Digits,10,Logistic Regression,Raw,Feature masking,0.3,0.8489377198366947,360,0.875,0.8592003992660082,-0.01579960073399178,0.044683380758333544,0.17524626626091902,0.3859993793797226,0.023930558469858202
Digits,10,Logistic Regression,Temperature scaled,Feature masking,0.3,0.8489377198366947,360,0.875,0.8855187014554399,0.010518701455439872,0.036505354367346324,0.1742720940811485,0.3877445173436427,0.024203222268281623
Digits,10,Logistic Regression,Raw,Feature masking,0.4,0.8489377198366947,360,0.8388888888888889,0.8113041638806705,-0.027584725008218403,0.043464434779575185,0.23260540870073357,0.49691342641198777,0.04301999982874336
Digits,10,Logistic Regression,Temperature scaled,Feature masking,0.4,0.8489377198366947,360,0.8388888888888889,0.8462574640582918,0.0073685751694029245,0.02763675139030888,0.2308406147120476,0.4936577309276854,0.04321577450459298
Digits,10,Logistic Regression,Raw,Feature masking,0.5,0.8489377198366947,360,0.7361111111111112,0.7469574041455682,0.010846293034457055,0.04011105349820098,0.36493514281371914,0.7319165768596493,0.10441973677442351
Digits,10,Logistic Regression,Temperature scaled,Feature masking,0.5,0.8489377198366947,360,0.7361111111111112,0.789330037323139,0.05321892621202784,0.05430905366587301,0.36868813640018516,0.7409803583851682,0.10471863357939899
Digits,10,Random Forest,Raw,Gaussian noise,0.0,0.2621454417827833,360,0.9694444444444444,0.7183950025097018,-0.25104944193474266,0.2520994419347428,0.15561636861635111,0.3983753746254501,0.0019462637919359421
Digits,10,Random Forest,Temperature scaled,Gaussian noise,0.0,0.2621454417827833,360,0.9694444444444444,0.9663761326255493,-0.0030683118188951086,0.015261053467767247,0.05309593363919836,0.1118102558836002,0.001882022732476677
Digits,10,Random Forest,Raw,Gaussian noise,0.25,0.2621454417827833,360,0.9583333333333334,0.599460196513817,-0.3588731368195164,0.36103403629041575,0.24153415006652712,0.5833759679092787,0.00356715974022612
Digits,10,Random Forest,Temperature scaled,Gaussian noise,0.25,0.2621454417827833,360,0.9583333333333334,0.9433198932661482,-0.01501344006718519,0.02708210267596927,0.06633072008299493,0.1386836915514646,0.003401755167991103
Digits,10,Random Forest,Raw,Gaussian noise,0.5,0.2621454417827833,360,0.9194444444444444,0.50333927465965,-0.4161051697847944,0.4161051697847945,0.3407029911317362,0.7771099958826333,0.010288506562103193
Digits,10,Random Forest,Temperature scaled,Gaussian noise,0.5,0.2621454417827833,360,0.9194444444444444,0.9108197576812324,-0.008624686763212042,0.029601761522010397,0.12069679348227065,0.23526573008077437,0.009553289131177003
Digits,10,Random Forest,Raw,Gaussian noise,1.0,0.2621454417827833,360,0.8333333333333334,0.37517272455126655,-0.4581606087820668,0.45816060878206677,0.5162677843687918,1.1367092299836037,0.06634516815018701
Digits,10,Random Forest,Temperature scaled,Gaussian noise,1.0,0.2621454417827833,360,0.8333333333333334,0.8226362560927143,-0.01069707724061908,0.055797297055772486,0.2624447250968217,0.6105379749096956,0.061478575575573347
Digits,10,Random Forest,Raw,Gaussian noise,1.5,0.2621454417827833,360,0.6194444444444445,0.3010209630557833,-0.31842348138866117,0.31842348138866117,0.6617282140562436,1.4856525427286111,0.22599486686593023
Digits,10,Random Forest,Temperature scaled,Gaussian noise,1.5,0.2621454417827833,360,0.6194444444444445,0.727168848307979,0.10772440386353455,0.11293768107185963,0.5561797828242192,1.26661780136725,0.22319933853078908
Digits,10,Random Forest,Raw,Gaussian noise,2.0,0.2621454417827833,360,0.4583333333333333,0.26553249848105115,-0.19280083485228217,0.19280083485228222,0.738255813249716,1.7097901685350192,0.3498037937028662
Digits,10,Random Forest,Temperature scaled,Gaussian noise,2.0,0.2621454417827833,360,0.4583333333333333,0.6633353523242086,0.20500201899087528,0.2052599552269128,0.7393061629085521,1.7706795317573356,0.36244784076159986
Digits,10,Random Forest,Raw,Feature masking,0.0,0.2621454417827833,360,0.9694444444444444,0.7183950025097018,-0.25104944193474266,0.2520994419347428,0.15561636861635111,0.3983753746254501,0.0019462637919359421
Digits,10,Random Forest,Temperature scaled,Feature masking,0.0,0.2621454417827833,360,0.9694444444444444,0.9663761326255493,-0.0030683118188951086,0.015261053467767243,0.05309593363919836,0.1118102558836002,0.001882022732476677
Digits,10,Random Forest,Raw,Feature masking,0.1,0.2621454417827833,360,0.9416666666666667,0.6174734184152528,-0.3241932482514138,0.3241932482514139,0.23521808059321417,0.5650939087085802,0.004589170476797044
Digits,10,Random Forest,Temperature scaled,Feature masking,0.1,0.2621454417827833,360,0.9416666666666667,0.9406832505797483,-0.0009834160869183206,0.03043835971111181,0.08099633165873318,0.16234412663177913,0.004257834202021346
Digits,10,Random Forest,Raw,Feature masking,0.2,0.2621454417827833,360,0.8722222222222222,0.527048869100239,-0.3451733531219833,0.34971361767224796,0.33684613668790075,0.7674952368482877,0.022267228078515354
Digits,10,Random Forest,Temperature scaled,Feature masking,0.2,0.2621454417827833,360,0.8722222222222222,0.9135901486281442,0.04136792640592202,0.04695024197980863,0.17680230674829922,0.35654104096558714,0.021851573471102233
Digits,10,Random Forest,Raw,Feature masking,0.3,0.2621454417827833,360,0.8388888888888889,0.45829892160955354,-0.38058996727933536,0.3805899672793354,0.41337496578745614,0.9156289751891655,0.04123791622709953
Digits,10,Random Forest,Temperature scaled,Feature masking,0.3,0.2621454417827833,360,0.8388888888888889,0.8772655836995713,0.0383766948106824,0.05000609304319216,0.22272671685241544,0.43995363062654336,0.03585075171016466
Digits,10,Random Forest,Raw,Feature masking,0.4,0.2621454417827833,360,0.7916666666666666,0.39396934432039116,-0.3976973223462755,0.3976973223462756,0.4950900935904601,1.0904231532259812,0.06177666995742481
Digits,10,Random Forest,Temperature scaled,Feature masking,0.4,0.2621454417827833,360,0.7916666666666666,0.8252790045033936,0.03361233783672701,0.05798775526470753,0.2969665506075617,0.6038752477828481,0.06159043261185174
Digits,10,Random Forest,Raw,Feature masking,0.5,0.2621454417827833,360,0.6555555555555556,0.35943691085879,-0.2961186446967656,0.29611864469676563,0.5879569445492958,1.2944005599478563,0.17080959254070122
Digits,10,Random Forest,Temperature scaled,Feature masking,0.5,0.2621454417827833,360,0.6555555555555556,0.7961327669045798,0.14057721134902423,0.18146407687465782,0.5273365308569681,1.0941510305832245,0.18661590026409144
Digits,10,Gradient Boosting,Raw,Gaussian noise,0.0,0.8143502303782097,360,0.9638888888888889,0.957616919836399,-0.006271969052489945,0.014895357848355717,0.06041512179110244,0.13557140275219953,0.0023814447833442943
Digits,10,Gradient Boosting,Temperature scaled,Gaussian noise,0.0,0.8143502303782097,360,0.9638888888888889,0.9704281631204998,0.0065392742316109365,0.02656843173200951,0.06029757872078966,0.13836893450639193,0.0023740176936742235
Digits,10,Gradient Boosting,Raw,Gaussian noise,0.25,0.8143502303782097,360,0.9361111111111111,0.9132352532366923,-0.022875857874418815,0.029060102123914383,0.09697580323085667,0.21937039668101296,0.00765523421181023
Digits,10,Gradient Boosting,Temperature scaled,Gaussian noise,0.25,0.8143502303782097,360,0.9361111111111111,0.9375567409848279,0.0014456298737167694,0.013576402413319952,0.09517802790852951,0.21303642535118616,0.007576715718312024
Digits,10,Gradient Boosting,Raw,Gaussian noise,0.5,0.8143502303782097,360,0.8722222222222222,0.8607781389212491,-0.011444083300973129,0.047038406977995224,0.17480643857789474,0.3676381896056253,0.020933627578768512
Digits,10,Gradient Boosting,Temperature scaled,Gaussian noise,0.5,0.8143502303782097,360,0.8722222222222222,0.896002661183174,0.023780438960951722,0.035526934468619716,0.17495258513852502,0.360625250368677,0.02024594392877052
Digits,10,Gradient Boosting,Raw,Gaussian noise,1.0,0.8143502303782097,360,0.6861111111111111,0.7423522761936564,0.056241165082545286,0.0914077361087787,0.4332307708201442,0.9572122109240923,0.13800662778977862
Digits,10,Gradient Boosting,Temperature scaled,Gaussian noise,1.0,0.8143502303782097,360,0.6861111111111111,0.795000923821702,0.10888981271059084,0.1137588527554978,0.4441972354921548,1.0127172391716364,0.1381842010813868
Digits,10,Gradient Boosting,Raw,Gaussian noise,1.5,0.8143502303782097,360,0.49166666666666664,0.6536884609709186,0.16202179430425195,0.16578671253684304,0.6779073095388599,1.5771096736711734,0.32786199793543985
Digits,10,Gradient Boosting,Temperature scaled,Gaussian noise,1.5,0.8143502303782097,360,0.49166666666666664,0.7162355874267471,0.22456892076008045,0.22586610490127823,0.7090067406421691,1.7179901863927989,0.32607486172756667
Digits,10,Gradient Boosting,Raw,Gaussian noise,2.0,0.8143502303782097,360,0.37777777777777777,0.6225853954798547,0.24480761770207693,0.24728315283129768,0.8694571642753036,2.16091339273391,0.5107853391201372
Digits,10,Gradient Boosting,Temperature scaled,Gaussian noise,2.0,0.8143502303782097,360,0.37777777777777777,0.6851196773010676,0.30734189952328983,0.311790093179591,0.9125617713081453,2.4198550931354936,0.5106796149319193
Digits,10,Gradient Boosting,Raw,Feature masking,0.0,0.8143502303782097,360,0.9638888888888889,0.957616919836399,-0.006271969052489945,0.014895357848355717,0.06041512179110244,0.13557140275219953,0.0023814447833442943
Digits,10,Gradient Boosting,Temperature scaled,Feature masking,0.0,0.8143502303782097,360,0.9638888888888889,0.9704281631204998,0.0065392742316109365,0.02656843173200951,0.06029757872078966,0.13836893450639193,0.0023740176936742235
Digits,10,Gradient Boosting,Raw,Feature masking,0.1,0.8143502303782097,360,0.9,0.9016968407103947,0.0016968407103946648,0.038122926129089484,0.12345265857005587,0.2674510058114777,0.009114786773610845
Digits,10,Gradient Boosting,Temperature scaled,Feature masking,0.1,0.8143502303782097,360,0.9,0.925068462884571,0.025068462884570986,0.04175603773994792,0.12399080819035375,0.26502817270240936,0.0090762169854174
Digits,10,Gradient Boosting,Raw,Feature masking,0.2,0.8143502303782097,360,0.8333333333333334,0.8458299620007624,0.012496628667429066,0.04559668102076086,0.24847866608798483,0.5452092854261402,0.04579012062602215
Digits,10,Gradient Boosting,Temperature scaled,Feature masking,0.2,0.8143502303782097,360,0.8333333333333334,0.8788866081079296,0.04555327477459625,0.061379193918840745,0.25089177121235007,0.5713220215665352,0.0455508510747384
Digits,10,Gradient Boosting,Raw,Feature masking,0.3,0.8143502303782097,360,0.8111111111111111,0.80549679720531,-0.005614313905801138,0.0817896372548966,0.2953425851600314,0.6351457487583707,0.06873084884586002
Digits,10,Gradient Boosting,Temperature scaled,Feature masking,0.3,0.8143502303782097,360,0.8111111111111111,0.8484567790860619,0.03734566797495076,0.08041979007414066,0.29595552200220687,0.6550411632495319,0.06769289707118804
Digits,10,Gradient Boosting,Raw,Feature masking,0.4,0.8143502303782097,360,0.7166666666666667,0.7511128964182322,0.03444622975156553,0.05832649081260166,0.4059621652614054,0.9068575973493403,0.11527022706358964
Digits,10,Gradient Boosting,Temperature scaled,Feature masking,0.4,0.8143502303782097,360,0.7166666666666667,0.8035853605329354,0.08691869386626871,0.09320339761593491,0.41459685582259526,0.952213704283318,0.11464419331071517
Digits,10,Gradient Boosting,Raw,Feature masking,0.5,0.8143502303782097,360,0.6138888888888889,0.6884794239864831,0.07459053509759417,0.10436826579812808,0.547598742105908,1.243985798844193,0.21514275687072548
Digits,10,Gradient Boosting,Temperature scaled,Feature masking,0.5,0.8143502303782097,360,0.6138888888888889,0.744631904872056,0.13074301598316707,0.14909632317463892,0.5612998707278426,1.3298708761887974,0.21516268159072752
Digits,11,Logistic Regression,Raw,Gaussian noise,0.0,0.9157937741571418,360,0.9694444444444444,0.9503056803576555,-0.01913876408678894,0.023344809645409043,0.046661130454052846,0.09698999420801133,0.001620758694044236
Digits,11,Logistic Regression,Temperature scaled,Gaussian noise,0.0,0.9157937741571418,360,0.9694444444444444,0.9564392806572489,-0.013005163787195517,0.02128028351717775,0.04565488353410447,0.09272717455176355,0.0016727990748428723
Digits,11,Logistic Regression,Raw,Gaussian noise,0.25,0.9157937741571418,360,0.9638888888888889,0.9387160723576607,-0.02517281653122816,0.03256254543900937,0.05361087964871643,0.11221626985524169,0.001608934482236556
Digits,11,Logistic Regression,Temperature scaled,Gaussian noise,0.25,0.9157937741571418,360,0.9638888888888889,0.9455028135752794,-0.018386075313609473,0.027909678830348044,0.05221057800064573,0.10684646720288925,0.0016096386651299885
Digits,11,Logistic Regression,Raw,Gaussian noise,0.5,0.9157937741571418,360,0.9416666666666667,0.9245690508476971,-0.017097615818969514,0.03318570307761373,0.09461637250969385,0.18934568500475935,0.006697407593482665
Digits,11,Logistic Regression,Temperature scaled,Gaussian noise,0.5,0.9157937741571418,360,0.9416666666666667,0.9329067231369318,-0.00875994352973486,0.029668637937190535,0.09386335320973523,0.1875207182612706,0.006717148374519961
Digits,11,Logistic Regression,Raw,Gaussian noise,1.0,0.9157937741571418,360,0.7888888888888889,0.8828178145527318,0.09392892566384292,0.09782681554963817,0.30713548276566704,0.6869519803856987,0.0642361762452049
Digits,11,Logistic Regression,Temperature scaled,Gaussian noise,1.0,0.9157937741571418,360,0.7888888888888889,0.8938666893364663,0.10497780044757743,0.10882247185559946,0.31219703943238036,0.7221685265858562,0.06445752038507713
Digits,11,Logistic Regression,Raw,Gaussian noise,1.5,0.9157937741571418,360,0.6694444444444444,0.8715376333689594,0.202093188924515,0.20838854066396234,0.5393380002823963,1.7763299327190627,0.18530458012492457
Digits,11,Logistic Regression,Temperature scaled,Gaussian noise,1.5,0.9157937741571418,360,0.6694444444444444,0.8823110477858211,0.21286660334137675,0.21550556299515927,0.5456285678614261,1.9102408830974935,0.18558537606397868
Digits,11,Logistic Regression,Raw,Gaussian noise,2.0,0.9157937741571418,360,0.5194444444444445,0.8796296882108442,0.3601852437663997,0.3725306298354402,0.8419191863413139,3.6112677079561295,0.38487307797713144
Digits,11,Logistic Regression,Temperature scaled,Gaussian noise,2.0,0.9157937741571418,360,0.5194444444444445,0.889718813140377,0.37027436869593255,0.3795820690307854,0.8502384264798996,3.9112227668668234,0.38550691011485644
Digits,11,Logistic Regression,Raw,Feature masking,0.0,0.9157937741571418,360,0.9694444444444444,0.9503056803576555,-0.01913876408678894,0.023344809645409043,0.046661130454052846,0.09698999420801133,0.001620758694044236
Digits,11,Logistic Regression,Temperature scaled,Feature masking,0.0,0.9157937741571418,360,0.9694444444444444,0.9564392806572489,-0.013005163787195517,0.02128028351717775,0.04565488353410447,0.09272717455176355,0.0016727990748428723
Digits,11,Logistic Regression,Raw,Feature masking,0.1,0.9157937741571418,360,0.9555555555555556,0.9331388660734452,-0.022416689482110397,0.039538215848705344,0.06789046060150851,0.14373609011788205,0.0030519377438150514
Digits,11,Logistic Regression,Temperature scaled,Feature masking,0.1,0.9157937741571418,360,0.9555555555555556,0.9416243206179622,-0.013931234937593406,0.041229187306194376,0.06687443321706553,0.1388789638401975,0.0030630800391579357
Digits,11,Logistic Regression,Raw,Feature masking,0.2,0.9157937741571418,360,0.9194444444444444,0.9075513725390658,-0.011893071905378583,0.03982141044047407,0.11020026808706442,0.22679175583272512,0.008035793525692829
Digits,11,Logistic Regression,Temperature scaled,Feature masking,0.2,0.9157937741571418,360,0.9194444444444444,0.9186224417899324,-0.000822002654512044,0.03712289070658557,0.10976240185116644,0.223261363772904,0.008105096867071766
Digits,11,Logistic Regression,Raw,Feature masking,0.3,0.9157937741571418,360,0.9027777777777778,0.8604257901907977,-0.04235198758698011,0.04954864870552882,0.16223021055170816,0.3271830284017797,0.020673898306994877
Digits,11,Logistic Regression,Temperature scaled,Feature masking,0.3,0.9157937741571418,360,0.9027777777777778,0.8762902969110357,-0.02648748086674213,0.04790915095117129,0.16081507324463365,0.32047672985208486,0.02066764481550421
Digits,11,Logistic Regression,Raw,Feature masking,0.4,0.9157937741571418,360,0.8388888888888889,0.8073951572483404,-0.03149373164054847,0.060935332046238876,0.23200181426852895,0.48628710131731384,0.03594479621464069
Digits,11,Logistic Regression,Temperature scaled,Feature masking,0.4,0.9157937741571418,360,0.8388888888888889,0.826986001586377,-0.011902887302511878,0.05067707096476342,0.23060486806269034,0.48130871118036,0.03622492154005878
Digits,11,Logistic Regression,Raw,Feature masking,0.5,0.9157937741571418,360,0.7916666666666666,0.739310036995518,-0.052356629671148625,0.08430732145555862,0.31621555318203426,0.6914415091247592,0.07407179869430792
Digits,11,Logistic Regression,Temperature scaled,Feature masking,0.5,0.9157937741571418,360,0.7916666666666666,0.763449581435641,-0.028217085231025618,0.05863832528072087,0.31364242138904636,0.688053964928597,0.07380258483043181
Digits,11,Random Forest,Raw,Gaussian noise,0.0,0.2013826541166659,360,0.9777777777777777,0.7435998838909531,-0.23417789388682464,0.23417789388682464,0.1285491811641698,0.3466763006560339,0.0007979985838942672
Digits,11,Random Forest,Temperature scaled,Gaussian noise,0.0,0.2013826541166659,360,0.9777777777777777,0.9835299284087164,0.005752150630938702,0.024072434708314237,0.03875102920888059,0.0733397545464175,0.000747836807608773
Digits,11,Random Forest,Raw,Gaussian noise,0.25,0.2013826541166659,360,0.975,0.623352505878695,-0.351647494121305,0.35164749412130514,0.21325498171314336,0.5351926898601734,0.0008847162971889033
Digits,11,Random Forest,Temperature scaled,Gaussian noise,0.25,0.2013826541166659,360,0.975,0.9728519151289317,-0.002148084871068323,0.011963890494913825,0.04090437072242253,0.10985034308363203,0.0010082820827763501
Digits,11,Random Forest,Raw,Gaussian noise,0.5,0.2013826541166659,360,0.9527777777777777,0.5171706496177991,-0.4356071281599786,0.43757326572611516,0.31575665083048404,0.7339305800470916,0.0034398911822595595
Digits,11,Random Forest,Temperature scaled,Gaussian noise,0.5,0.2013826541166659,360,0.9527777777777777,0.9448187874277162,-0.007958990350061534,0.01867444735401152,0.07613034905910386,0.16246932067579,0.0033909843454572168
Digits,11,Random Forest,Raw,Gaussian noise,1.0,0.2013826541166659,360,0.775,0.36748657260433554,-0.4075134273956645,0.4075134273956645,0.5258172059659101,1.1600476123446,0.07372750357184
Digits,11,Random Forest,Temperature scaled,Gaussian noise,1.0,0.2013826541166659,360,0.775,0.8493353863690345,0.07433538636903447,0.0829951778184306,0.3098613858722371,0.6783449827993773,0.06779130094036434
Digits,11,Random Forest,Raw,Gaussian noise,1.5,0.2013826541166659,360,0.6611111111111111,0.30100824221046274,-0.36010286890064835,0.36010286890064835,0.6391494272862384,1.4274621499961584,0.1702134449272738
Digits,11,Random Forest,Temperature scaled,Gaussian noise,1.5,0.2013826541166659,360,0.6611111111111111,0.7807090525553483,0.11959794144423719,0.12557357132717317,0.4984328509853034,1.1549886735951262,0.16521111662464227
Digits,11,Random Forest,Raw,Gaussian noise,2.0,0.2013826541166659,360,0.5083333333333333,0.2709853071722489,-0.2373480261610844,0.2373480261610845,0.7178441568559262,1.6427753653158448,0.30899764400725394
Digits,11,Random Forest,Temperature scaled,Gaussian noise,2.0,0.2013826541166659,360,0.5083333333333333,0.7419167581150233,0.23358342478169003,0.23530717309575283,0.7183538546038332,1.796417791187895,0.3183072938093422
Digits,11,Random Forest,Raw,Feature masking,0.0,0.2013826541166659,360,0.9777777777777777,0.7435998838909531,-0.23417789388682464,0.23417789388682464,0.1285491811641698,0.3466763006560339,0.0007979985838942672
Digits,11,Random Forest,Temperature scaled,Feature masking,0.0,0.2013826541166659,360,0.9777777777777777,0.9835299284087164,0.005752150630938702,0.024072434708314237,0.0387510292088806,0.0733397545464175,0.000747836807608773
Digits,11,Random Forest,Raw,Feature masking,0.1,0.2013826541166659,360,0.9555555555555556,0.6454923662547756,-0.31006318930078003,0.31006318930078003,0.20261927789526596,0.5025426047154302,0.0028049154328026508
Digits,11,Random Forest,Temperature scaled,Feature masking,0.1,0.2013826541166659,360,0.9555555555555556,0.9757441111430999,0.020188555587544288,0.024425942998241384,0.05847862593199549,0.12107582698969485,0.0027268998497235308
Digits,11,Random Forest,Raw,Feature masking,0.2,0.2013826541166659,360,0.925,0.5541226469722101,-0.3708773530277899,0.3719029085833454,0.29237803555513037,0.6775427982326002,0.008698316007689574
Digits,11,Random Forest,Temperature scaled,Feature masking,0.2,0.2013826541166659,360,0.925,0.9433589044928945,0.018358904492894457,0.02310824738751052,0.09991155365776026,0.1900367973852081,0.007069858189074257
Digits,11,Random Forest,Raw,Feature masking,0.3,0.2013826541166659,360,0.875,0.4664181525572876,-0.4085818474427124,0.4085818474427124,0.3888815905501382,0.8588159464189181,0.029943215120386918
Digits,11,Random Forest,Temperature scaled,Feature masking,0.3,0.2013826541166659,360,0.875,0.9088133224895307,0.03381332248953073,0.05260822185807497,0.18544355987788252,0.3251743323193485,0.02346544375964195
Digits,11,Random Forest,Raw,Feature masking,0.4,0.2013826541166659,360,0.7611111111111111,0.4003749500293741,-0.36073616108173695,0.36073616108173706,0.4967588377121255,1.078227825440043,0.09172205800513006
Digits,11,Random Forest,Temperature scaled,Feature masking,0.4,0.2013826541166659,360,0.7611111111111111,0.8623985387513282,0.10128742764021714,0.10128742764021717,0.3403730882983204,0.6881606052123346,0.08514140836841136
Digits,11,Random Forest,Raw,Feature masking,0.5,0.2013826541166659,360,0.6638888888888889,0.3441458215755407,-0.3197430673133482,0.3197430673133482,0.5994059002779449,1.3115609743714935,0.1792417515477892
Digits,11,Random Forest,Temperature scaled,Feature masking,0.5,0.2013826541166659,360,0.6638888888888889,0.8400736158755523,0.17618472698666343,0.18574437504131192,0.5178131325337675,1.1986036798866264,0.17451329439682028
Digits,11,Gradient Boosting,Raw,Gaussian noise,0.0,0.7580224167132074,360,0.9694444444444444,0.9639755478468512,-0.005468896597593198,0.02312701746443821,0.04088877576938373,0.0876865585890186,0.0011731957722602485
Digits,11,Gradient Boosting,Temperature scaled,Gaussian noise,0.0,0.7580224167132074,360,0.9694444444444444,0.9769324161854807,0.0074879717410362145,0.015556196811112873,0.0406444486773757,0.08400966322367374,0.001183778751458149
Digits,11,Gradient Boosting,Raw,Gaussian noise,0.25,0.7580224167132074,360,0.9694444444444444,0.9377847808101526,-0.031659663634291846,0.03501617680552678,0.05276911559142291,0.12265724455851605,0.0018781988167115295
Digits,11,Gradient Boosting,Temperature scaled,Gaussian noise,0.25,0.7580224167132074,360,0.9694444444444444,0.962241333399292,-0.007203111045152477,0.015119771598955908,0.04867909052885874,0.10557471196284113,0.0017837197226877493
Digits,11,Gradient Boosting,Raw,Gaussian noise,0.5,0.7580224167132074,360,0.9,0.8720677374871564,-0.027932262512843642,0.034867269315473126,0.1441139278040322,0.30803930486394066,0.013253526334054876
Digits,11,Gradient Boosting,Temperature scaled,Gaussian noise,0.5,0.7580224167132074,360,0.9,0.9123332970108908,0.012333297010890809,0.02513469408577433,0.14310743562186465,0.2970140771671226,0.013089021941331618
Digits,11,Gradient Boosting,Raw,Gaussian noise,1.0,0.7580224167132074,360,0.6944444444444444,0.7295922013022811,0.035147756857836665,0.07087449127632622,0.4449174139303609,0.9565639433742439,0.14173150280345548
Digits,11,Gradient Boosting,Temperature scaled,Gaussian noise,1.0,0.7580224167132074,360,0.6944444444444444,0.7986387488471488,0.10419430440270439,0.12868885338734204,0.4620433055248701,1.0335217846327964,0.14315764865926545
Digits,11,Gradient Boosting,Raw,Gaussian noise,1.5,0.7580224167132074,360,0.5388888888888889,0.6801536281274719,0.14126473923858307,0.14886769234612005,0.6539787035805233,1.5315687071000847,0.2826402394554569
Digits,11,Gradient Boosting,Temperature scaled,Gaussian noise,1.5,0.7580224167132074,360,0.5388888888888889,0.7606206438314568,0.22173175494256792,0.22705592251530848,0.6994940478483811,1.748723282169413,0.2848734216020922
Digits,11,Gradient Boosting,Raw,Gaussian noise,2.0,0.7580224167132074,360,0.4166666666666667,0.6289359722284078,0.21226930556174112,0.21226930556174123,0.7882402006325148,1.8904651190251438,0.42997814848303384
Digits,11,Gradient Boosting,Temperature scaled,Gaussian noise,2.0,0.7580224167132074,360,0.4166666666666667,0.7151130123698555,0.2984463457031888,0.2984463457031889,0.8434267659129961,2.1760952899262205,0.4297113886657172
Digits,11,Gradient Boosting,Raw,Feature masking,0.0,0.7580224167132074,360,0.9694444444444444,0.9639755478468512,-0.005468896597593198,0.02312701746443821,0.04088877576938373,0.0876865585890186,0.0011731957722602485
Digits,11,Gradient Boosting,Temperature scaled,Feature masking,0.0,0.7580224167132074,360,0.9694444444444444,0.9769324161854807,0.0074879717410362145,0.015556196811112873,0.0406444486773757,0.08400966322367374,0.001183778751458149
Digits,11,Gradient Boosting,Raw,Feature masking,0.1,0.7580224167132074,360,0.9416666666666667,0.9201566212285129,-0.021510045438153713,0.03257674022464129,0.08167649580658043,0.18802365544998287,0.006832281406107448
Digits,11,Gradient Boosting,Temperature scaled,Feature masking,0.1,0.7580224167132074,360,0.9416666666666667,0.9437732464852533,0.0021065798185866402,0.027693048948943314,0.07775610312454455,0.18129561519951523,0.006707100729902985
Digits,11,Gradient Boosting,Raw,Feature masking,0.2,0.7580224167132074,360,0.8972222222222223,0.8669329902017456,-0.03028923202047662,0.057638217410305226,0.1643179498661169,0.35993495766254324,0.01871788566762264
Digits,11,Gradient Boosting,Temperature scaled,Feature masking,0.2,0.7580224167132074,360,0.8972222222222223,0.9083691504795055,0.01114692825728325,0.04654905970934153,0.1611222859000155,0.3594049249199295,0.018813276985573845
Digits,11,Gradient Boosting,Raw,Feature masking,0.3,0.7580224167132074,360,0.8166666666666667,0.8098223889588415,-0.0068442777078251416,0.05298687845170813,0.25496456453401933,0.5371805781620427,0.046761231826327083
Digits,11,Gradient Boosting,Temperature scaled,Feature masking,0.3,0.7580224167132074,360,0.8166666666666667,0.865178455553286,0.048511788886619334,0.05018759296428482,0.2573099592559061,0.544633815850158,0.04496105635493102
Digits,11,Gradient Boosting,Raw,Feature masking,0.4,0.7580224167132074,360,0.7361111111111112,0.749384028280302,0.013272917169190879,0.10431253194800477,0.4010750364593596,0.8772035416688336,0.11972610200172706
Digits,11,Gradient Boosting,Temperature scaled,Feature masking,0.4,0.7580224167132074,360,0.7361111111111112,0.8166369427040548,0.08052583159294369,0.10540062181596706,0.40993505648255246,0.9407689650537555,0.11916663354564785
Digits,11,Gradient Boosting,Raw,Feature masking,0.5,0.7580224167132074,360,0.6138888888888889,0.6774952722929082,0.06360638340401925,0.09978417395711878,0.5438490916272603,1.23509748631307,0.2139784381146685
Digits,11,Gradient Boosting,Temperature scaled,Feature masking,0.5,0.7580224167132074,360,0.6138888888888889,0.7592059879152834,0.14531709902639445,0.15693582974073805,0.5668765737404982,1.3481986408144375,0.21362784370836793
Digits,12,Logistic Regression,Raw,Gaussian noise,0.0,0.7165298164254983,360,0.9583333333333334,0.9498552474406026,-0.008478085892730802,0.0175935179054632,0.06934159232081126,0.14069739541552373,0.003234308116287281
Digits,12,Logistic Regression,Temperature scaled,Gaussian noise,0.0,0.7165298164254983,360,0.9583333333333334,0.968558772733957,0.010225439400623593,0.022439187067365293,0.07070065506804667,0.1497102802327972,0.003287230139916287
Digits,12,Logistic Regression,Raw,Gaussian noise,0.25,0.7165298164254983,360,0.9472222222222222,0.947096354968368,-0.00012586725385421715,0.025814722903250154,0.07825598965563889,0.16229765469068805,0.0037191112604277204
Digits,12,Logistic Regression,Temperature scaled,Gaussian noise,0.25,0.7165298164254983,360,0.9472222222222222,0.9672559971692103,0.020033774946988103,0.024086400219666827,0.08155515937471762,0.17693607580482815,0.003780895942946052
Digits,12,Logistic Regression,Raw,Gaussian noise,0.5,0.7165298164254983,360,0.9222222222222223,0.9257785214620446,0.003556299239822369,0.03143064425633867,0.11761495529075362,0.2583534639945669,0.010513551534411471
Digits,12,Logistic Regression,Temperature scaled,Gaussian noise,0.5,0.7165298164254983,360,0.9222222222222223,0.9510238744720694,0.0288016522498471,0.04394040253219678,0.12055807974548652,0.29370947055650737,0.01076433561499607
Digits,12,Logistic Regression,Raw,Gaussian noise,1.0,0.7165298164254983,360,0.7777777777777778,0.8976652398591466,0.1198874620813688,0.12352750901477243,0.33755131373470953,0.8439610253234493,0.07749782124535459
Digits,12,Logistic Regression,Temperature scaled,Gaussian noise,1.0,0.7165298164254983,360,0.7777777777777778,0.9312136726345501,0.15343589485677234,0.1540597652384863,0.3604541039167968,1.0856862413590915,0.07847792267255066
Digits,12,Logistic Regression,Raw,Gaussian noise,1.5,0.7165298164254983,360,0.6222222222222222,0.8679669160822145,0.2457446938599923,0.2510877662276939,0.61096176380262,1.947913957397538,0.25506854807901586
Digits,12,Logistic Regression,Temperature scaled,Gaussian noise,1.5,0.7165298164254983,360,0.6222222222222222,0.904241387173134,0.2820191649509117,0.2835679985645889,0.6393226140601302,2.6036318794127973,0.2555177556793216
Digits,12,Logistic Regression,Raw,Gaussian noise,2.0,0.7165298164254983,360,0.46111111111111114,0.8769264752009043,0.41581536408979314,0.4190185628563806,0.9204405285857588,3.745727213528773,0.39542095179560943
Digits,12,Logistic Regression,Temperature scaled,Gaussian noise,2.0,0.7165298164254983,360,0.46111111111111114,0.9121174683051221,0.45100635719401094,0.45100635719401105,0.9591352681551383,5.078751933604743,0.39620567943484053
Digits,12,Logistic Regression,Raw,Feature masking,0.0,0.7165298164254983,360,0.9583333333333334,0.9498552474406026,-0.008478085892730802,0.0175935179054632,0.06934159232081126,0.14069739541552373,0.003234308116287281
Digits,12,Logistic Regression,Temperature scaled,Feature masking,0.0,0.7165298164254983,360,0.9583333333333334,0.968558772733957,0.010225439400623593,0.022439187067365293,0.07070065506804667,0.1497102802327972,0.003287230139916287
Digits,12,Logistic Regression,Raw,Feature masking,0.1,0.7165298164254983,360,0.9583333333333334,0.9277836139371803,-0.03054971939615303,0.033088135753885764,0.08435203578652942,0.18054420801817356,0.007815240027568317
Digits,12,Logistic Regression,Temperature scaled,Feature masking,0.1,0.7165298164254983,360,0.9583333333333334,0.9555619483434841,-0.0027713849898493015,0.030487891552873524,0.08073405926451611,0.18364527644461165,0.007900019106923383
Digits,12,Logistic Regression,Raw,Feature masking,0.2,0.7165298164254983,360,0.9138888888888889,0.9012286303174136,-0.012660258571475236,0.040268437711552536,0.12465923480447351,0.26318979998214315,0.012218826562229987
Digits,12,Logistic Regression,Temperature scaled,Feature masking,0.2,0.7165298164254983,360,0.9138888888888889,0.9388470074477763,0.02495811855888741,0.028494652848059777,0.1268066883797301,0.2730788471534021,0.01236801962535198
Digits,12,Logistic Regression,Raw,Feature masking,0.3,0.7165298164254983,360,0.8666666666666667,0.8611776865240601,-0.00548898014260657,0.03966533224701996,0.19178968953928244,0.38671486193250887,0.027231250179358294
Digits,12,Logistic Regression,Temperature scaled,Feature masking,0.3,0.7165298164254983,360,0.8666666666666667,0.9108811711071508,0.04421450444048414,0.06210440652801991,0.1962906998610355,0.4073490681779008,0.02704952088769309
Digits,12,Logistic Regression,Raw,Feature masking,0.4,0.7165298164254983,360,0.8,0.8081413062681791,0.008141306268179105,0.05093838162205687,0.275740829494987,0.5540378021626323,0.05467883690116691
Digits,12,Logistic Regression,Temperature scaled,Feature masking,0.4,0.7165298164254983,360,0.8,0.8697861823514728,0.06978618235147271,0.07441082905804365,0.28676041265496577,0.5922204491750068,0.05499907035480188
Digits,12,Logistic Regression,Raw,Feature masking,0.5,0.7165298164254983,360,0.7527777777777778,0.7642338448440098,0.011456067066232034,0.041748998984367305,0.3254395649817319,0.6744444896424311,0.08219809911908577
Digits,12,Logistic Regression,Temperature scaled,Feature masking,0.5,0.7165298164254983,360,0.7527777777777778,0.8350172503194783,0.0822394725417005,0.08791087750385469,0.3343840759383593,0.7177461476251099,0.08104638843870504
Digits,12,Random Forest,Raw,Gaussian noise,0.0,0.18899662257818126,360,0.9694444444444444,0.7213707980591263,-0.24807364638531815,0.24906167107667626,0.147510956215723,0.38137961021352307,0.001378980482922255
Digits,12,Random Forest,Temperature scaled,Gaussian noise,0.0,0.18899662257818126,360,0.9694444444444444,0.9706389050818337,0.0011944606373892608,0.02301911759910937,0.04742874319565234,0.07651222961124955,0.0013898865809144425
Digits,12,Random Forest,Raw,Gaussian noise,0.25,0.18899662257818126,360,0.95,0.5946220061726671,-0.3553779938273328,0.3553779938273329,0.2402216915877227,0.583169366269356,0.00290363888220846
Digits,12,Random Forest,Temperature scaled,Gaussian noise,0.25,0.18899662257818126,360,0.95,0.9608588784368107,0.01085887843681077,0.015529471485791556,0.06443141454168695,0.11837629172421534,0.0027883903875473713
Digits,12,Random Forest,Raw,Gaussian noise,0.5,0.18899662257818126,360,0.9194444444444444,0.4975458708112221,-0.4218985736332223,0.4218985736332224,0.34610746969620976,0.7864577030523086,0.011357850993851292
Digits,12,Random Forest,Temperature scaled,Gaussian noise,0.5,0.18899662257818126,360,0.9194444444444444,0.9339635649579777,0.014519120513533323,0.02643995844996033,0.10899791814762733,0.21486803775554777,0.007930970369368318
Digits,12,Random Forest,Raw,Gaussian noise,1.0,0.18899662257818126,360,0.7805555555555556,0.37050412698410823,-0.41005142857144733,0.4100514285714472,0.5259677054275795,1.1609784716404137,0.0808276519532727
Digits,12,Random Forest,Temperature scaled,Gaussian noise,1.0,0.18899662257818126,360,0.7805555555555556,0.8651740852080773,0.0846185296525217,0.09050814247998543,0.31940959835064536,0.7257429313654277,0.07727809069220161
Digits,12,Random Forest,Raw,Gaussian noise,1.5,0.18899662257818126,360,0.6388888888888888,0.2915049889770666,-0.3473838999118222,0.34738389991182217,0.659657154136426,1.477757739097174,0.20206539544600285
Digits,12,Random Forest,Temperature scaled,Gaussian noise,1.5,0.18899662257818126,360,0.6388888888888888,0.7746454846861572,0.1357565957972684,0.14196676077919496,0.5466779682116203,1.3076925947456848,0.19620547134784166
Digits,12,Random Forest,Raw,Gaussian noise,2.0,0.18899662257818126,360,0.49166666666666664,0.26749999559082516,-0.22416667107584148,0.2241666710758415,0.7343325575271177,1.6937588752390988,0.3323638547932571
Digits,12,Random Forest,Temperature scaled,Gaussian noise,2.0,0.18899662257818126,360,0.49166666666666664,0.7435629462107342,0.2518962795440675,0.2654019190814204,0.7478499234000211,2.1046638550160024,0.3289761563231169
Digits,12,Random Forest,Raw,Feature masking,0.0,0.18899662257818126,360,0.9694444444444444,0.7213707980591263,-0.24807364638531815,0.2490616710766763,0.147510956215723,0.38137961021352307,0.001378980482922255
Digits,12,Random Forest,Temperature scaled,Feature masking,0.0,0.18899662257818126,360,0.9694444444444444,0.9706389050818337,0.0011944606373892608,0.023019117599109365,0.04742874319565232,0.07651222961124955,0.0013898865809144425
Digits,12,Random Forest,Raw,Feature masking,0.1,0.18899662257818126,360,0.95,0.6206581878303213,-0.3293418121696786,0.33035999559119567,0.22740585418987969,0.5479673012596946,0.004806065926789887
Digits,12,Random Forest,Temperature scaled,Feature masking,0.1,0.18899662257818126,360,0.95,0.9605879952579083,0.010587995257908323,0.024898557024426383,0.07384451692494347,0.13523696455954945,0.0044105118408222085
Digits,12,Random Forest,Raw,Feature masking,0.2,0.18899662257818126,360,0.9277777777777778,0.5358990917106397,-0.39187868606713816,0.391878686067138,0.31008354155664947,0.7097628149315046,0.011862765928490462
Digits,12,Random Forest,Temperature scaled,Feature masking,0.2,0.18899662257818126,360,0.9277777777777778,0.9501112414220452,0.02233346364426736,0.031167992246915275,0.11138890366307012,0.2170176331898439,0.008957362377394123
Digits,12,Random Forest,Raw,Feature masking,0.3,0.18899662257818126,360,0.8638888888888889,0.45727093253962575,-0.4066179563492632,0.4096535648148716,0.4052703664238814,0.8933174038650897,0.028554918816099506
Digits,12,Random Forest,Temperature scaled,Feature masking,0.3,0.18899662257818126,360,0.8638888888888889,0.9131204331250378,0.04923154423614884,0.05758077018763355,0.19677696074189685,0.38051118882983226,0.024375647357687408
Digits,12,Random Forest,Raw,Feature masking,0.4,0.18899662257818126,360,0.7277777777777777,0.4014480577601216,-0.32632972001765614,0.326746457231059,0.5038301776611394,1.096175014147393,0.0944322858129889
Digits,12,Random Forest,Temperature scaled,Feature masking,0.4,0.18899662257818126,360,0.7277777777777777,0.8759567327478487,0.14817895497007094,0.14817895497007094,0.39447748059100307,0.8093468576236335,0.09058829910253793
Digits,12,Random Forest,Raw,Feature masking,0.5,0.18899662257818126,360,0.6333333333333333,0.3585700815696611,-0.2747632517636722,0.2747632517636722,0.5878951623441472,1.284385035316533,0.17122738172607543
Digits,12,Random Forest,Temperature scaled,Feature masking,0.5,0.18899662257818126,360,0.6333333333333333,0.8533025922434777,0.2199692589101444,0.2225078545041531,0.5583322970874325,1.3052621427140312,0.17783419539518092
Digits,12,Gradient Boosting,Raw,Gaussian noise,0.0,0.9270055803986275,360,0.9694444444444444,0.9573379800477309,-0.01210646439671359,0.026488819588265933,0.04627909598566446,0.09476136369531234,0.0013946335815540661
Digits,12,Gradient Boosting,Temperature scaled,Gaussian noise,0.0,0.9270055803986275,360,0.9694444444444444,0.9620860154209636,-0.007358429023480828,0.02234267808989295,0.04596589000481803,0.09184661279647849,0.0013625459581311835
Digits,12,Gradient Boosting,Raw,Gaussian noise,0.25,0.9270055803986275,360,0.9583333333333334,0.9275696123389527,-0.030763720994380628,0.043181598607391646,0.06985098112043728,0.15127218328890144,0.0031922059654922305
Digits,12,Gradient Boosting,Temperature scaled,Gaussian noise,0.25,0.9270055803986275,360,0.9583333333333334,0.9368047697759592,-0.021528563557374203,0.030524015081030236,0.06859941219092038,0.14420973335057827,0.0031262192298283395
Digits,12,Gradient Boosting,Raw,Gaussian noise,0.5,0.9270055803986275,360,0.8722222222222222,0.8569926036101875,-0.015229618612034757,0.04632335586900772,0.17042629860673197,0.3643517579141254,0.02124920177133143
Digits,12,Gradient Boosting,Temperature scaled,Gaussian noise,0.5,0.9270055803986275,360,0.8722222222222222,0.870515191543038,-0.0017070306791842071,0.03412254337475043,0.16945104391810925,0.3586583541967913,0.021136845541907718
Digits,12,Gradient Boosting,Raw,Gaussian noise,1.0,0.9270055803986275,360,0.6861111111111111,0.7394583347377555,0.05334722362664435,0.09593751549996159,0.4654864776631598,1.029556546310451,0.14202903351723842
Digits,12,Gradient Boosting,Temperature scaled,Gaussian noise,1.0,0.9270055803986275,360,0.6861111111111111,0.7601827435579821,0.07407163244687098,0.11011873911549792,0.4708365283865307,1.0493158380045096,0.14225012910220564
Digits,12,Gradient Boosting,Raw,Gaussian noise,1.5,0.9270055803986275,360,0.5055555555555555,0.6502981933027594,0.14474263774720386,0.1447426377472039,0.6665322234562646,1.5402075583570856,0.31283902317134976
Digits,12,Gradient Boosting,Temperature scaled,Gaussian noise,1.5,0.9270055803986275,360,0.5055555555555555,0.6746084406747629,0.16905288511920735,0.16905288511920738,0.6768029636818089,1.5807245728806,0.31299800137373013
Digits,12,Gradient Boosting,Raw,Gaussian noise,2.0,0.9270055803986275,360,0.37222222222222223,0.6300079442759685,0.2577857220537463,0.2577857220537462,0.8481264781069825,2.122664091026692,0.44742950287842875
Digits,12,Gradient Boosting,Temperature scaled,Gaussian noise,2.0,0.9270055803986275,360,0.37222222222222223,0.6558078567862425,0.2835856345640203,0.2835856345640203,0.8665935870351243,2.2042863459982343,0.4480247015957648
Digits,12,Gradient Boosting,Raw,Feature masking,0.0,0.9270055803986275,360,0.9694444444444444,0.9573379800477309,-0.01210646439671359,0.026488819588265933,0.04627909598566446,0.09476136369531234,0.0013946335815540661
Digits,12,Gradient Boosting,Temperature scaled,Feature masking,0.0,0.9270055803986275,360,0.9694444444444444,0.9620860154209636,-0.007358429023480828,0.02234267808989295,0.04596589000481803,0.09184661279647849,0.0013625459581311835
Digits,12,Gradient Boosting,Raw,Feature masking,0.1,0.9270055803986275,360,0.9472222222222222,0.9141562183122264,-0.03306600390999581,0.03605522313996391,0.09643738104984476,0.20285968705944582,0.00656910301873104
Digits,12,Gradient Boosting,Temperature scaled,Feature masking,0.1,0.9270055803986275,360,0.9472222222222222,0.9231688646312154,-0.024053357591006796,0.02813437343051002,0.09521878242517497,0.1976360290159021,0.006520851036083504
Digits,12,Gradient Boosting,Raw,Feature masking,0.2,0.9270055803986275,360,0.8972222222222223,0.8770841375148462,-0.020138084707376103,0.03998699750138896,0.16219951077083572,0.34138266875087353,0.019423283542073642
Digits,12,Gradient Boosting,Temperature scaled,Feature masking,0.2,0.9270055803986275,360,0.8972222222222223,0.8904550004695141,-0.0067672217527081635,0.02888052006985494,0.16155439274958902,0.3373478916298038,0.019110993501906974
Digits,12,Gradient Boosting,Raw,Feature masking,0.3,0.9270055803986275,360,0.8194444444444444,0.8090299301245646,-0.01041451431987983,0.037806395610286314,0.2564700829039183,0.5600296722164924,0.04311932560301146
Digits,12,Gradient Boosting,Temperature scaled,Feature masking,0.3,0.9270055803986275,360,0.8194444444444444,0.8259591716245129,0.006514727180068514,0.03888274023867413,0.25577584778976914,0.5580472386192866,0.04280582668826647
Digits,12,Gradient Boosting,Raw,Feature masking,0.4,0.9270055803986275,360,0.6916666666666667,0.7420431320465396,0.05037646537987295,0.07270040705072223,0.42065187394691067,0.8739069607037008,0.12052004617612819
Digits,12,Gradient Boosting,Temperature scaled,Feature masking,0.4,0.9270055803986275,360,0.6916666666666667,0.7620496300422281,0.07038296337556149,0.07942408699430265,0.42485314385617834,0.882329686195747,0.11984616131766983
Digits,12,Gradient Boosting,Raw,Feature masking,0.5,0.9270055803986275,360,0.625,0.7069138641728147,0.08191386417281465,0.08890688996712615,0.5111391729236092,1.160347250691522,0.18367790266300194
Digits,12,Gradient Boosting,Temperature scaled,Feature masking,0.5,0.9270055803986275,360,0.625,0.7292017514673508,0.10420175146735078,0.11373416224487104,0.5159093522769065,1.182217215309056,0.1830793797932509
Digits,13,Logistic Regression,Raw,Gaussian noise,0.0,1.0905617996689145,360,0.9555555555555556,0.9392808174237385,-0.016274738131817124,0.024863469707296575,0.07271605543854616,0.1445971839600183,0.004570312234259245
Digits,13,Logistic Regression,Temperature scaled,Gaussian noise,0.0,1.0905617996689145,360,0.9555555555555556,0.9307796788223497,-0.024775876733205915,0.031360017172829144,0.07392210756871903,0.1491469950160156,0.00456816685696913
Digits,13,Logistic Regression,Raw,Gaussian noise,0.25,1.0905617996689145,360,0.9388888888888889,0.9340000604260499,-0.004888828462839001,0.021162216234720456,0.09335726234986712,0.17785932197893012,0.0069602468823377495
Digits,13,Logistic Regression,Temperature scaled,Gaussian noise,0.25,1.0905617996689145,360,0.9388888888888889,0.9253368910342088,-0.013551997854680087,0.02907683299642564,0.09374069631566354,0.18074402927455194,0.006840563234248216
Digits,13,Logistic Regression,Raw,Gaussian noise,0.5,1.0905617996689145,360,0.9055555555555556,0.9181281037351833,0.012572548179627718,0.02857686817773289,0.1423934944572222,0.2850287406374547,0.01735663089196522
Digits,13,Logistic Regression,Temperature scaled,Gaussian noise,0.5,1.0905617996689145,360,0.9055555555555556,0.9084234182771499,0.0028678627215943386,0.025886268015472193,0.14200658735671184,0.28217830500477886,0.017330681169441604
Digits,13,Logistic Regression,Raw,Gaussian noise,1.0,1.0905617996689145,360,0.7861111111111111,0.8860116289672064,0.09990051785609533,0.10406949378472866,0.33101389457555375,0.7570909401177731,0.08235547039269593
Digits,13,Logistic Regression,Temperature scaled,Gaussian noise,1.0,1.0905617996689145,360,0.7861111111111111,0.8743228811171204,0.08821177000600933,0.09682780015740111,0.3264058614330235,0.7217345408644338,0.08231439502591072
Digits,13,Logistic Regression,Raw,Gaussian noise,1.5,1.0905617996689145,360,0.5916666666666667,0.8722446856110827,0.28057801894441603,0.2805780189444159,0.6557408823628604,1.9984406195242137,0.23408201640750292
Digits,13,Logistic Regression,Temperature scaled,Gaussian noise,1.5,1.0905617996689145,360,0.5916666666666667,0.8598333645901586,0.2681666979234919,0.2681666979234919,0.6451748536796569,1.8623912938813718,0.2336053513715889
Digits,13,Logistic Regression,Raw,Gaussian noise,2.0,1.0905617996689145,360,0.4888888888888889,0.864021224914659,0.3751323360257702,0.37513233602577023,0.8353117427801239,3.0261237596072585,0.35227802860844437
Digits,13,Logistic Regression,Temperature scaled,Gaussian noise,2.0,1.0905617996689145,360,0.4888888888888889,0.852509929142907,0.36362104025401815,0.36362104025401815,0.8240159435603156,2.8045942739698897,0.35187853311477413
Digits,13,Logistic Regression,Raw,Feature masking,0.0,1.0905617996689145,360,0.9555555555555556,0.9392808174237385,-0.016274738131817124,0.024863469707296575,0.07271605543854616,0.1445971839600183,0.004570312234259245
Digits,13,Logistic Regression,Temperature scaled,Feature masking,0.0,1.0905617996689145,360,0.9555555555555556,0.9307796788223497,-0.024775876733205915,0.031360017172829144,0.07392210756871903,0.1491469950160156,0.00456816685696913
Digits,13,Logistic Regression,Raw,Feature masking,0.1,1.0905617996689145,360,0.9361111111111111,0.9166427925321727,-0.01946831857893838,0.039001801262299546,0.09155026982624574,0.18136673066190742,0.006189779486895141
Digits,13,Logistic Regression,Temperature scaled,Feature masking,0.1,1.0905617996689145,360,0.9361111111111111,0.9052480108643549,-0.030863100246756203,0.054861478880615364,0.09329842112025724,0.1891597812805591,0.006225669756859814
Digits,13,Logistic Regression,Raw,Feature masking,0.2,1.0905617996689145,360,0.9083333333333333,0.8849142031920053,-0.023419130141328015,0.032487370854020675,0.14175538270236118,0.29105937873304616,0.02079415725384442
Digits,13,Logistic Regression,Temperature scaled,Feature masking,0.2,1.0905617996689145,360,0.9083333333333333,0.8702249112897051,-0.03810842204362819,0.04364212081137265,0.1437839454294002,0.29793534661975285,0.02069176315035129
Digits,13,Logistic Regression,Raw,Feature masking,0.3,1.0905617996689145,360,0.8611111111111112,0.8544109632885627,-0.006700147822548463,0.0360604799087631,0.2082378496975172,0.40674810517575444,0.04270794438969118
Digits,13,Logistic Regression,Temperature scaled,Feature masking,0.3,1.0905617996689145,360,0.8611111111111112,0.8362560588848579,-0.024855052226253282,0.04598411280942168,0.20963967592599625,0.412748315033755,0.04252771725092912
Digits,13,Logistic Regression,Raw,Feature masking,0.4,1.0905617996689145,360,0.8222222222222222,0.7913834827175403,-0.030838739504681856,0.06538252809733687,0.26730840548164453,0.5594363366884445,0.06978568024045773
Digits,13,Logistic Regression,Temperature scaled,Feature masking,0.4,1.0905617996689145,360,0.8222222222222222,0.769806348568844,-0.05241587365337819,0.06756592759790085,0.2710466646466806,0.5664464436428166,0.06983948707004388
Digits,13,Logistic Regression,Raw,Feature masking,0.5,1.0905617996689145,360,0.7611111111111111,0.7206452441410974,-0.04046586697001364,0.054920524652567415,0.346879519662117,0.7294728685918576,0.09056993667246079
Digits,13,Logistic Regression,Temperature scaled,Feature masking,0.5,1.0905617996689145,360,0.7611111111111111,0.6949548633169673,-0.06615624779414375,0.07322886888941628,0.35121010957208815,0.7400790729321136,0.09085843723045715
Digits,13,Random Forest,Raw,Gaussian noise,0.0,0.31490703126177394,360,0.9555555555555556,0.7171459553863654,-0.23840960016919022,0.23977915764874616,0.15749194575981457,0.399288296145254,0.0024503926376631424
Digits,13,Random Forest,Temperature scaled,Gaussian noise,0.0,0.31490703126177394,360,0.9555555555555556,0.9555019758785945,-5.357967696106858e-05,0.02061997509601344,0.05771437021202015,0.11044454274705573,0.002075950613083254
Digits,13,Random Forest,Raw,Gaussian noise,0.25,0.31490703126177394,360,0.9527777777777777,0.597134405362969,-0.3556433724148087,0.3556433724148088,0.24088508765304814,0.5835540842634453,0.0037910730457189792
Digits,13,Random Forest,Temperature scaled,Gaussian noise,0.25,0.31490703126177394,360,0.9527777777777777,0.9288753796876643,-0.023902398090113408,0.034316857390335145,0.06918171739154738,0.1400827684441372,0.003346712089517145
Digits,13,Random Forest,Raw,Gaussian noise,0.5,0.31490703126177394,360,0.9083333333333333,0.49660530543524906,-0.41172802789808427,0.4146609908610473,0.349964615796102,0.7938546602192175,0.015880417673141516
Digits,13,Random Forest,Temperature scaled,Gaussian noise,0.5,0.31490703126177394,360,0.9083333333333333,0.8802784579130821,-0.028054875420251202,0.03986488893749135,0.13389759426772904,0.26846726445862934,0.013587612713883685
Digits,13,Random Forest,Raw,Gaussian noise,1.0,0.31490703126177394,360,0.8222222222222222,0.3547888193442228,-0.4674334028779994,0.46743340287799945,0.5361536239006311,1.1774276874977767,0.06779720564344772
Digits,13,Random Forest,Temperature scaled,Gaussian noise,1.0,0.31490703126177394,360,0.8222222222222222,0.7530210945541562,-0.06920112766806596,0.07418949711424093,0.283960859146391,0.6007168135782215,0.06136928563916588
Digits,13,Random Forest,Raw,Gaussian noise,1.5,0.31490703126177394,360,0.6333333333333333,0.2928024919833253,-0.340530841350008,0.340530841350008,0.6639316104441496,1.4906803286635801,0.21585140082123366
Digits,13,Random Forest,Temperature scaled,Gaussian noise,1.5,0.31490703126177394,360,0.6333333333333333,0.6475346834331371,0.014201350099803833,0.053004233718813076,0.5228058429269956,1.1625319733401729,0.20064179822092737
Digits,13,Random Forest,Raw,Gaussian noise,2.0,0.31490703126177394,360,0.5222222222222223,0.2601266159611972,-0.26209560626102507,0.26352560626102506,0.7312696053894349,1.6819462555433884,0.33595370218441506
Digits,13,Random Forest,Temperature scaled,Gaussian noise,2.0,0.31490703126177394,360,0.5222222222222223,0.5858764215000829,0.06365419927786065,0.08839684572067344,0.6534344730329628,1.5210142250953171,0.32883583705062225
Digits,13,Random Forest,Raw,Feature masking,0.0,0.31490703126177394,360,0.9555555555555556,0.7171459553863653,-0.23840960016919033,0.23977915764874616,0.15749194575981457,0.399288296145254,0.0024503926376631424
Digits,13,Random Forest,Temperature scaled,Feature masking,0.0,0.31490703126177394,360,0.9555555555555556,0.9555019758785945,-5.357967696106858e-05,0.02061997509601344,0.05771437021202016,0.11044454274705574,0.002075950613083254
Digits,13,Random Forest,Raw,Feature masking,0.1,0.31490703126177394,360,0.9416666666666667,0.6153180200814515,-0.3263486465852151,0.3284284349450004,0.23413440008035247,0.5644643775240291,0.003282175019345863
Digits,13,Random Forest,Temperature scaled,Feature masking,0.1,0.31490703126177394,360,0.9416666666666667,0.9301197188367628,-0.011546947829903842,0.0425419434290111,0.07648701303336991,0.15914729091750013,0.003169698474237741
Digits,13,Random Forest,Raw,Feature masking,0.2,0.31490703126177394,360,0.8972222222222223,0.5324712257494498,-0.3647509964727724,0.3647509964727722,0.3199762660960267,0.7304187407864816,0.014937360281772978
Digits,13,Random Forest,Temperature scaled,Feature masking,0.2,0.31490703126177394,360,0.8972222222222223,0.8931505167148749,-0.004071705507347367,0.041349411289960815,0.1351779920371591,0.26363025367740306,0.013945100467205155
Digits,13,Random Forest,Raw,Feature masking,0.3,0.31490703126177394,360,0.8638888888888889,0.4620628270802977,-0.4018260618085912,0.40182606180859115,0.40720081306908634,0.8995815714211943,0.035653567028460266
Digits,13,Random Forest,Temperature scaled,Feature masking,0.3,0.31490703126177394,360,0.8638888888888889,0.8329655646860478,-0.030923324202841163,0.04945784423193477,0.20577689806406121,0.40957558552294476,0.031902286316587834
Digits,13,Random Forest,Raw,Feature masking,0.4,0.31490703126177394,360,0.7333333333333333,0.4011667642696651,-0.3321665690636682,0.3321665690636682,0.5114674356835571,1.1203103395579512,0.10637328862838716
Digits,13,Random Forest,Temperature scaled,Feature masking,0.4,0.31490703126177394,360,0.7333333333333333,0.7959069310272304,0.06257359769389714,0.08402967109566575,0.3753260039323128,0.7402109851447569,0.10695983027868418
Digits,13,Random Forest,Raw,Feature masking,0.5,0.31490703126177394,360,0.6388888888888888,0.3507983950617205,-0.28809049382716834,0.28809049382716845,0.604281676781057,1.3287976314867642,0.2034078154729331
Digits,13,Random Forest,Temperature scaled,Feature masking,0.5,0.31490703126177394,360,0.6388888888888888,0.7400608188195285,0.10117192993063961,0.12622607744192416,0.5171230694996475,1.079631504073314,0.20611928879846797
Digits,13,Gradient Boosting,Raw,Gaussian noise,0.0,0.8608207235337378,360,0.9666666666666667,0.9568672185297498,-0.00979944813691691,0.022902497685440698,0.056915502725728886,0.12214356938407378,0.0021702210567622273
Digits,13,Gradient Boosting,Temperature scaled,Gaussian noise,0.0,0.8608207235337378,360,0.9666666666666667,0.9666002602246885,-6.640644197819512e-05,0.01958953573232573,0.056952778747462636,0.12063138752031513,0.0021426858101901507
Digits,13,Gradient Boosting,Raw,Gaussian noise,0.25,0.8608207235337378,360,0.9361111111111111,0.9196304090836364,-0.01648070202747476,0.04490357838758769,0.07814239809177524,0.1721308769270344,0.003982885963045249
Digits,13,Gradient Boosting,Temperature scaled,Gaussian noise,0.25,0.8608207235337378,360,0.9361111111111111,0.9381812371900207,0.002070126078909551,0.03640116521960575,0.07641908553222275,0.15961585181747662,0.003933105281679367
Digits,13,Gradient Boosting,Raw,Gaussian noise,0.5,0.8608207235337378,360,0.875,0.8519692516180413,-0.023030748381958732,0.05672810597722468,0.18557015706059823,0.37852604234515025,0.0250942166128309
Digits,13,Gradient Boosting,Temperature scaled,Gaussian noise,0.5,0.8608207235337378,360,0.875,0.879504696925825,0.0045046969258250025,0.03744409529254572,0.18410693824024044,0.36975957268543136,0.024792367264348997
Digits,13,Gradient Boosting,Raw,Gaussian noise,1.0,0.8608207235337378,360,0.7194444444444444,0.7214712073609648,0.002026762916520375,0.07435120205547607,0.41561516265098725,0.9413140599335111,0.14065002975802643
Digits,13,Gradient Boosting,Temperature scaled,Gaussian noise,1.0,0.8608207235337378,360,0.7194444444444444,0.7645192295559948,0.045074785111550386,0.07218382513119229,0.4153810667115888,0.9635998004746322,0.13953256807142625
Digits,13,Gradient Boosting,Raw,Gaussian noise,1.5,0.8608207235337378,360,0.5305555555555556,0.6603286475202798,0.1297730919647242,0.13723612142133096,0.6408070142820317,1.4743322223344368,0.2920739016245941
Digits,13,Gradient Boosting,Temperature scaled,Gaussian noise,1.5,0.8608207235337378,360,0.5305555555555556,0.7063471762394534,0.17579162068389786,0.17579452261122433,0.6598796233407237,1.5577096580015557,0.2913784123310583
Digits,13,Gradient Boosting,Raw,Gaussian noise,2.0,0.8608207235337378,360,0.3611111111111111,0.6069236894368745,0.24581257832576336,0.2493809786594665,0.8454456614333133,2.049607176272064,0.46932441653892343
Digits,13,Gradient Boosting,Temperature scaled,Gaussian noise,2.0,0.8608207235337378,360,0.3611111111111111,0.6547645868208675,0.29365347570975636,0.2970741301747508,0.8797850159266776,2.2031568428931765,0.46966036727672394
Digits,13,Gradient Boosting,Raw,Feature masking,0.0,0.8608207235337378,360,0.9666666666666667,0.9568672185297498,-0.00979944813691691,0.022902497685440698,0.056915502725728886,0.12214356938407378,0.0021702210567622273
Digits,13,Gradient Boosting,Temperature scaled,Feature masking,0.0,0.8608207235337378,360,0.9666666666666667,0.9666002602246885,-6.640644197819512e-05,0.01958953573232573,0.056952778747462636,0.12063138752031513,0.0021426858101901507
Digits,13,Gradient Boosting,Raw,Feature masking,0.1,0.8608207235337378,360,0.9166666666666666,0.8966742153886414,-0.01999245127802518,0.04738344018130844,0.11470469601522974,0.2401641312710099,0.008692830919587429
Digits,13,Gradient Boosting,Temperature scaled,Feature masking,0.1,0.8608207235337378,360,0.9166666666666666,0.9153194672495684,-0.001347199417098266,0.027363110891739616,0.11342091882140798,0.23085270619077122,0.008630487464953164
Digits,13,Gradient Boosting,Raw,Feature masking,0.2,0.8608207235337378,360,0.8722222222222222,0.8534385582606273,-0.01878366396159492,0.038106464254733616,0.19237772032233783,0.41422248002895756,0.025244914082458134
Digits,13,Gradient Boosting,Temperature scaled,Feature masking,0.2,0.8608207235337378,360,0.8722222222222222,0.8810491621565388,0.008826939934316602,0.050800896303532246,0.19168018242478502,0.4097579130627302,0.024637997957279528
Digits,13,Gradient Boosting,Raw,Feature masking,0.3,0.8608207235337378,360,0.7916666666666666,0.80142203027741,0.009755363610743362,0.06308788843915172,0.2990998994748511,0.6433198787386822,0.06278058189972453
Digits,13,Gradient Boosting,Temperature scaled,Feature masking,0.3,0.8608207235337378,360,0.7916666666666666,0.8327064870747812,0.0410398204081146,0.06991267810630918,0.30005291246721927,0.6543202239696261,0.06255518612853503
Digits,13,Gradient Boosting,Raw,Feature masking,0.4,0.8608207235337378,360,0.6722222222222223,0.7325497460161189,0.06032752379389661,0.09789600185972788,0.45865863375118543,0.9995257241889789,0.14938261806180675
Digits,13,Gradient Boosting,Temperature scaled,Feature masking,0.4,0.8608207235337378,360,0.6722222222222223,0.774161272889253,0.10193905066703068,0.11502859102470503,0.46822146564013517,1.034256351279084,0.1488775634115364
Digits,13,Gradient Boosting,Raw,Feature masking,0.5,0.8608207235337378,360,0.5805555555555556,0.6768358550856902,0.09628029953013462,0.10890293495119796,0.5494536390900291,1.259758254497981,0.21289780107004735
Digits,13,Gradient Boosting,Temperature scaled,Feature masking,0.5,0.8608207235337378,360,0.5805555555555556,0.7212696902251898,0.14071413466963423,0.14071413466963423,0.5615310632376984,1.312338941918491,0.21237085636566583
Digits,14,Logistic Regression,Raw,Gaussian noise,0.0,0.9492271972699562,360,0.9638888888888889,0.9544459157622192,-0.009442973126669751,0.02439376486580998,0.050739963436252825,0.11878832020293034,0.0014570030846023491
Digits,14,Logistic Regression,Temperature scaled,Gaussian noise,0.0,0.9492271972699562,360,0.9638888888888889,0.9584917363960658,-0.005397152492823132,0.023406530166774586,0.05043827041143001,0.1174404564551546,0.0014579299617969751
Digits,14,Logistic Regression,Raw,Gaussian noise,0.25,0.9492271972699562,360,0.9583333333333334,0.9492491453128895,-0.009084188020443862,0.03462639486258228,0.05544044935870511,0.13158246014960326,0.0020474833069826816
Digits,14,Logistic Regression,Temperature scaled,Gaussian noise,0.25,0.9492271972699562,360,0.9583333333333334,0.953428649480786,-0.004904683852547387,0.02901830974117848,0.05500100135465191,0.13032613619703826,0.0020474833069826816
Digits,14,Logistic Regression,Raw,Gaussian noise,0.5,0.9492271972699562,360,0.9194444444444444,0.9258217516457312,0.006377307201286819,0.03809369120288706,0.10376779110560794,0.23437063236876976,0.007017572854243198
Digits,14,Logistic Regression,Temperature scaled,Gaussian noise,0.5,0.9492271972699562,360,0.9194444444444444,0.9304335561288121,0.01098911168436767,0.037318455425399716,0.10381085008386,0.236020993164691,0.007068755534347
Digits,14,Logistic Regression,Raw,Gaussian noise,1.0,0.9492271972699562,360,0.7722222222222223,0.8873792252780947,0.1151570030558724,0.11949776149919525,0.3351937567806287,0.8332706091572346,0.07967654783529388
Digits,14,Logistic Regression,Temperature scaled,Gaussian noise,1.0,0.9492271972699562,360,0.7722222222222223,0.893494964660249,0.12127274243802677,0.12127274243802671,0.3381700037347424,0.8620908983961998,0.07971336146294361
Digits,14,Logistic Regression,Raw,Gaussian noise,1.5,0.9492271972699562,360,0.5888888888888889,0.8584188405230384,0.2695299516341495,0.26952995163414967,0.6429258433090048,1.9149849407374324,0.23055451355386095
Digits,14,Logistic Regression,Temperature scaled,Gaussian noise,1.5,0.9492271972699562,360,0.5888888888888889,0.8653965437709421,0.2765076548820532,0.2765076548820532,0.6493984894172091,1.9984638934420909,0.23039494442795233
Digits,14,Logistic Regression,Raw,Gaussian noise,2.0,0.9492271972699562,360,0.5138888888888888,0.8753655972317316,0.36147670834284273,0.36275226198120525,0.8005883773265657,3.1520810447880483,0.3250298379488353
Digits,14,Logistic Regression,Temperature scaled,Gaussian noise,2.0,0.9492271972699562,360,0.5138888888888888,0.8817999709043959,0.36791108201550704,0.36911318291126105,0.8070485216500731,3.299761479037203,0.3254955952106867
Digits,14,Logistic Regression,Raw,Feature masking,0.0,0.9492271972699562,360,0.9638888888888889,0.9544459157622192,-0.009442973126669751,0.02439376486580998,0.050739963436252825,0.11878832020293034,0.0014570030846023491
Digits,14,Logistic Regression,Temperature scaled,Feature masking,0.0,0.9492271972699562,360,0.9638888888888889,0.9584917363960658,-0.005397152492823132,0.023406530166774586,0.05043827041143001,0.1174404564551546,0.0014579299617969751
Digits,14,Logistic Regression,Raw,Feature masking,0.1,0.9492271972699562,360,0.95,0.9406040909784524,-0.009395909021547522,0.02756305907969179,0.07656368089517648,0.1665803145928342,0.005333804458932282
Digits,14,Logistic Regression,Temperature scaled,Feature masking,0.1,0.9492271972699562,360,0.95,0.9462957643046044,-0.0037042356953955746,0.024833088103845775,0.076435597087202,0.16506874549143044,0.005328156481466282
Digits,14,Logistic Regression,Raw,Feature masking,0.2,0.9492271972699562,360,0.9083333333333333,0.8961222810924435,-0.012211052240889808,0.020827892372096934,0.1377617970347009,0.2964433070987374,0.020727010046315483
Digits,14,Logistic Regression,Temperature scaled,Feature masking,0.2,0.9492271972699562,360,0.9083333333333333,0.903338953873425,-0.004994379459908327,0.014716579440503813,0.13725799856919485,0.29627496878794424,0.020748921673158244
Digits,14,Logistic Regression,Raw,Feature masking,0.3,0.9492271972699562,360,0.8833333333333333,0.8610375738468939,-0.02229575948643936,0.03849249848846835,0.16923930629807096,0.36243794062030404,0.021280190006569364
Digits,14,Logistic Regression,Temperature scaled,Feature masking,0.3,0.9492271972699562,360,0.8833333333333333,0.871026460257124,-0.012306873076209257,0.024362265475411628,0.1683945740653967,0.3594798960363952,0.021206672733886763
Digits,14,Logistic Regression,Raw,Feature masking,0.4,0.9492271972699562,360,0.8333333333333334,0.7995427937318181,-0.033790539601515235,0.05909759642189912,0.23213250563210797,0.493170597913053,0.03486059083951235
Digits,14,Logistic Regression,Temperature scaled,Feature masking,0.4,0.9492271972699562,360,0.8333333333333334,0.8113783069984998,-0.021955026334833594,0.06226205532219678,0.23069630733278948,0.4891634870891224,0.034907902392160524
Digits,14,Logistic Regression,Raw,Feature masking,0.5,0.9492271972699562,360,0.7472222222222222,0.7435212431331029,-0.0037009790891193717,0.06840135810705693,0.371390202947942,0.7367852123961128,0.11662919460939294
Digits,14,Logistic Regression,Temperature scaled,Feature masking,0.5,0.9492271972699562,360,0.7472222222222222,0.7576785687962303,0.010456346574008069,0.06356467294371516,0.37171038808866336,0.7373573623542449,0.11632906294694206
Digits,14,Random Forest,Raw,Gaussian noise,0.0,0.28308788839696897,360,0.9694444444444444,0.7260742577494183,-0.2433701866950262,0.24469953413770265,0.1443487600545249,0.38329078926320614,0.001187541784334742
Digits,14,Random Forest,Temperature scaled,Gaussian noise,0.0,0.28308788839696897,360,0.9694444444444444,0.970108490645027,0.0006640462005825798,0.013540496585923649,0.047766902646241956,0.10876684147787259,0.0012258079056555679
Digits,14,Random Forest,Raw,Gaussian noise,0.25,0.28308788839696897,360,0.9638888888888889,0.5990857845257199,-0.364803104363169,0.36480310436316893,0.23929480562658836,0.5862694846338989,0.0015650102453753003
Digits,14,Random Forest,Temperature scaled,Gaussian noise,0.25,0.28308788839696897,360,0.9638888888888889,0.9505816395995796,-0.013307249289309264,0.03384445131739755,0.061563988414888776,0.15043891063544104,0.001857578474359293
Digits,14,Random Forest,Raw,Gaussian noise,0.5,0.28308788839696897,360,0.95,0.507584696568818,-0.44241530343118196,0.442415303431182,0.3292376660098678,0.7612591753304249,0.00626532859178691
Digits,14,Random Forest,Temperature scaled,Gaussian noise,0.5,0.28308788839696897,360,0.95,0.9131272389629008,-0.03687276103709913,0.038556449145520685,0.0865964561624999,0.20627628215696497,0.0059429667110480556
Digits,14,Random Forest,Raw,Gaussian noise,1.0,0.28308788839696897,360,0.7666666666666667,0.3668651428618413,-0.3998015238048254,0.40051559787889945,0.5259415027963071,1.1649814487468988,0.06645525422332002
Digits,14,Random Forest,Temperature scaled,Gaussian noise,1.0,0.28308788839696897,360,0.7666666666666667,0.7754713393528622,0.008804672686195447,0.04579243895398519,0.30231090678786143,0.634244303258958,0.061625089510991694
Digits,14,Random Forest,Raw,Gaussian noise,1.5,0.28308788839696897,360,0.6305555555555555,0.2899998275707554,-0.34055572798480016,0.3405557279848002,0.669400272769871,1.491760221304384,0.23880246062515803
Digits,14,Random Forest,Temperature scaled,Gaussian noise,1.5,0.28308788839696897,360,0.6305555555555555,0.6807753019966144,0.050219746441058866,0.08813820217069694,0.5337982233937731,1.1616426790000975,0.236966146586605
Digits,14,Random Forest,Raw,Gaussian noise,2.0,0.28308788839696897,360,0.45555555555555555,0.263808829565492,-0.19174672599006354,0.19174672599006357,0.7349765215131492,1.6791585299992537,0.37742441412565986
Digits,14,Random Forest,Temperature scaled,Gaussian noise,2.0,0.28308788839696897,360,0.45555555555555555,0.6262969209619906,0.17074136540643509,0.17352983210883677,0.7081531669149134,1.5868652060641437,0.3625875165436567
Digits,14,Random Forest,Raw,Feature masking,0.0,0.28308788839696897,360,0.9694444444444444,0.7260742577494183,-0.2433701866950262,0.24469953413770265,0.1443487600545249,0.38329078926320614,0.001187541784334742
Digits,14,Random Forest,Temperature scaled,Feature masking,0.0,0.28308788839696897,360,0.9694444444444444,0.970108490645027,0.0006640462005825798,0.013540496585923649,0.047766902646241956,0.10876684147787259,0.0012258079056555679
Digits,14,Random Forest,Raw,Feature masking,0.1,0.28308788839696897,360,0.9472222222222222,0.6209685015417175,-0.32625372068050473,0.3262537206805048,0.22931931533189293,0.5594804091809762,0.004210478354056076
Digits,14,Random Forest,Temperature scaled,Feature masking,0.1,0.28308788839696897,360,0.9472222222222222,0.9486255136312047,0.0014032914089825432,0.016141687795136004,0.07509471529892228,0.16940854674022424,0.004188297887344487
Digits,14,Random Forest,Raw,Feature masking,0.2,0.28308788839696897,360,0.925,0.5365268049541849,-0.3884731950458151,0.38946240139502153,0.3100588847392248,0.7167058355889687,0.010640107139618106
Digits,14,Random Forest,Temperature scaled,Feature masking,0.2,0.28308788839696897,360,0.925,0.9184576334620445,-0.006542366537955591,0.021341072695136305,0.11133969238480468,0.24007816313386843,0.009845303714848798
Digits,14,Random Forest,Raw,Feature masking,0.3,0.28308788839696897,360,0.8527777777777777,0.45689122157612855,-0.3958865562016492,0.39588655620164925,0.41394530871204693,0.9176686317405391,0.03435635408121979
Digits,14,Random Forest,Temperature scaled,Feature masking,0.3,0.28308788839696897,360,0.8527777777777777,0.854440427935869,0.0016626501580913056,0.06426901701212229,0.22057061105465034,0.4130177643019789,0.03431957121936134
Digits,14,Random Forest,Raw,Feature masking,0.4,0.28308788839696897,360,0.775,0.38862133758215534,-0.3863786624178447,0.38637866241784474,0.5053529372457165,1.1073470498049067,0.076520669910385
Digits,14,Random Forest,Temperature scaled,Feature masking,0.4,0.28308788839696897,360,0.775,0.7985028126439062,0.02350281264390619,0.0563244255430046,0.31108795452644056,0.631330253667769,0.07061294915448003
Digits,14,Random Forest,Raw,Feature masking,0.5,0.28308788839696897,360,0.6277777777777778,0.35243554032387114,-0.2753422374539066,0.2753422374539067,0.5932303314302634,1.2928327836169748,0.1952935383742059
Digits,14,Random Forest,Temperature scaled,Feature masking,0.5,0.28308788839696897,360,0.6277777777777778,0.7597282395057394,0.13195046172796165,0.14125793989488467,0.5113335024289927,1.0121194836553555,0.19353987894888977
Digits,14,Gradient Boosting,Raw,Gaussian noise,0.0,0.9055314294870954,360,0.9555555555555556,0.9617617905294357,0.006206234973880065,0.01708994213100939,0.06303387484900475,0.15111459242052633,0.0030820846839659743
Digits,14,Gradient Boosting,Temperature scaled,Gaussian noise,0.0,0.9055314294870954,360,0.9555555555555556,0.9681149159733706,0.012559360417815024,0.018933581896260966,0.06329482279089339,0.1540574675625526,0.003055588519190013
Digits,14,Gradient Boosting,Raw,Gaussian noise,0.25,0.9055314294870954,360,0.9361111111111111,0.9263387170875464,-0.009772394023564668,0.03308025123955267,0.08891232781356567,0.2195823358587674,0.006916617844190447
Digits,14,Gradient Boosting,Temperature scaled,Gaussian noise,0.25,0.9055314294870954,360,0.9361111111111111,0.9383035325791897,0.0021924214680786314,0.019172718493454137,0.08802264370760157,0.21752819658471775,0.006885693586249752
Digits,14,Gradient Boosting,Raw,Gaussian noise,0.5,0.9055314294870954,360,0.875,0.8673272741577478,-0.007672725842252204,0.04820653479014602,0.1945459381467473,0.4344549981330443,0.026068038104773407
Digits,14,Gradient Boosting,Temperature scaled,Gaussian noise,0.5,0.9055314294870954,360,0.875,0.8838994356568912,0.00889943565689122,0.062073135608765595,0.19487750497321724,0.43786704864289383,0.025829871583674127
Digits,14,Gradient Boosting,Raw,Gaussian noise,1.0,0.9055314294870954,360,0.675,0.7365533224826347,0.061553322482634676,0.09326746259595356,0.47156801638850443,1.0769985130777402,0.14474760506084985
Digits,14,Gradient Boosting,Temperature scaled,Gaussian noise,1.0,0.9055314294870954,360,0.675,0.762307155181594,0.08730715518159393,0.10911511061537747,0.4785408773485703,1.1103315646021352,0.1450292347553912
Digits,14,Gradient Boosting,Raw,Gaussian noise,1.5,0.9055314294870954,360,0.4861111111111111,0.6548834567764362,0.16877234566532512,0.18728353080407356,0.7327905026168613,1.7959416980740988,0.39859258786996365
Digits,14,Gradient Boosting,Temperature scaled,Gaussian noise,1.5,0.9055314294870954,360,0.4861111111111111,0.6849687343816967,0.1988576232705856,0.2013019882459901,0.7461981807248768,1.8813509261023238,0.39881711169324646
Digits,14,Gradient Boosting,Raw,Gaussian noise,2.0,0.9055314294870954,360,0.4083333333333333,0.6216320849892866,0.21329875165595324,0.23737264156343202,0.8376503413258155,2.0745445742108326,0.492073509544365
Digits,14,Gradient Boosting,Temperature scaled,Gaussian noise,2.0,0.9055314294870954,360,0.4083333333333333,0.6531723779324972,0.24483904459916384,0.25056950722652377,0.8572030013847508,2.177487118775027,0.4905904854309979
Digits,14,Gradient Boosting,Raw,Feature masking,0.0,0.9055314294870954,360,0.9555555555555556,0.9617617905294357,0.006206234973880065,0.01708994213100939,0.06303387484900475,0.15111459242052633,0.0030820846839659743
Digits,14,Gradient Boosting,Temperature scaled,Feature masking,0.0,0.9055314294870954,360,0.9555555555555556,0.9681149159733706,0.012559360417815024,0.018933581896260966,0.06329482279089339,0.1540574675625526,0.003055588519190013
Digits,14,Gradient Boosting,Raw,Feature masking,0.1,0.9055314294870954,360,0.9083333333333333,0.9113172562100061,0.0029839228766728176,0.03329719324225458,0.1404390635313652,0.31318962123968885,0.013488781534922072
Digits,14,Gradient Boosting,Temperature scaled,Feature masking,0.1,0.9055314294870954,360,0.9083333333333333,0.9240367535219125,0.015703420188579176,0.03497518924340817,0.14105787412202564,0.31654813230688317,0.013440976465255314
Digits,14,Gradient Boosting,Raw,Feature masking,0.2,0.9055314294870954,360,0.8361111111111111,0.8658196083318397,0.029708497220728547,0.0650861532462096,0.25009554316390964,0.5341400854465672,0.04110921744950971
Digits,14,Gradient Boosting,Temperature scaled,Feature masking,0.2,0.9055314294870954,360,0.8361111111111111,0.8824429131930107,0.046331802081899576,0.07461264183091934,0.2531847536686534,0.5469596073474821,0.04080126263113642
Digits,14,Gradient Boosting,Raw,Feature masking,0.3,0.9055314294870954,360,0.7694444444444445,0.787212981436294,0.01776853699184955,0.06577020034208564,0.3332247166772627,0.7388879906978922,0.07142642504453325
Digits,14,Gradient Boosting,Temperature scaled,Feature masking,0.3,0.9055314294870954,360,0.7694444444444445,0.8086963706583602,0.03925192621391571,0.08023789503870335,0.3357138328788436,0.7499243854875922,0.07145847596978722
Digits,14,Gradient Boosting,Raw,Feature masking,0.4,0.9055314294870954,360,0.6583333333333333,0.7395334936292254,0.08120016029589205,0.11087556868213555,0.4532878018412583,1.0162728509280394,0.13418793067429663
Digits,14,Gradient Boosting,Temperature scaled,Feature masking,0.4,0.9055314294870954,360,0.6583333333333333,0.7654814313172693,0.10714809798393599,0.11473638745038747,0.45965220597293144,1.040355260013846,0.13346891382067472
Digits,14,Gradient Boosting,Raw,Feature masking,0.5,0.9055314294870954,360,0.5416666666666666,0.6955175831369175,0.15385091647025084,0.17738975408650173,0.6260722590910638,1.4566927414186577,0.26408697412573195
Digits,14,Gradient Boosting,Temperature scaled,Feature masking,0.5,0.9055314294870954,360,0.5416666666666666,0.7239665710655601,0.18229990439889343,0.19351117321920053,0.6381897136109222,1.5130478567550978,0.263864321612429
Digits,15,Logistic Regression,Raw,Gaussian noise,0.0,0.9301351113070186,360,0.9777777777777777,0.9630623081011139,-0.014715469676663817,0.019477306988364553,0.036739098961435866,0.07691041112380868,0.0016760131804405332
Digits,15,Logistic Regression,Temperature scaled,Gaussian noise,0.0,0.9301351113070186,360,0.9777777777777777,0.9678477488168817,-0.009930028960896009,0.01616615485492427,0.03619618192381616,0.07384012664089637,0.0016675266611966065
Digits,15,Logistic Regression,Raw,Gaussian noise,0.25,0.9301351113070186,360,0.9611111111111111,0.9561357978591108,-0.004975313252000291,0.0186604919573987,0.05357712324088419,0.10443209803141244,0.004623723758224985
Digits,15,Logistic Regression,Temperature scaled,Gaussian noise,0.25,0.9301351113070186,360,0.9611111111111111,0.9609938087252232,-0.00011730238588791853,0.026915656609421752,0.05351148277506771,0.10257195862742349,0.004619569845126038
Digits,15,Logistic Regression,Raw,Gaussian noise,0.5,0.9301351113070186,360,0.9444444444444444,0.9355130979950087,-0.008931346449435718,0.03328824014550299,0.0877493513299911,0.161211370285792,0.0069199873432841995
Digits,15,Logistic Regression,Temperature scaled,Gaussian noise,0.5,0.9301351113070186,360,0.9444444444444444,0.9418765855819894,-0.0025678588624550303,0.025947575780136338,0.08796228363223145,0.1595494132053982,0.006822197691800836
Digits,15,Logistic Regression,Raw,Gaussian noise,1.0,0.9301351113070186,360,0.8222222222222222,0.906662082499416,0.08443986027719386,0.09587192233778646,0.2860705695248869,0.6282195254158051,0.05171748329757894
Digits,15,Logistic Regression,Temperature scaled,Gaussian noise,1.0,0.9301351113070186,360,0.8222222222222222,0.9144171592631024,0.09219493704088022,0.1041937005710527,0.2898804985435121,0.6571257048696846,0.0520813559975534
Digits,15,Logistic Regression,Raw,Gaussian noise,1.5,0.9301351113070186,360,0.6444444444444445,0.8850785794905901,0.24063413504614561,0.26968041691191214,0.6088975731948819,1.9095426597488243,0.22044403903406884
Digits,15,Logistic Regression,Temperature scaled,Gaussian noise,1.5,0.9301351113070186,360,0.6444444444444445,0.8935929725662507,0.2491485281218062,0.26330603062064584,0.6159277829983604,2.0310777297310167,0.2209040799492482
Digits,15,Logistic Regression,Raw,Gaussian noise,2.0,0.9301351113070186,360,0.5388888888888889,0.8732204930273487,0.33433160413845986,0.33623902432690833,0.7905876904253846,2.9837295149619574,0.31953838742787877
Digits,15,Logistic Regression,Temperature scaled,Gaussian noise,2.0,0.9301351113070186,360,0.5388888888888889,0.8823009043322811,0.3434120154433923,0.3453779979228563,0.7994040134613875,3.1839895001143703,0.3197348892730276
Digits,15,Logistic Regression,Raw,Feature masking,0.0,0.9301351113070186,360,0.9777777777777777,0.9630623081011139,-0.014715469676663817,0.019477306988364553,0.036739098961435866,0.07691041112380868,0.0016760131804405332
Digits,15,Logistic Regression,Temperature scaled,Feature masking,0.0,0.9301351113070186,360,0.9777777777777777,0.9678477488168817,-0.009930028960896009,0.01616615485492427,0.03619618192381616,0.07384012664089637,0.0016675266611966065
Digits,15,Logistic Regression,Raw,Feature masking,0.1,0.9301351113070186,360,0.95,0.940441486562908,-0.009558513437091909,0.027960960051435096,0.06924511524393154,0.13491628674963682,0.00409338730582004
Digits,15,Logistic Regression,Temperature scaled,Feature masking,0.1,0.9301351113070186,360,0.95,0.9470406288099865,-0.002959371190013438,0.025139120329081166,0.06887915698198457,0.13173138201526027,0.004033261103482002
Digits,15,Logistic Regression,Raw,Feature masking,0.2,0.9301351113070186,360,0.9277777777777778,0.9036633956082061,-0.024114382169571735,0.04187651606245882,0.10828694925323937,0.21863806208132697,0.008756794006541162
Digits,15,Logistic Regression,Temperature scaled,Feature masking,0.2,0.9301351113070186,360,0.9277777777777778,0.9132789746084538,-0.01449880316932406,0.03501840430638421,0.10699914044659004,0.21408056829310818,0.008671025783555948
Digits,15,Logistic Regression,Raw,Feature masking,0.3,0.9301351113070186,360,0.8972222222222223,0.8696669665468171,-0.027555255675405177,0.035445935577651,0.15633484090256747,0.3071211568100245,0.018217421732823
Digits,15,Logistic Regression,Temperature scaled,Feature masking,0.3,0.9301351113070186,360,0.8972222222222223,0.8827250566617361,-0.014497165560486192,0.022090293932635518,0.1554549891405627,0.30104742530971507,0.01824437015190642
Digits,15,Logistic Regression,Raw,Feature masking,0.4,0.9301351113070186,360,0.85,0.8195496814851339,-0.030450318514866126,0.06314051621003311,0.23150875575794366,0.46239692993521775,0.04790514902940303
Digits,15,Logistic Regression,Temperature scaled,Feature masking,0.4,0.9301351113070186,360,0.85,0.8343358969334697,-0.01566410306653032,0.07636769476784644,0.23057686003594513,0.4588568896933169,0.047883730864910795
Digits,15,Logistic Regression,Raw,Feature masking,0.5,0.9301351113070186,360,0.7777777777777778,0.7541241349063148,-0.023653642871462988,0.05251724096490941,0.32760951324796195,0.6460811470509553,0.08733682075380839
Digits,15,Logistic Regression,Temperature scaled,Feature masking,0.5,0.9301351113070186,360,0.7777777777777778,0.7735403811861944,-0.004237396591583398,0.07063552159516243,0.3271886807451962,0.6415230120874765,0.08733542264369357
Digits,15,Random Forest,Raw,Gaussian noise,0.0,0.29825777746197385,360,0.9722222222222222,0.7427786022918803,-0.2294436199303419,0.22944361993034204,0.1300540423640892,0.3471002524100967,0.001041475893102961
Digits,15,Random Forest,Temperature scaled,Gaussian noise,0.0,0.29825777746197385,360,0.9722222222222222,0.9620958221416231,-0.010126400080599063,0.017914502940603906,0.038468621949708376,0.07432523074640912,0.0009192052939313956
Digits,15,Random Forest,Raw,Gaussian noise,0.25,0.29825777746197385,360,0.9555555555555556,0.6106356084653946,-0.34491994709016105,0.344919947090161,0.22550507280616558,0.5498851537415311,0.002642756216439991
Digits,15,Random Forest,Temperature scaled,Gaussian noise,0.25,0.29825777746197385,360,0.9555555555555556,0.9431124915127344,-0.01244306404282125,0.03426867061547432,0.05068107605037697,0.09944283868959958,0.0016736288356432355
Digits,15,Random Forest,Raw,Gaussian noise,0.5,0.29825777746197385,360,0.9361111111111111,0.4944418518518038,-0.44166925925930733,0.4416692592593074,0.3464670010179659,0.786212166901393,0.00976609369968776
Digits,15,Random Forest,Temperature scaled,Gaussian noise,0.5,0.29825777746197385,360,0.9361111111111111,0.887784544028322,-0.04832656708278915,0.05384635778619781,0.10901292873196415,0.21971159706220797,0.008631428899607708
Digits,15,Random Forest,Raw,Gaussian noise,1.0,0.29825777746197385,360,0.7972222222222223,0.3623544753086258,-0.4348677469135965,0.4348677469135966,0.524952889813998,1.1569385219206747,0.056385529408401185
Digits,15,Random Forest,Temperature scaled,Gaussian noise,1.0,0.29825777746197385,360,0.7972222222222223,0.7705539979800266,-0.026668224242195726,0.04912570758867061,0.27808416604967645,0.5792374096820806,0.04890188576732006
Digits,15,Random Forest,Raw,Gaussian noise,1.5,0.29825777746197385,360,0.65,0.30174601851851496,-0.34825398148148506,0.34825398148148506,0.6446295971360149,1.4403046702279998,0.1820795143516381
Digits,15,Random Forest,Temperature scaled,Gaussian noise,1.5,0.29825777746197385,360,0.65,0.6836134814775187,0.033613481477518636,0.06048650075859945,0.4915149316013248,1.0625639915092335,0.1765322066775199
Digits,15,Random Forest,Raw,Gaussian noise,2.0,0.29825777746197385,360,0.4666666666666667,0.26922311728394993,-0.19744354938271674,0.19744354938271666,0.7291269038669551,1.6742220133943817,0.3380531205159265
Digits,15,Random Forest,Temperature scaled,Gaussian noise,2.0,0.29825777746197385,360,0.4666666666666667,0.6273872114893967,0.16072054482273002,0.16072054482273004,0.6995052366227248,1.5921533311444278,0.3545267749347117
Digits,15,Random Forest,Raw,Feature masking,0.0,0.29825777746197385,360,0.9722222222222222,0.7427786022918803,-0.2294436199303419,0.22944361993034204,0.1300540423640892,0.3471002524100967,0.001041475893102961
Digits,15,Random Forest,Temperature scaled,Feature masking,0.0,0.29825777746197385,360,0.9722222222222222,0.9620958221416231,-0.010126400080599063,0.017914502940603906,0.03846862194970837,0.07432523074640912,0.0009192052939313956
Digits,15,Random Forest,Raw,Feature masking,0.1,0.29825777746197385,360,0.9638888888888889,0.6411343518515409,-0.322754537037348,0.32275453703734786,0.2061746777088221,0.5116706688371481,0.00229090182136448
Digits,15,Random Forest,Temperature scaled,Feature masking,0.1,0.29825777746197385,360,0.9638888888888889,0.9393154076386474,-0.024573481250241502,0.03309647424765887,0.062090916904193785,0.1297718522930521,0.0022430522177703735
Digits,15,Random Forest,Raw,Feature masking,0.2,0.29825777746197385,360,0.9138888888888889,0.5428436904760224,-0.37104519841286643,0.37104519841286643,0.3096064838671131,0.7062189351867717,0.014586188720159399
Digits,15,Random Forest,Temperature scaled,Feature masking,0.2,0.29825777746197385,360,0.9138888888888889,0.8980281609927323,-0.015860727896156557,0.039585425834575555,0.12495800959219219,0.23710120108498442,0.01208753892485274
Digits,15,Random Forest,Raw,Feature masking,0.3,0.29825777746197385,360,0.8611111111111112,0.45700778218689636,-0.4041033289242148,0.40630473985895904,0.41282717682978287,0.907168636272526,0.041883418212159254
Digits,15,Random Forest,Temperature scaled,Feature masking,0.3,0.29825777746197385,360,0.8611111111111112,0.8448975203374945,-0.016213590773616615,0.04524519405227255,0.20803993732001505,0.4043942393521482,0.03619299900045528
Digits,15,Random Forest,Raw,Feature masking,0.4,0.29825777746197385,360,0.7388888888888889,0.40577317019398185,-0.3331157186949071,0.33311571869490697,0.500448405692892,1.09254270191742,0.09238600285786386
Digits,15,Random Forest,Temperature scaled,Feature masking,0.4,0.29825777746197385,360,0.7388888888888889,0.8057128188268362,0.06682392993794728,0.0853009318582338,0.3602547500569781,0.6813237301325654,0.09272815903660912
Digits,15,Random Forest,Raw,Feature masking,0.5,0.29825777746197385,360,0.5972222222222222,0.3493121516754744,-0.2479100705467478,0.24791007054674782,0.6032913718246321,1.3071092013270413,0.221069728417502
Digits,15,Random Forest,Temperature scaled,Feature masking,0.5,0.29825777746197385,360,0.5972222222222222,0.7355129942999529,0.13829077207773066,0.14237487820937314,0.5304537426603446,1.0240612906501638,0.2113765765886666
Digits,15,Gradient Boosting,Raw,Gaussian noise,0.0,0.9092084556804442,360,0.975,0.9677534172245947,-0.007246582775405241,0.01751700341825684,0.034343684312876537,0.0851115181626094,0.0017714390831303397
Digits,15,Gradient Boosting,Temperature scaled,Gaussian noise,0.0,0.9092084556804442,360,0.975,0.9727715482088276,-0.00222845179117237,0.023963217712568742,0.033487427435118296,0.08358073031658134,0.001801792720654413
Digits,15,Gradient Boosting,Raw,Gaussian noise,0.25,0.9092084556804442,360,0.95,0.9174987667980161,-0.03250123320198384,0.03804682945463895,0.07041708353772308,0.16038413446530062,0.004763687026184046
Digits,15,Gradient Boosting,Temperature scaled,Gaussian noise,0.25,0.9092084556804442,360,0.95,0.928199795446994,-0.02180020455300591,0.029057872696777582,0.06737805735491885,0.1512159762401759,0.00473927378934968
Digits,15,Gradient Boosting,Raw,Gaussian noise,0.5,0.9092084556804442,360,0.8916666666666667,0.8474708362378117,-0.044195830428855,0.0648703955206258,0.1736856322816737,0.36238923508237314,0.021683340248040157
Digits,15,Gradient Boosting,Temperature scaled,Gaussian noise,0.5,0.9092084556804442,360,0.8916666666666667,0.865362057073637,-0.026304609593029715,0.047916159291253826,0.17113717387325675,0.35256668822771214,0.02161477609858796
Digits,15,Gradient Boosting,Raw,Gaussian noise,1.0,0.9092084556804442,360,0.6805555555555556,0.7380902535374844,0.057534697981928784,0.08364018349541268,0.4545880215040995,0.991063141814416,0.1349258137260744
Digits,15,Gradient Boosting,Temperature scaled,Gaussian noise,1.0,0.9092084556804442,360,0.6805555555555556,0.7633571739843001,0.08280161842874456,0.10191666682293961,0.4608658496798553,1.0128644607677038,0.13503578288037435
Digits,15,Gradient Boosting,Raw,Gaussian noise,1.5,0.9092084556804442,360,0.5472222222222223,0.646410982709646,0.09918876048742375,0.11089851574797963,0.6414025670910675,1.5317831832527804,0.2960233232622197
Digits,15,Gradient Boosting,Temperature scaled,Gaussian noise,1.5,0.9092084556804442,360,0.5472222222222223,0.6751472528321413,0.127925030609919,0.13280892199810046,0.649560268597038,1.5839775961078268,0.29561144757500124
Digits,15,Gradient Boosting,Raw,Gaussian noise,2.0,0.9092084556804442,360,0.3861111111111111,0.6037136234699488,0.2176025123588377,0.22932014577519563,0.8183922443295575,1.9701299784098536,0.479243160133497
Digits,15,Gradient Boosting,Temperature scaled,Gaussian noise,2.0,0.9092084556804442,360,0.3861111111111111,0.6343542080397022,0.2482430969285911,0.26234909126618733,0.8370793035919292,2.053288735876476,0.4804240852833745
Digits,15,Gradient Boosting,Raw,Feature masking,0.0,0.9092084556804442,360,0.975,0.9677534172245947,-0.007246582775405241,0.01751700341825684,0.034343684312876537,0.0851115181626094,0.0017714390831303397
Digits,15,Gradient Boosting,Temperature scaled,Feature masking,0.0,0.9092084556804442,360,0.975,0.9727715482088276,-0.00222845179117237,0.023963217712568742,0.033487427435118296,0.08358073031658134,0.001801792720654413
Digits,15,Gradient Boosting,Raw,Feature masking,0.1,0.9092084556804442,360,0.9611111111111111,0.9280177962532056,-0.033093314857905565,0.047502825940406716,0.08108717771041411,0.20840078607205637,0.00887786611511469
Digits,15,Gradient Boosting,Temperature scaled,Feature masking,0.1,0.9092084556804442,360,0.9611111111111111,0.938396876276334,-0.02271423483477719,0.04579479431236593,0.07807646899128942,0.2066115028056722,0.00891075956308314
Digits,15,Gradient Boosting,Raw,Feature masking,0.2,0.9092084556804442,360,0.8555555555555555,0.868370975275692,0.012815419720136445,0.032004157884652246,0.20902065084335827,0.4570190774713481,0.0289361221636575
Digits,15,Gradient Boosting,Temperature scaled,Feature masking,0.2,0.9092084556804442,360,0.8555555555555555,0.8844231601482998,0.02886760459274429,0.06007006337854202,0.2105504273053552,0.462433183116812,0.028963296906366634
Digits,15,Gradient Boosting,Raw,Feature masking,0.3,0.9092084556804442,360,0.7805555555555556,0.8065445845025155,0.02598902894695998,0.07786009086493256,0.3126760742942183,0.7026228146107708,0.07131030284960263
Digits,15,Gradient Boosting,Temperature scaled,Feature masking,0.3,0.9092084556804442,360,0.7805555555555556,0.8273152256850582,0.04675967012950266,0.07854609938662643,0.3147884713855818,0.7147711517060003,0.07128424775334254
Digits,15,Gradient Boosting,Raw,Feature masking,0.4,0.9092084556804442,360,0.6722222222222223,0.7578044670029671,0.08558224478074483,0.10262515869630193,0.4249619656601578,0.9244817630117803,0.11996060875406328
Digits,15,Gradient Boosting,Temperature scaled,Feature masking,0.4,0.9092084556804442,360,0.6722222222222223,0.7812189976665965,0.10899677544437425,0.11674727029023693,0.431391993187989,0.9456110294551178,0.12014478134205447
Digits,15,Gradient Boosting,Raw,Feature masking,0.5,0.9092084556804442,360,0.55,0.6949698863439956,0.14496988634399555,0.14520669852419177,0.608479295818483,1.3519672434439127,0.26632837819734845
Digits,15,Gradient Boosting,Temperature scaled,Feature masking,0.5,0.9092084556804442,360,0.55,0.7222106489650836,0.17221064896508353,0.17352125607792168,0.619244560547535,1.397312072372655,0.2659349724212796
Digits,16,Logistic Regression,Raw,Gaussian noise,0.0,0.8665579990016722,360,0.9694444444444444,0.945149862889711,-0.024294581554733408,0.03447742498140417,0.04802953682161982,0.10367630568940943,0.0012028037215851847
Digits,16,Logistic Regression,Temperature scaled,Gaussian noise,0.0,0.8665579990016722,360,0.9694444444444444,0.9559492730438499,-0.01349517140059453,0.019001684266812303,0.046068447834332726,0.09624140867072649,0.0012680836178047628
Digits,16,Logistic Regression,Raw,Gaussian noise,0.25,0.8665579990016722,360,0.9611111111111111,0.9407122468707553,-0.020398864240355863,0.029477269816679356,0.0568824615907502,0.11517515547382567,0.0017775276948091888
Digits,16,Logistic Regression,Temperature scaled,Gaussian noise,0.25,0.8665579990016722,360,0.9611111111111111,0.9516378775557219,-0.009473233555389204,0.021007094716200672,0.05588073751188827,0.1080533565866627,0.0018106329649498433
Digits,16,Logistic Regression,Raw,Gaussian noise,0.5,0.8665579990016722,360,0.9361111111111111,0.9251755123226337,-0.010935598788477385,0.0260196317074108,0.08749462944741239,0.16942349827526243,0.004711673845035066
Digits,16,Logistic Regression,Temperature scaled,Gaussian noise,0.5,0.8665579990016722,360,0.9361111111111111,0.9370904292596354,0.0009793181485242552,0.027677299621938413,0.08746562434072089,0.1659404217896364,0.004760064218432774
Digits,16,Logistic Regression,Raw,Gaussian noise,1.0,0.8665579990016722,360,0.7888888888888889,0.8697413021500429,0.080852413261154,0.08694462469010748,0.3223460826140621,0.731179816164364,0.06260543127020353
Digits,16,Logistic Regression,Temperature scaled,Gaussian noise,1.0,0.8665579990016722,360,0.7888888888888889,0.8865283340290944,0.0976394451402055,0.10676300589943907,0.33053023859483655,0.7955143917280048,0.06294313100655408
Digits,16,Logistic Regression,Raw,Gaussian noise,1.5,0.8665579990016722,360,0.65,0.8759458785514831,0.22594587855148307,0.2423719266631526,0.5983845261018937,1.7735310863949654,0.20170885505333197
Digits,16,Logistic Regression,Temperature scaled,Gaussian noise,1.5,0.8665579990016722,360,0.65,0.8935807656247021,0.2435807656247021,0.2643463997248774,0.6131416756567742,1.9997010929740435,0.20195311415384226
Digits,16,Logistic Regression,Raw,Gaussian noise,2.0,0.8665579990016722,360,0.5222222222222223,0.8794471828648295,0.3572249606426072,0.3577753421207615,0.8100534939564827,3.1920832906378727,0.3464785019847286
Digits,16,Logistic Regression,Temperature scaled,Gaussian noise,2.0,0.8665579990016722,360,0.5222222222222223,0.8950948657385251,0.3728726435163029,0.37429294109883093,0.8253608529687448,3.639883176352795,0.3465088946513789
Digits,16,Logistic Regression,Raw,Feature masking,0.0,0.8665579990016722,360,0.9694444444444444,0.945149862889711,-0.024294581554733408,0.03447742498140417,0.04802953682161982,0.10367630568940943,0.0012028037215851847
Digits,16,Logistic Regression,Temperature scaled,Feature masking,0.0,0.8665579990016722,360,0.9694444444444444,0.9559492730438499,-0.01349517140059453,0.019001684266812303,0.046068447834332726,0.09624140867072649,0.0012680836178047628
Digits,16,Logistic Regression,Raw,Feature masking,0.1,0.8665579990016722,360,0.95,0.9252384565767167,-0.024761543423283294,0.02688486781036395,0.07712450253140755,0.1473811611267446,0.00425649449037527
Digits,16,Logistic Regression,Temperature scaled,Feature masking,0.1,0.8665579990016722,360,0.95,0.9388632079192585,-0.011136792080741476,0.015412305718365174,0.07577171124589621,0.13916458499516113,0.00427374125565864
Digits,16,Logistic Regression,Raw,Feature masking,0.2,0.8665579990016722,360,0.9305555555555556,0.8918782564215293,-0.03867729913402629,0.046935422295194484,0.11956198957125501,0.24310722750902225,0.010189871551281203
Digits,16,Logistic Regression,Temperature scaled,Feature masking,0.2,0.8665579990016722,360,0.9305555555555556,0.9113744676930976,-0.01918108786245798,0.03478631979865608,0.11704567503803326,0.2349846648311562,0.010177873437354483
Digits,16,Logistic Regression,Raw,Feature masking,0.3,0.8665579990016722,360,0.8861111111111111,0.8577948985391843,-0.028316212571926735,0.06253704205993325,0.17162936793984035,0.3318908469339268,0.020721787029301955
Digits,16,Logistic Regression,Temperature scaled,Feature masking,0.3,0.8665579990016722,360,0.8861111111111111,0.8819623177985879,-0.004148793312523158,0.05030351388843844,0.1708189704469339,0.32340850796821285,0.020841128817684372
Digits,16,Logistic Regression,Raw,Feature masking,0.4,0.8665579990016722,360,0.8277777777777777,0.8140112435045107,-0.013766534273267017,0.047670910524390465,0.2542130352751654,0.520522553244876,0.04915995229683515
Digits,16,Logistic Regression,Temperature scaled,Feature masking,0.4,0.8665579990016722,360,0.8277777777777777,0.8437806716616835,0.016002893883905744,0.04032388883240779,0.2543982349724906,0.5226433461300184,0.04888642930981633
Digits,16,Logistic Regression,Raw,Feature masking,0.5,0.8665579990016722,360,0.7611111111111111,0.7485290733425024,-0.012582037768608667,0.04149270608280985,0.32702083229713386,0.6502684902547154,0.08321632556189622
Digits,16,Logistic Regression,Temperature scaled,Feature masking,0.5,0.8665579990016722,360,0.7611111111111111,0.7863918624339429,0.025280751322831807,0.04119750309211256,0.32776685323274823,0.644171978014199,0.08188920354626396
Digits,16,Random Forest,Raw,Gaussian noise,0.0,0.3096940159591269,360,0.9666666666666667,0.7233065123447899,-0.24336015432187674,0.24336015432187674,0.15337522196622055,0.3871622559386801,0.0017442216803260852
Digits,16,Random Forest,Temperature scaled,Gaussian noise,0.0,0.3096940159591269,360,0.9666666666666667,0.952702765561876,-0.013963901104790621,0.026498050372960824,0.050697931115950064,0.09994622762477322,0.0015947821532123244
Digits,16,Random Forest,Raw,Gaussian noise,0.25,0.3096940159591269,360,0.9416666666666667,0.5994732451496909,-0.34219342151697574,0.34219342151697574,0.24563746547116294,0.5863725888126069,0.006620017163670125
Digits,16,Random Forest,Temperature scaled,Gaussian noise,0.25,0.3096940159591269,360,0.9416666666666667,0.9311335773630389,-0.01053308930362773,0.033740519245654875,0.07794246297980219,0.16080466823250955,0.005336181613913867
Digits,16,Random Forest,Raw,Gaussian noise,0.5,0.3096940159591269,360,0.9277777777777778,0.5010234259258733,-0.42675435185190447,0.4267543518519044,0.3467597657985364,0.7845355741266232,0.01338164103692852
Digits,16,Random Forest,Temperature scaled,Gaussian noise,0.5,0.3096940159591269,360,0.9277777777777778,0.8838547472618021,-0.04392303051597568,0.05154691793261052,0.1291199763200373,0.2640946165523786,0.01368117114237619
Digits,16,Random Forest,Raw,Gaussian noise,1.0,0.3096940159591269,360,0.7666666666666667,0.36625281305113694,-0.4004138536155298,0.4004138536155297,0.5365563189638355,1.1807547501175022,0.09358753115324436
Digits,16,Random Forest,Temperature scaled,Gaussian noise,1.0,0.3096940159591269,360,0.7666666666666667,0.7565704387879988,-0.01009622787866793,0.04712096666911558,0.3296980426851555,0.6862264457093308,0.08304985287594638
Digits,16,Random Forest,Raw,Gaussian noise,1.5,0.3096940159591269,360,0.625,0.3083612874779532,-0.3166387125220468,0.3166387125220468,0.6377680472355064,1.425595066710906,0.17458142091950893
Digits,16,Random Forest,Temperature scaled,Gaussian noise,1.5,0.3096940159591269,360,0.625,0.6936458599067673,0.0686458599067673,0.06900737166656637,0.48858783561697705,1.0759957118574055,0.17812211652493404
Digits,16,Random Forest,Raw,Gaussian noise,2.0,0.3096940159591269,360,0.49722222222222223,0.26631136684303247,-0.23091085537918976,0.23091085537918973,0.7291798341613767,1.6696314177138756,0.34130095844327607
Digits,16,Random Forest,Temperature scaled,Gaussian noise,2.0,0.3096940159591269,360,0.49722222222222223,0.6090225566362015,0.1118003344139793,0.11635173233823103,0.6787258513518303,1.543491437312812,0.3398055305222455
Digits,16,Random Forest,Raw,Feature masking,0.0,0.3096940159591269,360,0.9666666666666667,0.7233065123447899,-0.24336015432187674,0.24336015432187674,0.15337522196622055,0.3871622559386801,0.0017442216803260852
Digits,16,Random Forest,Temperature scaled,Feature masking,0.0,0.3096940159591269,360,0.9666666666666667,0.952702765561876,-0.013963901104790621,0.02649805037296082,0.05069793111595007,0.09994622762477322,0.0015947821532123244
Digits,16,Random Forest,Raw,Feature masking,0.1,0.3096940159591269,360,0.9444444444444444,0.625919153438851,-0.31852529100559346,0.32215642857173116,0.2277325011443127,0.5494694487445453,0.005449197906405232
Digits,16,Random Forest,Temperature scaled,Feature masking,0.1,0.3096940159591269,360,0.9444444444444444,0.9283694157068247,-0.01607502873761968,0.03139180046246647,0.0830292264059005,0.16659179551446915,0.004411292502280157
Digits,16,Random Forest,Raw,Feature masking,0.2,0.3096940159591269,360,0.8944444444444445,0.526198425925788,-0.36824601851865646,0.3703989814816195,0.33040408428641693,0.7478226254104009,0.016870679736180925
Digits,16,Random Forest,Temperature scaled,Feature masking,0.2,0.3096940159591269,360,0.8944444444444445,0.8754899131894585,-0.01895453125498603,0.05276251474924117,0.1388848996340172,0.27967834519581525,0.014902610877683164
Digits,16,Random Forest,Raw,Feature masking,0.3,0.3096940159591269,360,0.8277777777777777,0.4690197222221668,-0.3587580555556109,0.35875805555561097,0.406191532623818,0.8973301548187007,0.04816090294599272
Digits,16,Random Forest,Temperature scaled,Feature masking,0.3,0.3096940159591269,360,0.8277777777777777,0.8398440676891429,0.012066289911365158,0.019270041573786045,0.23362619365028492,0.4363184442962072,0.04182788815306321
Digits,16,Random Forest,Raw,Feature masking,0.4,0.3096940159591269,360,0.7555555555555555,0.4096437698412629,-0.34591178571429265,0.3459117857142926,0.4967045597674235,1.073122328398416,0.10042234287912066
Digits,16,Random Forest,Temperature scaled,Feature masking,0.4,0.3096940159591269,360,0.7555555555555555,0.8092888304042157,0.053733274848660195,0.06499170174395003,0.3466208536060522,0.6499002952086729,0.09264847971742053
Digits,16,Random Forest,Raw,Feature masking,0.5,0.3096940159591269,360,0.6194444444444445,0.3563107054673703,-0.26313373897707415,0.2631337389770741,0.6004807523297372,1.3058520061282097,0.2115826246317554
Digits,16,Random Forest,Temperature scaled,Feature masking,0.5,0.3096940159591269,360,0.6194444444444445,0.7397651232084959,0.12032067876405139,0.13738591257116833,0.5390752686278909,1.066209166359471,0.21732868136842073
Digits,16,Gradient Boosting,Raw,Gaussian noise,0.0,1.0281183842490396,360,0.95,0.9485932339468374,-0.0014067660531625892,0.025686895995282132,0.06970687618487241,0.14041473706101915,0.003123764697770907
Digits,16,Gradient Boosting,Temperature scaled,Gaussian noise,0.0,1.0281183842490396,360,0.95,0.9465608032572347,-0.0034391967427652714,0.020227245631933476,0.06960104166839133,0.14110333240053188,0.003123886414227971
Digits,16,Gradient Boosting,Raw,Gaussian noise,0.25,1.0281183842490396,360,0.9277777777777778,0.9250915522516482,-0.0026862255261296264,0.02446262881841144,0.10673259409337944,0.2205067041114365,0.0079186945001004
Digits,16,Gradient Boosting,Temperature scaled,Gaussian noise,0.25,1.0281183842490396,360,0.9277777777777778,0.9217931536694547,-0.005984624108323122,0.019553217728259697,0.10671121983382967,0.22142353226395484,0.007955297324886205
Digits,16,Gradient Boosting,Raw,Gaussian noise,0.5,1.0281183842490396,360,0.8583333333333333,0.8567290184175361,-0.001604314915797156,0.034546504103227786,0.2069519815675247,0.42844433526618797,0.028071826274709874
Digits,16,Gradient Boosting,Temperature scaled,Gaussian noise,0.5,1.0281183842490396,360,0.8583333333333333,0.8516068963521758,-0.006726436981157491,0.035615416207101194,0.20686916504711875,0.4292996655039856,0.0280519134095385
Digits,16,Gradient Boosting,Raw,Gaussian noise,1.0,1.0281183842490396,360,0.6333333333333333,0.7339360110591435,0.10060267772581022,0.12015172651826345,0.5204937261364387,1.1802185892527461,0.1771106960840737
Digits,16,Gradient Boosting,Temperature scaled,Gaussian noise,1.0,1.0281183842490396,360,0.6333333333333333,0.7264126481045747,0.09307931477124143,0.10382693325253578,0.5180899733313934,1.1702828760354005,0.1769011289098233
Digits,16,Gradient Boosting,Raw,Gaussian noise,1.5,1.0281183842490396,360,0.525,0.6987388948123391,0.17373889481233906,0.18832127849318517,0.6881011068457832,1.6423630953782569,0.32340417387508064
Digits,16,Gradient Boosting,Temperature scaled,Gaussian noise,1.5,1.0281183842490396,360,0.525,0.6900079452244938,0.1650079452244938,0.18059171807980798,0.6841314949881478,1.6231378027059207,0.3234936727383338
Digits,16,Gradient Boosting,Raw,Gaussian noise,2.0,1.0281183842490396,360,0.39444444444444443,0.6308487116025895,0.23640426715814505,0.26182954031963507,0.828881984829735,2.0849844639077206,0.45534263748991216
Digits,16,Gradient Boosting,Temperature scaled,Gaussian noise,2.0,1.0281183842490396,360,0.39444444444444443,0.6219019543198487,0.2274575098754043,0.2472652349279249,0.8234986761046938,2.0583146471615166,0.45522669101354063
Digits,16,Gradient Boosting,Raw,Feature masking,0.0,1.0281183842490396,360,0.95,0.9485932339468374,-0.0014067660531625892,0.025686895995282132,0.06970687618487241,0.14041473706101915,0.003123764697770907
Digits,16,Gradient Boosting,Temperature scaled,Feature masking,0.0,1.0281183842490396,360,0.95,0.9465608032572347,-0.0034391967427652714,0.020227245631933476,0.06960104166839133,0.14110333240053188,0.003123886414227971
Digits,16,Gradient Boosting,Raw,Feature masking,0.1,1.0281183842490396,360,0.9027777777777778,0.9167798297842662,0.014002052006488408,0.04007569771815929,0.14038626912576607,0.29722066661878643,0.013790578038142829
Digits,16,Gradient Boosting,Temperature scaled,Feature masking,0.1,1.0281183842490396,360,0.9027777777777778,0.913263179559715,0.010485401781937242,0.040067804785352865,0.1402419302965002,0.2969069813445464,0.013790832111757205
Digits,16,Gradient Boosting,Raw,Feature masking,0.2,1.0281183842490396,360,0.8277777777777777,0.8514479600491729,0.023670182271395168,0.03898517818368661,0.24036599914506523,0.5102525207432502,0.03890513268815262
Digits,16,Gradient Boosting,Temperature scaled,Feature masking,0.2,1.0281183842490396,360,0.8277777777777777,0.8460157307393376,0.018237952961559833,0.03966507856443373,0.24013854944101615,0.5096920926132863,0.03892383533136553
Digits,16,Gradient Boosting,Raw,Feature masking,0.3,1.0281183842490396,360,0.75,0.8193840389609227,0.06938403896092271,0.11389533355376508,0.382134792034785,0.844729953220968,0.09756539629649015
Digits,16,Gradient Boosting,Temperature scaled,Feature masking,0.3,1.0281183842490396,360,0.75,0.8130282075497067,0.06302820754970673,0.11948461265537244,0.38108443684169413,0.8380244079838144,0.09765264277566424
Digits,16,Gradient Boosting,Raw,Feature masking,0.4,1.0281183842490396,360,0.6666666666666666,0.7748264197586517,0.10815975309198511,0.11806258500792056,0.46539858489197156,1.0839574525097357,0.15812355569476513
Digits,16,Gradient Boosting,Temperature scaled,Feature masking,0.4,1.0281183842490396,360,0.6666666666666666,0.7678438166215762,0.10117714995490956,0.10610474833597189,0.463627446768832,1.0739318846671988,0.15832735609315535
Digits,16,Gradient Boosting,Raw,Feature masking,0.5,1.0281183842490396,360,0.5638888888888889,0.7242719038492977,0.16038301496040885,0.1688996275851554,0.6215992695754488,1.4644252699395939,0.2600347977734962
Digits,16,Gradient Boosting,Temperature scaled,Feature masking,0.5,1.0281183842490396,360,0.5638888888888889,0.7158625101300258,0.1519736212411369,0.16074260036475801,0.6181711260487941,1.4486464656956837,0.26020590209264727
Digits,17,Logistic Regression,Raw,Gaussian noise,0.0,0.9351170719766922,360,0.9722222222222222,0.9452999816172708,-0.02692224060495141,0.03252358411687273,0.04353206280943033,0.08784129840798009,0.0012154354807356932
Digits,17,Logistic Regression,Temperature scaled,Gaussian noise,0.0,0.9351170719766922,360,0.9722222222222222,0.9505698254704916,-0.021652396751730585,0.02756210844328316,0.04237032807592514,0.08282209332389397,0.001215302474066739
Digits,17,Logistic Regression,Raw,Gaussian noise,0.25,0.9351170719766922,360,0.9583333333333334,0.9417848960676494,-0.016548437265684002,0.033169350961664526,0.060750061824310427,0.11968952001872223,0.002593574474924234
Digits,17,Logistic Regression,Temperature scaled,Gaussian noise,0.25,0.9351170719766922,360,0.9583333333333334,0.9476414095443744,-0.010691923788959001,0.030758919168297642,0.060183020946153604,0.11599129822315662,0.0026126653765688504
Digits,17,Logistic Regression,Raw,Gaussian noise,0.5,0.9351170719766922,360,0.9166666666666666,0.9254204858371671,0.008753819170500443,0.018920175564041623,0.12324998533442783,0.23238262014250985,0.01089354739435362
Digits,17,Logistic Regression,Temperature scaled,Gaussian noise,0.5,0.9351170719766922,360,0.9166666666666666,0.9318485116625526,0.01518184499588593,0.027108387867238775,0.12413059292488639,0.23395255360931277,0.010979236073963955
Digits,17,Logistic Regression,Raw,Gaussian noise,1.0,0.9351170719766922,360,0.7777777777777778,0.8778066051276412,0.1000288273498634,0.10477289773258963,0.33691743218309644,0.811683895014657,0.0855062373051397
Digits,17,Logistic Regression,Temperature scaled,Gaussian noise,1.0,0.9351170719766922,360,0.7777777777777778,0.8863296719914098,0.10855189421363198,0.11929152681358413,0.3400351410252424,0.8455606946249234,0.0856304350280117
Digits,17,Logistic Regression,Raw,Gaussian noise,1.5,0.9351170719766922,360,0.6055555555555555,0.8721325228709526,0.26657696731539704,0.2669257340803362,0.6334485390116774,1.8317729242634293,0.22743311196420932
Digits,17,Logistic Regression,Temperature scaled,Gaussian noise,1.5,0.9351170719766922,360,0.6055555555555555,0.8809052208198249,0.2753496652642694,0.2757295596242708,0.6418838422530616,1.93625981310201,0.22754768442373918
Digits,17,Logistic Regression,Raw,Gaussian noise,2.0,0.9351170719766922,360,0.5194444444444445,0.8646079394380177,0.34516349499357324,0.3501948958377601,0.8176537411958422,3.220403497798296,0.34597605969306505
Digits,17,Logistic Regression,Temperature scaled,Gaussian noise,2.0,0.9351170719766922,360,0.5194444444444445,0.8732135766472693,0.3537691322028248,0.35376913220282474,0.8260083768510065,3.4204598557153543,0.34607104995909266
Digits,17,Logistic Regression,Raw,Feature masking,0.0,0.9351170719766922,360,0.9722222222222222,0.9452999816172708,-0.02692224060495141,0.03252358411687273,0.04353206280943033,0.08784129840798009,0.0012154354807356932
Digits,17,Logistic Regression,Temperature scaled,Feature masking,0.0,0.9351170719766922,360,0.9722222222222222,0.9505698254704916,-0.021652396751730585,0.02756210844328316,0.04237032807592514,0.08282209332389397,0.001215302474066739
Digits,17,Logistic Regression,Raw,Feature masking,0.1,0.9351170719766922,360,0.9555555555555556,0.9289528477081083,-0.026602707847447338,0.034100336315363584,0.06920476937999402,0.1403741153392039,0.0038631408883625287
Digits,17,Logistic Regression,Temperature scaled,Feature masking,0.1,0.9351170719766922,360,0.9555555555555556,0.9361326735802146,-0.019422881975341033,0.03063133753425016,0.06799419134365305,0.13519726330383225,0.0038533533299929352
Digits,17,Logistic Regression,Raw,Feature masking,0.2,0.9351170719766922,360,0.9138888888888889,0.8895004373202803,-0.024388451568608582,0.04956094828051384,0.11931901461247028,0.24816083553778276,0.009449594808656753
Digits,17,Logistic Regression,Temperature scaled,Feature masking,0.2,0.9351170719766922,360,0.9138888888888889,0.8993316740718791,-0.014557214817009778,0.0394600656182763,0.11820552173640583,0.24303041685158525,0.009442839792929498
Digits,17,Logistic Regression,Raw,Feature masking,0.3,0.9351170719766922,360,0.9,0.8527832796439488,-0.04721672035605118,0.050760625753182,0.16128497332800207,0.3189831306224847,0.019314667179303455
Digits,17,Logistic Regression,Temperature scaled,Feature masking,0.3,0.9351170719766922,360,0.9,0.8642975120098169,-0.03570248799018316,0.03837236134660757,0.1594629522756741,0.3124980783871178,0.019306310719803522
Digits,17,Logistic Regression,Raw,Feature masking,0.4,0.9351170719766922,360,0.7916666666666666,0.7936546479816197,0.0019879813149530356,0.02826004478691067,0.30624234259824085,0.6172228986005938,0.0741674515932268
Digits,17,Logistic Regression,Temperature scaled,Feature masking,0.4,0.9351170719766922,360,0.7916666666666666,0.8097504412711465,0.018083774604479852,0.030606129662215247,0.30703518374635985,0.6192000600100455,0.07416096656644894
Digits,17,Logistic Regression,Raw,Feature masking,0.5,0.9351170719766922,360,0.7666666666666667,0.76420188967193,-0.0024647769947366838,0.036106002495848916,0.3270473550345415,0.6613156328432399,0.08589395873655645
Digits,17,Logistic Regression,Temperature scaled,Feature masking,0.5,0.9351170719766922,360,0.7666666666666667,0.7820449424454687,0.01537827577880202,0.04497648527466294,0.3267180178872773,0.6599728873770266,0.08590009170178445
Digits,17,Random Forest,Raw,Gaussian noise,0.0,0.2761855919075156,360,0.975,0.7314287029011604,-0.24357129709883962,0.24357129709883962,0.141127654336311,0.36755683080493384,0.001974144037185922
Digits,17,Random Forest,Temperature scaled,Gaussian noise,0.0,0.2761855919075156,360,0.975,0.9641325306616864,-0.010867469338313618,0.017697353625392317,0.0429988356895159,0.08367684727706956,0.001396861073235492
Digits,17,Random Forest,Raw,Gaussian noise,0.25,0.2761855919075156,360,0.9611111111111111,0.5956609673719795,-0.36545014373913165,0.36545014373913154,0.24423922954723518,0.58627697837804,0.004310229748168011
Digits,17,Random Forest,Temperature scaled,Gaussian noise,0.25,0.2761855919075156,360,0.9611111111111111,0.9387130729416286,-0.022398038169482493,0.025169673699516122,0.06692496723980752,0.13850317491645533,0.0037407110064409436
Digits,17,Random Forest,Raw,Gaussian noise,0.5,0.2761855919075156,360,0.9083333333333333,0.4916445540323394,-0.4166887793009939,0.4166887793009939,0.35919177663411544,0.807940181352608,0.01624123794204669
Digits,17,Random Forest,Temperature scaled,Gaussian noise,0.5,0.2761855919075156,360,0.9083333333333333,0.8954498976467714,-0.012883435686561917,0.02441461932087567,0.14565472426719284,0.2822381247782962,0.015725094895576094
Digits,17,Random Forest,Raw,Gaussian noise,1.0,0.2761855919075156,360,0.7555555555555555,0.35881828972261254,-0.396737265832943,0.39673726583294294,0.5485195997212688,1.2085325251326364,0.0965884860626879
Digits,17,Random Forest,Temperature scaled,Gaussian noise,1.0,0.2761855919075156,360,0.7555555555555555,0.7884120139081218,0.03285645835256623,0.04405524867174447,0.35774164963722704,0.7243932989263738,0.09176078003056766
Digits,17,Random Forest,Raw,Gaussian noise,1.5,0.2761855919075156,360,0.6194444444444445,0.3063920590828899,-0.31305238536155455,0.3130523853615545,0.647723134176365,1.4524687126997633,0.20614934102207091
Digits,17,Random Forest,Temperature scaled,Gaussian noise,1.5,0.2761855919075156,360,0.6194444444444445,0.71929883853002,0.0998543940855755,0.11240215658640117,0.5284359180631931,1.1682036172387114,0.19500229047340675
Digits,17,Random Forest,Raw,Gaussian noise,2.0,0.2761855919075156,360,0.44722222222222224,0.26147320787237105,-0.1857490143498512,0.18574901434985122,0.7445283464599378,1.7117555282147545,0.3764511941748181
Digits,17,Random Forest,Temperature scaled,Gaussian noise,2.0,0.2761855919075156,360,0.44722222222222224,0.6330979447258968,0.1858757225036745,0.18997881303659284,0.7341103383208747,1.7073378197751345,0.38311142955725447
Digits,17,Random Forest,Raw,Feature masking,0.0,0.2761855919075156,360,0.975,0.7314287029011604,-0.24357129709883962,0.24357129709883962,0.141127654336311,0.36755683080493384,0.001974144037185922
Digits,17,Random Forest,Temperature scaled,Feature masking,0.0,0.2761855919075156,360,0.975,0.9641325306616864,-0.010867469338313618,0.017697353625392317,0.0429988356895159,0.08367684727706956,0.001396861073235492
Digits,17,Random Forest,Raw,Feature masking,0.1,0.2761855919075156,360,0.9555555555555556,0.6358282663937838,-0.31972728916177184,0.31972728916177195,0.21400578266928577,0.5235459089870377,0.005350391865997894
Digits,17,Random Forest,Temperature scaled,Feature masking,0.1,0.2761855919075156,360,0.9555555555555556,0.946864661812228,-0.008690893743327655,0.02539922168114725,0.06998619771562381,0.13770479784830625,0.004322506367016682
Digits,17,Random Forest,Raw,Feature masking,0.2,0.2761855919075156,360,0.9111111111111111,0.5260942686386653,-0.38501684247244583,0.3850168424724458,0.3286035376679895,0.7518626166303686,0.016770008673631723
Digits,17,Random Forest,Temperature scaled,Feature masking,0.2,0.2761855919075156,360,0.9111111111111111,0.9026393632109574,-0.008471747900153703,0.029724448427077887,0.1302446963613506,0.2814926752061653,0.013739478187549791
Digits,17,Random Forest,Raw,Feature masking,0.3,0.2761855919075156,360,0.8583333333333333,0.4741006759659569,-0.3842326573673764,0.38423265736737655,0.39238418015262966,0.8705957260531019,0.03343808589051299
Digits,17,Random Forest,Temperature scaled,Feature masking,0.3,0.2761855919075156,360,0.8583333333333333,0.8751465903666599,0.01681325703332659,0.034232798487806096,0.2064268223975148,0.3878082949366991,0.03214361764987771
Digits,17,Random Forest,Raw,Feature masking,0.4,0.2761855919075156,360,0.7527777777777778,0.38533647554912676,-0.367441302228651,0.36744130222865096,0.5206833421046496,1.1344196811265872,0.10386872633887677
Digits,17,Random Forest,Temperature scaled,Feature masking,0.4,0.2761855919075156,360,0.7527777777777778,0.804324557117408,0.051546779339630255,0.05913596498978935,0.3498992576112234,0.6998130385290652,0.09802247857187697
Digits,17,Random Forest,Raw,Feature masking,0.5,0.2761855919075156,360,0.6666666666666666,0.3602600845759153,-0.30640658209075133,0.3064065820907513,0.5775063149207855,1.2647294658298174,0.14873803462537333
Digits,17,Random Forest,Temperature scaled,Feature masking,0.5,0.2761855919075156,360,0.6666666666666666,0.7937481644371401,0.1270814977704735,0.13297053722465518,0.4799415115668009,0.9760971938495595,0.15430565428467863
Digits,17,Gradient Boosting,Raw,Gaussian noise,0.0,0.9307546058052777,360,0.9583333333333334,0.9554464335788453,-0.0028868997544880814,0.027944485812884147,0.0568371295227362,0.11544593719432313,0.002038469920681374
Digits,17,Gradient Boosting,Temperature scaled,Gaussian noise,0.0,0.9307546058052777,360,0.9583333333333334,0.9606806974252954,0.002347364091962012,0.024133324516427974,0.05712317178133209,0.11320637204557862,0.002006326539232094
Digits,17,Gradient Boosting,Raw,Gaussian noise,0.25,0.9307546058052777,360,0.9277777777777778,0.916890607404646,-0.010887170373131805,0.03911031358428882,0.09407185280729378,0.2144138839090265,0.00525368166746299
Digits,17,Gradient Boosting,Temperature scaled,Gaussian noise,0.25,0.9307546058052777,360,0.9277777777777778,0.9262591233932082,-0.001518654384569662,0.03980850174172318,0.09362023260584132,0.20998977447927633,0.0052541432342961955
Digits,17,Gradient Boosting,Raw,Gaussian noise,0.5,0.9307546058052777,360,0.8583333333333333,0.8463448787279075,-0.011988454605425747,0.06433205476887813,0.20443064101703673,0.42941918263762885,0.02788830005020202
Digits,17,Gradient Boosting,Temperature scaled,Gaussian noise,0.5,0.9307546058052777,360,0.8583333333333333,0.8598955189070752,0.001562185573741881,0.04695979366053838,0.20444418124532937,0.42600866868982085,0.027822879806691025
Digits,17,Gradient Boosting,Raw,Gaussian noise,1.0,0.9307546058052777,360,0.6805555555555556,0.7071806632015532,0.02662510764599757,0.08312833030642164,0.45855862589315327,1.0372638751405214,0.14073277427795725
Digits,17,Gradient Boosting,Temperature scaled,Gaussian noise,1.0,0.9307546058052777,360,0.6805555555555556,0.7268350140671032,0.04627945851154758,0.09986435410932656,0.4608317504881779,1.050210937999992,0.1404240460259542
Digits,17,Gradient Boosting,Raw,Gaussian noise,1.5,0.9307546058052777,360,0.5194444444444445,0.6323540437264844,0.11290959928203992,0.11290959928203992,0.642804464899029,1.4902804585546017,0.29574181583531
Digits,17,Gradient Boosting,Temperature scaled,Gaussian noise,1.5,0.9307546058052777,360,0.5194444444444445,0.6540850781025287,0.1346406336580842,0.13736540606669306,0.6506123670522264,1.5231999587240863,0.2961518950481754
Digits,17,Gradient Boosting,Raw,Gaussian noise,2.0,0.9307546058052777,360,0.4083333333333333,0.5978822922046524,0.18954895887131906,0.19987426522206023,0.7978566301631768,1.8999827651551362,0.437569862825277
Digits,17,Gradient Boosting,Temperature scaled,Gaussian noise,2.0,0.9307546058052777,360,0.4083333333333333,0.6213106928372778,0.21297735950394447,0.22005338650791723,0.811714104085772,1.955612719380864,0.4377313500280501
Digits,17,Gradient Boosting,Raw,Feature masking,0.0,0.9307546058052777,360,0.9583333333333334,0.9554464335788453,-0.0028868997544880814,0.027944485812884147,0.0568371295227362,0.11544593719432313,0.002038469920681374
Digits,17,Gradient Boosting,Temperature scaled,Feature masking,0.0,0.9307546058052777,360,0.9583333333333334,0.9606806974252954,0.002347364091962012,0.024133324516427974,0.05712317178133209,0.11320637204557862,0.002006326539232094
Digits,17,Gradient Boosting,Raw,Feature masking,0.1,0.9307546058052777,360,0.9305555555555556,0.9178552760015315,-0.012700279554024085,0.02777188798949311,0.1091076870662803,0.23794054721474026,0.009205201233726881
Digits,17,Gradient Boosting,Temperature scaled,Feature masking,0.1,0.9307546058052777,360,0.9305555555555556,0.9260398596290474,-0.004515695926508134,0.021321657527156326,0.10827793014255362,0.236444673740714,0.009098047972144516
Digits,17,Gradient Boosting,Raw,Feature masking,0.2,0.9307546058052777,360,0.8388888888888889,0.848508209698979,0.009619320810090093,0.04434943622337333,0.23190078561382507,0.535616230722484,0.036277473310338836
Digits,17,Gradient Boosting,Temperature scaled,Feature masking,0.2,0.9307546058052777,360,0.8388888888888889,0.8622769902789856,0.023388101390096727,0.05145645724669485,0.23206366309341833,0.5399851364258357,0.036235097583583536
Digits,17,Gradient Boosting,Raw,Feature masking,0.3,0.9307546058052777,360,0.8166666666666667,0.8145978352940652,-0.0020688313726014984,0.05326389674690609,0.26880985360343346,0.5966106180366962,0.052160204930245556
Digits,17,Gradient Boosting,Temperature scaled,Feature masking,0.3,0.9307546058052777,360,0.8166666666666667,0.830187059945881,0.013520393279214393,0.05715915509757284,0.26828724833704093,0.5987110732775635,0.051957748979351355
Digits,17,Gradient Boosting,Raw,Feature masking,0.4,0.9307546058052777,360,0.6833333333333333,0.7232694783700333,0.039936145036699955,0.08311730795023932,0.4552022835051171,1.0471699730406108,0.14738576159465036
Digits,17,Gradient Boosting,Temperature scaled,Feature masking,0.4,0.9307546058052777,360,0.6833333333333333,0.7433164247647183,0.059983091431384916,0.07921382937627679,0.45709775979690115,1.0635044229777455,0.1469015916408986
Digits,17,Gradient Boosting,Raw,Feature masking,0.5,0.9307546058052777,360,0.65,0.7164628160750282,0.06646281607502813,0.10038268808947329,0.518230811503804,1.2218885056787745,0.1951790094435082
Digits,17,Gradient Boosting,Temperature scaled,Feature masking,0.5,0.9307546058052777,360,0.65,0.7382524517403208,0.08825245174032081,0.1123564454891882,0.5217629678828472,1.2479300455199374,0.19467675506399312
Digits,18,Logistic Regression,Raw,Gaussian noise,0.0,0.7711067091784216,360,0.9666666666666667,0.9538541394960877,-0.012812527170579013,0.02231574344942314,0.05711689927050545,0.1263071431826373,0.0027820011684060054
Digits,18,Logistic Regression,Temperature scaled,Gaussian noise,0.0,0.7711067091784216,360,0.9666666666666667,0.9692670993360417,0.0026004326693750413,0.01976273515906647,0.055678920195645236,0.12920896014974895,0.0028478482049295356
Digits,18,Logistic Regression,Raw,Gaussian noise,0.25,0.7711067091784216,360,0.95,0.9475440977399463,-0.002455902260053655,0.013088171252173056,0.07365905473258193,0.15144997273699007,0.004330498205142571
Digits,18,Logistic Regression,Temperature scaled,Gaussian noise,0.25,0.7711067091784216,360,0.95,0.9647058668364199,0.014705866836419945,0.01696851086937228,0.07470960333526343,0.15707232751096065,0.004328233077543005
Digits,18,Logistic Regression,Raw,Gaussian noise,0.5,0.7711067091784216,360,0.9277777777777778,0.9323983491963276,0.004620571418549768,0.02187289424749777,0.10708541093286868,0.22376388982372117,0.008848759147817922
Digits,18,Logistic Regression,Temperature scaled,Gaussian noise,0.5,0.7711067091784216,360,0.9277777777777778,0.9527459166536283,0.024968138875850476,0.031097381611906522,0.10991715048555975,0.24099451632267335,0.00890518514834394
Digits,18,Logistic Regression,Raw,Gaussian noise,1.0,0.7711067091784216,360,0.7527777777777778,0.8806457772590929,0.1278679994813151,0.13398833575466546,0.3878090831968657,0.862607434254544,0.08980163912498762
Digits,18,Logistic Regression,Temperature scaled,Gaussian noise,1.0,0.7711067091784216,360,0.7527777777777778,0.9078979128012702,0.15512013502349242,0.17052688670509078,0.4080651253138369,1.0381328589136556,0.09090020418130856
Digits,18,Logistic Regression,Raw,Gaussian noise,1.5,0.7711067091784216,360,0.6888888888888889,0.8804207217305374,0.19153183284164854,0.19274049358047757,0.5045664871765485,1.601930309384706,0.17318940723583748
Digits,18,Logistic Regression,Temperature scaled,Gaussian noise,1.5,0.7711067091784216,360,0.6888888888888889,0.9094203656492801,0.2205314767603912,0.22053147676039117,0.5228739637533475,1.9956535573491638,0.17369233244256022
Digits,18,Logistic Regression,Raw,Gaussian noise,2.0,0.7711067091784216,360,0.46111111111111114,0.8936899141726758,0.4325788030615647,0.4337641960017221,0.9288583338879078,3.7719189706149865,0.35668345441102994
Digits,18,Logistic Regression,Temperature scaled,Gaussian noise,2.0,0.7711067091784216,360,0.46111111111111114,0.9195889265541006,0.4584778154429895,0.4584778154429895,0.9616151536613059,4.818385501600645,0.3576669977926704
Digits,18,Logistic Regression,Raw,Feature masking,0.0,0.7711067091784216,360,0.9666666666666667,0.9538541394960877,-0.012812527170579013,0.02231574344942314,0.05711689927050545,0.1263071431826373,0.0027820011684060054
Digits,18,Logistic Regression,Temperature scaled,Feature masking,0.0,0.7711067091784216,360,0.9666666666666667,0.9692670993360417,0.0026004326693750413,0.01976273515906647,0.055678920195645236,0.12920896014974895,0.0028478482049295356
Digits,18,Logistic Regression,Raw,Feature masking,0.1,0.7711067091784216,360,0.9388888888888889,0.9329282610469727,-0.0059606278419161995,0.013277614398021834,0.09874010000357995,0.2129933592671379,0.008059260681346254
Digits,18,Logistic Regression,Temperature scaled,Feature masking,0.1,0.7711067091784216,360,0.9388888888888889,0.9543375062612989,0.01544861737240999,0.03800712962313224,0.09945949529760578,0.22630199420526192,0.00815777455338743
Digits,18,Logistic Regression,Raw,Feature masking,0.2,0.7711067091784216,360,0.9333333333333333,0.8990890345347781,-0.034244298798555284,0.04609457072935809,0.11316136594765536,0.2533287460459259,0.008212097695293335
Digits,18,Logistic Regression,Temperature scaled,Feature masking,0.2,0.7711067091784216,360,0.9333333333333333,0.9287792822950722,-0.00455405103826112,0.024618330638387,0.11006590783909737,0.25394207979729067,0.008688468478507209
Digits,18,Logistic Regression,Raw,Feature masking,0.3,0.7711067091784216,360,0.8638888888888889,0.8540522860195668,-0.009836602869322086,0.04114301593800075,0.18196003701845578,0.3528517522293127,0.026291245755937075
Digits,18,Logistic Regression,Temperature scaled,Feature masking,0.3,0.7711067091784216,360,0.8638888888888889,0.8934298910249506,0.0295410021360617,0.03500870163753615,0.1812673440361799,0.35034465254305797,0.025718268817751543
Digits,18,Logistic Regression,Raw,Feature masking,0.4,0.7711067091784216,360,0.8416666666666667,0.8074992392120669,-0.034167427454599775,0.054259761007916456,0.2408249489926573,0.48360334224599916,0.05123380914194304
Digits,18,Logistic Regression,Temperature scaled,Feature masking,0.4,0.7711067091784216,360,0.8416666666666667,0.8634628544088859,0.021796187742219253,0.04257221706883417,0.2390291778989508,0.48002390783175064,0.051174264523074886
Digits,18,Logistic Regression,Raw,Feature masking,0.5,0.7711067091784216,360,0.7611111111111111,0.7592401945863064,-0.0018709165248046444,0.03272296155107967,0.3402954269209973,0.7011082335152028,0.09440698378242154
Digits,18,Logistic Regression,Temperature scaled,Feature masking,0.5,0.7711067091784216,360,0.7611111111111111,0.8194918187104658,0.058380707599354764,0.062326566769315965,0.3473703468789784,0.7279297996432437,0.09471641303778672
Digits,18,Random Forest,Raw,Gaussian noise,0.0,0.27562689941299007,360,0.9694444444444444,0.73299601521847,-0.23644842922597442,0.23644842922597428,0.1386702804082892,0.3656633401701435,0.0015980995580141813
Digits,18,Random Forest,Temperature scaled,Gaussian noise,0.0,0.27562689941299007,360,0.9694444444444444,0.9672524867662987,-0.0021919576781457284,0.011086741325723919,0.042301446173366015,0.08508704967399369,0.0015705618154623201
Digits,18,Random Forest,Raw,Gaussian noise,0.25,0.27562689941299007,360,0.9583333333333334,0.6078121531860765,-0.35052118014725686,0.35158250289857956,0.2313614400471031,0.5616523465817569,0.0036548970652730264
Digits,18,Random Forest,Temperature scaled,Gaussian noise,0.25,0.27562689941299007,360,0.9583333333333334,0.9496848610337948,-0.008648472299538579,0.022115816393057704,0.056831840068831074,0.11752025084058754,0.003243047295691432
Digits,18,Random Forest,Raw,Gaussian noise,0.5,0.27562689941299007,360,0.9194444444444444,0.5110594229535187,-0.4083850214909257,0.40838502149092554,0.33343797005677545,0.7614892327095981,0.01006570367683057
Digits,18,Random Forest,Temperature scaled,Gaussian noise,0.5,0.27562689941299007,360,0.9194444444444444,0.9061395651827149,-0.013304879261729519,0.03828946225470112,0.1169513336275242,0.23004309949419408,0.009369402904086147
Digits,18,Random Forest,Raw,Gaussian noise,1.0,0.27562689941299007,360,0.775,0.36774312909312284,-0.4072568709068772,0.40725687090687723,0.5335028576847254,1.175355742966146,0.0864518504856417
Digits,18,Random Forest,Temperature scaled,Gaussian noise,1.0,0.27562689941299007,360,0.775,0.7921611227172582,0.017161122717258226,0.05074551406994247,0.3204909928354962,0.6865300945988598,0.08034971825238195
Digits,18,Random Forest,Raw,Gaussian noise,1.5,0.27562689941299007,360,0.6222222222222222,0.30335997585747243,-0.3188622463647498,0.3188622463647498,0.6453618405747441,1.439929584643926,0.19827015547196425
Digits,18,Random Forest,Temperature scaled,Gaussian noise,1.5,0.27562689941299007,360,0.6222222222222222,0.703528902283793,0.08130668006157071,0.08384013591945978,0.5193574156563401,1.1156806527367356,0.18915586341395857
Digits,18,Random Forest,Raw,Gaussian noise,2.0,0.27562689941299007,360,0.5083333333333333,0.2646728973803954,-0.2436604359529379,0.243660435952938,0.7340897564253889,1.6892987041369145,0.3289596234545008
Digits,18,Random Forest,Temperature scaled,Gaussian noise,2.0,0.27562689941299007,360,0.5083333333333333,0.6487328963983633,0.14039956306503,0.14747659043625994,0.6959303651169639,1.6545998100769554,0.3496960200359001
Digits,18,Random Forest,Raw,Feature masking,0.0,0.27562689941299007,360,0.9694444444444444,0.7329960152184701,-0.2364484292259743,0.23644842922597428,0.1386702804082892,0.3656633401701435,0.0015980995580141813
Digits,18,Random Forest,Temperature scaled,Feature masking,0.0,0.27562689941299007,360,0.9694444444444444,0.9672524867662987,-0.0021919576781457284,0.01108674132572392,0.042301446173366015,0.08508704967399369,0.0015705618154623201
Digits,18,Random Forest,Raw,Feature masking,0.1,0.27562689941299007,360,0.9472222222222222,0.6322579505676381,-0.31496427165458407,0.3159944832947956,0.22105830743317686,0.5388116985298452,0.00613317116600577
Digits,18,Random Forest,Temperature scaled,Feature masking,0.1,0.27562689941299007,360,0.9472222222222222,0.9518294420625598,0.0046072198403376285,0.020159509803686373,0.08476408587045081,0.1743010805153913,0.00583922102153007
Digits,18,Random Forest,Raw,Feature masking,0.2,0.27562689941299007,360,0.8972222222222223,0.5496924644798032,-0.347529757742419,0.34752975774241907,0.3034365114582413,0.7003785091227773,0.011941504530800028
Digits,18,Random Forest,Temperature scaled,Feature masking,0.2,0.27562689941299007,360,0.8972222222222223,0.911158644040613,0.01393642181839072,0.031002488576568385,0.13445337152718756,0.2523146218348551,0.011304364268841426
Digits,18,Random Forest,Raw,Feature masking,0.3,0.27562689941299007,360,0.8555555555555555,0.4752140951948804,-0.3803414603606751,0.3803414603606752,0.38754131031269845,0.8634181138061248,0.031059072335734454
Digits,18,Random Forest,Temperature scaled,Feature masking,0.3,0.27562689941299007,360,0.8555555555555555,0.8698069689459291,0.014251413390373613,0.02356564683084101,0.19019347740920606,0.3584733436525058,0.02546431651750423
Digits,18,Random Forest,Raw,Feature masking,0.4,0.27562689941299007,360,0.7583333333333333,0.4018913194212998,-0.3564420139120335,0.35644201391203345,0.501361482133804,1.0948505584062505,0.09467174979551955
Digits,18,Random Forest,Temperature scaled,Feature masking,0.4,0.27562689941299007,360,0.7583333333333333,0.8238292287912135,0.06549589545788015,0.09191409564694542,0.3420095608840198,0.6815406630936747,0.08625460903789264
Digits,18,Random Forest,Raw,Feature masking,0.5,0.27562689941299007,360,0.6444444444444445,0.36823146399894535,-0.27621298044549913,0.2809749381174567,0.573529137933536,1.2569248470324874,0.15972730128827733
Digits,18,Random Forest,Temperature scaled,Feature masking,0.5,0.27562689941299007,360,0.6444444444444445,0.787778096747138,0.14333365230269346,0.1455109905718268,0.49364294748645204,0.9977016046780417,0.15452705986110202
Digits,18,Gradient Boosting,Raw,Gaussian noise,0.0,0.8118611058506524,360,0.9722222222222222,0.9641145398094482,-0.008107682412774042,0.010204386329165278,0.04174439859951358,0.08612041062491346,0.0013030631772301673
Digits,18,Gradient Boosting,Temperature scaled,Gaussian noise,0.0,0.8118611058506524,360,0.9722222222222222,0.975818824406557,0.003596602184334774,0.0103440158567643,0.04141505888148231,0.081725899942248,0.0013004683810731734
Digits,18,Gradient Boosting,Raw,Gaussian noise,0.25,0.8118611058506524,360,0.9388888888888889,0.9302109415922976,-0.008677947296591326,0.034828048149871935,0.08551050390742462,0.16758053803169382,0.005160432473803767
Digits,18,Gradient Boosting,Temperature scaled,Gaussian noise,0.25,0.8118611058506524,360,0.9388888888888889,0.9508939438355817,0.012005054946692795,0.02684188657744384,0.08632347404763369,0.16016466934833334,0.005230453773665918
Digits,18,Gradient Boosting,Raw,Gaussian noise,0.5,0.8118611058506524,360,0.9083333333333333,0.8708226783375456,-0.03751065499578776,0.043841881937996575,0.13695948719858966,0.30482530556680587,0.014482534411104338
Digits,18,Gradient Boosting,Temperature scaled,Gaussian noise,0.5,0.8118611058506524,360,0.9083333333333333,0.9042364070386604,-0.0040969262946729534,0.02427669350259559,0.13182454275880423,0.289957526045933,0.014228011887603219
Digits,18,Gradient Boosting,Raw,Gaussian noise,1.0,0.8118611058506524,360,0.6555555555555556,0.741222265557081,0.08566671000152548,0.0915401237403365,0.45841334642104875,1.0507472099296402,0.15252790894982704
Digits,18,Gradient Boosting,Temperature scaled,Gaussian noise,1.0,0.8118611058506524,360,0.6555555555555556,0.7947963011387397,0.1392407455831841,0.1392407455831841,0.47674081719823375,1.1283390131212905,0.1535781314883181
Digits,18,Gradient Boosting,Raw,Gaussian noise,1.5,0.8118611058506524,360,0.5444444444444444,0.6712097498465073,0.12676530540206288,0.13552271935881258,0.6199961891460787,1.4405088668748975,0.2778304794699815
Digits,18,Gradient Boosting,Temperature scaled,Gaussian noise,1.5,0.8118611058506524,360,0.5444444444444444,0.7323504635893942,0.18790601914494975,0.19101802544273258,0.6453205533271313,1.5663250069840071,0.27878209764720463
Digits,18,Gradient Boosting,Raw,Gaussian noise,2.0,0.8118611058506524,360,0.40555555555555556,0.631065565176255,0.22551000962069945,0.2265933155789707,0.7945653221005786,1.978243046814273,0.41422455672653713
Digits,18,Gradient Boosting,Temperature scaled,Gaussian noise,2.0,0.8118611058506524,360,0.40555555555555556,0.6950289969573321,0.28947344140177655,0.29259884340913805,0.8384143041294804,2.2042601864767004,0.4169886848221893
Digits,18,Gradient Boosting,Raw,Feature masking,0.0,0.8118611058506524,360,0.9722222222222222,0.9641145398094482,-0.008107682412774042,0.010204386329165278,0.04174439859951358,0.08612041062491346,0.0013030631772301673
Digits,18,Gradient Boosting,Temperature scaled,Feature masking,0.0,0.8118611058506524,360,0.9722222222222222,0.975818824406557,0.003596602184334774,0.0103440158567643,0.04141505888148231,0.081725899942248,0.0013004683810731734
Digits,18,Gradient Boosting,Raw,Feature masking,0.1,0.8118611058506524,360,0.9333333333333333,0.9214585717009612,-0.01187476163237211,0.02410411897903702,0.10603139154856617,0.21900497300834568,0.007845415957332508
Digits,18,Gradient Boosting,Temperature scaled,Feature masking,0.1,0.8118611058506524,360,0.9333333333333333,0.9432190920346539,0.00988575870132058,0.028475628959287798,0.10657448945693611,0.21774151502770778,0.007676350150785284
Digits,18,Gradient Boosting,Raw,Feature masking,0.2,0.8118611058506524,360,0.8833333333333333,0.8605935437717279,-0.022739789561605384,0.04909792422964197,0.1670375960392027,0.3726809546381672,0.01727811966162566
Digits,18,Gradient Boosting,Temperature scaled,Feature masking,0.2,0.8118611058506524,360,0.8833333333333333,0.8918787531998068,0.008545419866473503,0.03041934785849644,0.1659426439597154,0.37002473283263826,0.01744701341019109
Digits,18,Gradient Boosting,Raw,Feature masking,0.3,0.8118611058506524,360,0.7916666666666666,0.8124076790726045,0.020741012405937842,0.054245040217859024,0.2783477331631348,0.6045712085901338,0.05381633258194784
Digits,18,Gradient Boosting,Temperature scaled,Feature masking,0.3,0.8118611058506524,360,0.7916666666666666,0.8508729199923244,0.059206253325657765,0.06739015972845637,0.28288164957967016,0.6261791287488241,0.05309001838861957
Digits,18,Gradient Boosting,Raw,Feature masking,0.4,0.8118611058506524,360,0.7305555555555555,0.7581725866907892,0.027617031135233727,0.07984584434544571,0.38755744542566795,0.8615351293380559,0.1033877823948258
Digits,18,Gradient Boosting,Temperature scaled,Feature masking,0.4,0.8118611058506524,360,0.7305555555555555,0.8108946588322838,0.08033910327672833,0.0944560539742056,0.39608385148979147,0.9031710237061781,0.10287790284115533
Digits,18,Gradient Boosting,Raw,Feature masking,0.5,0.8118611058506524,360,0.6333333333333333,0.7178659760228221,0.08453264268948879,0.08864469659929772,0.5086168352038573,1.147335412090872,0.16922011952398308
Digits,18,Gradient Boosting,Temperature scaled,Feature masking,0.5,0.8118611058506524,360,0.6333333333333333,0.7758306575096546,0.14249732417632133,0.14270140715171847,0.5283647924430924,1.229952481469769,0.16895657169688022
Digits,19,Logistic Regression,Raw,Gaussian noise,0.0,0.8548640843545556,360,0.9722222222222222,0.9475026397857278,-0.024719582436494414,0.02996508131164733,0.04888385832629195,0.10505133497635863,0.0014746508678533108
Digits,19,Logistic Regression,Temperature scaled,Gaussian noise,0.0,0.8548640843545556,360,0.9722222222222222,0.9580536956826554,-0.014168526539566795,0.02528774180170152,0.046901352275964175,0.09881399923713198,0.001476620391175013
Digits,19,Logistic Regression,Raw,Gaussian noise,0.25,0.8548640843545556,360,0.9611111111111111,0.9434474941971006,-0.017663616914010527,0.031262980154472826,0.05655119180972394,0.1161501174410086,0.0020446111226613403
Digits,19,Logistic Regression,Temperature scaled,Gaussian noise,0.25,0.8548640843545556,360,0.9611111111111111,0.9548425163726301,-0.00626859473848107,0.018279104915970897,0.055262118159980486,0.11025136993248322,0.0020591844460361585
Digits,19,Logistic Regression,Raw,Gaussian noise,0.5,0.8548640843545556,360,0.9027777777777778,0.9218611197888275,0.019083342011049664,0.0237559820774889,0.13096121450935042,0.23809336504093678,0.012751139608349582
Digits,19,Logistic Regression,Temperature scaled,Gaussian noise,0.5,0.8548640843545556,360,0.9027777777777778,0.9359122622182953,0.033134484440517475,0.03646085307465735,0.13377135841555518,0.2439279097035455,0.012744825273151157
Digits,19,Logistic Regression,Raw,Gaussian noise,1.0,0.8548640843545556,360,0.8111111111111111,0.8884341502667452,0.0773230391556341,0.0790265792013852,0.28637727411560526,0.7750131754897447,0.064252978932881
Digits,19,Logistic Regression,Temperature scaled,Gaussian noise,1.0,0.8548640843545556,360,0.8111111111111111,0.9053166837328875,0.09420557262177642,0.09567931388503585,0.29204641108264284,0.8603648407529954,0.06458064313798015
Digits,19,Logistic Regression,Raw,Gaussian noise,1.5,0.8548640843545556,360,0.6027777777777777,0.877071454158035,0.27429367638025726,0.27429367638025726,0.6477791479314641,1.958276766442938,0.23133118184836587
Digits,19,Logistic Regression,Temperature scaled,Gaussian noise,1.5,0.8548640843545556,360,0.6027777777777777,0.8949237777469967,0.292145999969219,0.29429116097189234,0.6645601056096613,2.240823869379876,0.2318473847993248
Digits,19,Logistic Regression,Raw,Gaussian noise,2.0,0.8548640843545556,360,0.48333333333333334,0.8799003505442259,0.39656701721089255,0.3965670172108927,0.841330239087625,3.1249947168031817,0.3463653908564297
Digits,19,Logistic Regression,Temperature scaled,Gaussian noise,2.0,0.8548640843545556,360,0.48333333333333334,0.8986292552007036,0.41529592186737024,0.4152959218673702,0.8676699002803738,3.603818843732145,0.3478929966121149
Digits,19,Logistic Regression,Raw,Feature masking,0.0,0.8548640843545556,360,0.9722222222222222,0.9475026397857278,-0.024719582436494414,0.02996508131164733,0.04888385832629195,0.10505133497635863,0.0014746508678533108
Digits,19,Logistic Regression,Temperature scaled,Feature masking,0.0,0.8548640843545556,360,0.9722222222222222,0.9580536956826554,-0.014168526539566795,0.02528774180170152,0.046901352275964175,0.09881399923713198,0.001476620391175013
Digits,19,Logistic Regression,Raw,Feature masking,0.1,0.8548640843545556,360,0.9472222222222222,0.9303122969232624,-0.016909925298959738,0.035738828216345435,0.06967650959887123,0.14117118786307767,0.00302736540363522
Digits,19,Logistic Regression,Temperature scaled,Feature masking,0.1,0.8548640843545556,360,0.9472222222222222,0.9448132460353457,-0.0024089761868765214,0.02025327135845978,0.06862151533494117,0.13254950720502331,0.0029798240189160084
Digits,19,Logistic Regression,Raw,Feature masking,0.2,0.8548640843545556,360,0.9222222222222223,0.8952301896082127,-0.02699203261400962,0.036148446729284175,0.11942527179883397,0.24566530259553143,0.010701637073455561
Digits,19,Logistic Regression,Temperature scaled,Feature masking,0.2,0.8548640843545556,360,0.9222222222222223,0.9161671541459129,-0.0060550680763094,0.03160200004247676,0.11783755209156135,0.23897251488977436,0.010727978632242135
Digits,19,Logistic Regression,Raw,Feature masking,0.3,0.8548640843545556,360,0.8833333333333333,0.8609805658912381,-0.022352767442095245,0.04315969965949957,0.17429212192257146,0.3550582439712404,0.023327495677243043
Digits,19,Logistic Regression,Temperature scaled,Feature masking,0.3,0.8548640843545556,360,0.8833333333333333,0.885954706189797,0.0026213728564636884,0.03562624389731616,0.17259795430329639,0.35223412586333386,0.02309058389483261
Digits,19,Logistic Regression,Raw,Feature masking,0.4,0.8548640843545556,360,0.8555555555555555,0.8261376104119186,-0.029417945143636937,0.06042333825245776,0.22640876801813167,0.48480728910904025,0.044061708936846716
Digits,19,Logistic Regression,Temperature scaled,Feature masking,0.4,0.8548640843545556,360,0.8555555555555555,0.8574238298459735,0.001868274290418026,0.04460066734546607,0.22513745214677564,0.48641628454755953,0.044180294722377736
Digits,19,Logistic Regression,Raw,Feature masking,0.5,0.8548640843545556,360,0.7666666666666667,0.7316238700877079,-0.03504279657895881,0.0670904888370752,0.3329456530294991,0.6890221944365635,0.08167579368797011
Digits,19,Logistic Regression,Temperature scaled,Feature masking,0.5,0.8548640843545556,360,0.7666666666666667,0.7713005369171997,0.004633870250532968,0.06542097680333317,0.33175762583072205,0.6857657794231867,0.08153262097685825
Digits,19,Random Forest,Raw,Gaussian noise,0.0,0.2892919478732786,360,0.9611111111111111,0.7264212915065748,-0.2346898196045364,0.23836622172093727,0.1431976357418896,0.37782107705476875,0.001838138045815298
Digits,19,Random Forest,Temperature scaled,Gaussian noise,0.0,0.2892919478732786,360,0.9611111111111111,0.9649851995443726,0.0038740884332614245,0.02171426725838184,0.04855739240016293,0.09654529250619769,0.0012935544596261988
Digits,19,Random Forest,Raw,Gaussian noise,0.25,0.2892919478732786,360,0.9611111111111111,0.5955899695997497,-0.3655211415113614,0.36654693516215336,0.23922701204933614,0.5810969976700813,0.0026352184622571943
Digits,19,Random Forest,Temperature scaled,Gaussian noise,0.25,0.2892919478732786,360,0.9611111111111111,0.9447534278184668,-0.01635768329264431,0.02713946041383011,0.05535547299156956,0.12338139528344098,0.001947534785609849
Digits,19,Random Forest,Raw,Gaussian noise,0.5,0.2892919478732786,360,0.9333333333333333,0.4971523204264225,-0.43618101290691086,0.43618101290691075,0.3458991799101681,0.7855154398680797,0.012451264737831712
Digits,19,Random Forest,Temperature scaled,Gaussian noise,0.5,0.2892919478732786,360,0.9333333333333333,0.8900088316931528,-0.043324501640180535,0.05024064179636832,0.11654148770604361,0.24175872116527214,0.00913530079260667
Digits,19,Random Forest,Raw,Gaussian noise,1.0,0.2892919478732786,360,0.8138888888888889,0.36664988536154397,-0.4472390035273449,0.4472390035273449,0.523158890434515,1.1541458690311452,0.060591294211533836
Digits,19,Random Forest,Temperature scaled,Gaussian noise,1.0,0.2892919478732786,360,0.8138888888888889,0.7847465151231391,-0.029142373765749796,0.04071646196794752,0.27881706625487385,0.6074875048922508,0.05089320160055178
Digits,19,Random Forest,Raw,Gaussian noise,1.5,0.2892919478732786,360,0.5861111111111111,0.29776185626101875,-0.2883492548500924,0.2883492548500924,0.6642220258439069,1.4867924332486653,0.23259091964320228
Digits,19,Random Forest,Temperature scaled,Gaussian noise,1.5,0.2892919478732786,360,0.5861111111111111,0.6905564426587602,0.10444533154764901,0.10715256833082726,0.5580739324007344,1.20742898063278,0.22199615615856966
Digits,19,Random Forest,Raw,Gaussian noise,2.0,0.2892919478732786,360,0.5222222222222223,0.25736544091710684,-0.2648567813051154,0.26485678130511536,0.7284560728552675,1.6641042181061505,0.29674633100695474
Digits,19,Random Forest,Temperature scaled,Gaussian noise,2.0,0.2892919478732786,360,0.5222222222222223,0.6169177915268723,0.09469556930465006,0.09469556930465005,0.6511984291202743,1.4741173973909851,0.3204949842628083
Digits,19,Random Forest,Raw,Feature masking,0.0,0.2892919478732786,360,0.9611111111111111,0.7264212915065748,-0.2346898196045364,0.2383662217209373,0.1431976357418896,0.37782107705476875,0.001838138045815298
Digits,19,Random Forest,Temperature scaled,Feature masking,0.0,0.2892919478732786,360,0.9611111111111111,0.9649851995443726,0.0038740884332614245,0.02171426725838184,0.04855739240016293,0.09654529250619769,0.0012935544596261988
Digits,19,Random Forest,Raw,Feature masking,0.1,0.2892919478732786,360,0.9611111111111111,0.6251038135529341,-0.33600729755817704,0.33600729755817693,0.22267569140517246,0.5411940828636334,0.0033946575154165416
Digits,19,Random Forest,Temperature scaled,Feature masking,0.1,0.2892919478732786,360,0.9611111111111111,0.9413050062724425,-0.019806104838668626,0.025983522156781798,0.06240700328404075,0.12626068535949145,0.002613727374832103
Digits,19,Random Forest,Raw,Feature masking,0.2,0.2892919478732786,360,0.9111111111111111,0.5264272057879336,-0.38468390532317753,0.3846839053231775,0.32228786281517796,0.7383478587080471,0.015707655911062476
Digits,19,Random Forest,Temperature scaled,Feature masking,0.2,0.2892919478732786,360,0.9111111111111111,0.8995459434558776,-0.011565167655233521,0.027254816111213657,0.12110489838599206,0.2553393977235354,0.012080573659718501
Digits,19,Random Forest,Raw,Feature masking,0.3,0.2892919478732786,360,0.875,0.46272027898020335,-0.41227972101979665,0.41227972101979665,0.3991988310084534,0.8883655255077907,0.029883086576390976
Digits,19,Random Forest,Temperature scaled,Feature masking,0.3,0.2892919478732786,360,0.875,0.8629404246847391,-0.012059575315260918,0.03755780686558374,0.18190457221952805,0.36389309960342636,0.0285080843412051
Digits,19,Random Forest,Raw,Feature masking,0.4,0.2892919478732786,360,0.7888888888888889,0.4025879982363155,-0.38630089065257334,0.3863008906525734,0.49454269896345865,1.0826344015727838,0.08062389391427967
Digits,19,Random Forest,Temperature scaled,Feature masking,0.4,0.2892919478732786,360,0.7888888888888889,0.8121963416927116,0.023307452803822737,0.055649933964430756,0.30490062036526405,0.6237696026223867,0.07694428117576613
Digits,19,Random Forest,Raw,Feature masking,0.5,0.2892919478732786,360,0.675,0.34680183862432584,-0.3281981613756742,0.3301165740740869,0.5883510885686911,1.2875401081264681,0.1521992369290286
Digits,19,Random Forest,Temperature scaled,Feature masking,0.5,0.2892919478732786,360,0.675,0.7503784176725514,0.07537841767255138,0.11216649628982224,0.45319505271367305,0.9512099349937404,0.15515227159867864
Digits,19,Gradient Boosting,Raw,Gaussian noise,0.0,0.7112951245533398,360,0.9611111111111111,0.9574630886397952,-0.0036480224713159037,0.01744276646341636,0.0527348328207861,0.11555083345107094,0.0020281727640865826
Digits,19,Gradient Boosting,Temperature scaled,Gaussian noise,0.0,0.7112951245533398,360,0.9611111111111111,0.9730398785259595,0.011928767414848385,0.018419435268581065,0.05292733080251269,0.11898760175748599,0.00203036988352212
Digits,19,Gradient Boosting,Raw,Gaussian noise,0.25,0.7112951245533398,360,0.9444444444444444,0.9194240675680386,-0.025020376876405792,0.03914718312601137,0.08289992019441507,0.17774121450010366,0.004673512476721625
Digits,19,Gradient Boosting,Temperature scaled,Gaussian noise,0.25,0.7112951245533398,360,0.9444444444444444,0.9508227807118488,0.006378336267404361,0.019509759449118032,0.08087443561326743,0.1666997605493364,0.004351636292056144
Digits,19,Gradient Boosting,Raw,Gaussian noise,0.5,0.7112951245533398,360,0.8944444444444445,0.8658536334137482,-0.028590811030696273,0.03604160613683992,0.1560181661352294,0.3260866936949099,0.021582563754965263
Digits,19,Gradient Boosting,Temperature scaled,Gaussian noise,0.5,0.7112951245533398,360,0.8944444444444445,0.9166516850840446,0.022207240639600112,0.03469462777678388,0.15385303172191683,0.31758445847772365,0.02095489447143887
Digits,19,Gradient Boosting,Raw,Gaussian noise,1.0,0.7112951245533398,360,0.6972222222222222,0.7483876632300385,0.05116544100781628,0.0677462409819135,0.40869499910814316,0.9085559933367905,0.11120323368055524
Digits,19,Gradient Boosting,Temperature scaled,Gaussian noise,1.0,0.7112951245533398,360,0.6972222222222222,0.8250572219407318,0.12783499971850965,0.14118360505228678,0.4316522625769385,1.01686554355051,0.11167008589160814
Digits,19,Gradient Boosting,Raw,Gaussian noise,1.5,0.7112951245533398,360,0.49444444444444446,0.6478312194002137,0.15338677495576925,0.16820757936489017,0.697806095132609,1.6940773483705167,0.33446477878382613
Digits,19,Gradient Boosting,Temperature scaled,Gaussian noise,1.5,0.7112951245533398,360,0.49444444444444446,0.7471322484261914,0.25268780398174695,0.2671084414667358,0.751893463696195,2.0116987454552646,0.33583044052522276
Digits,19,Gradient Boosting,Raw,Gaussian noise,2.0,0.7112951245533398,360,0.4083333333333333,0.6005465818314332,0.19221324849809984,0.20230519647606998,0.780032871012929,1.8645258032823178,0.44308293564971485
Digits,19,Gradient Boosting,Temperature scaled,Gaussian noise,2.0,0.7112951245533398,360,0.4083333333333333,0.706378186211866,0.29804485287853266,0.30421057422350595,0.8488436544664413,2.2031012229017026,0.4444102568368328
Digits,19,Gradient Boosting,Raw,Feature masking,0.0,0.7112951245533398,360,0.9611111111111111,0.9574630886397952,-0.0036480224713159037,0.01744276646341636,0.0527348328207861,0.11555083345107094,0.0020281727640865826
Digits,19,Gradient Boosting,Temperature scaled,Feature masking,0.0,0.7112951245533398,360,0.9611111111111111,0.9730398785259595,0.011928767414848385,0.018419435268581065,0.05292733080251269,0.11898760175748599,0.00203036988352212
Digits,19,Gradient Boosting,Raw,Feature masking,0.1,0.7112951245533398,360,0.925,0.9136841781248689,-0.011315821875131138,0.023094842949216623,0.10652433119030287,0.22461663936232326,0.009141227692161332
Digits,19,Gradient Boosting,Temperature scaled,Feature masking,0.1,0.7112951245533398,360,0.925,0.9467612037368348,0.021761203736834767,0.03228537569267345,0.10746140181122756,0.22367973967143306,0.008555766059265496
Digits,19,Gradient Boosting,Raw,Feature masking,0.2,0.7112951245533398,360,0.8472222222222222,0.8496796957627372,0.002457473540514954,0.04682731030878712,0.20316557761534845,0.4563296025212105,0.03422625882878862
Digits,19,Gradient Boosting,Temperature scaled,Feature masking,0.2,0.7112951245533398,360,0.8472222222222222,0.9000161344382598,0.052793912216037575,0.06213094812170108,0.20387318916565597,0.48419966944012316,0.033473526312413904
Digits,19,Gradient Boosting,Raw,Feature masking,0.3,0.7112951245533398,360,0.8222222222222222,0.8021558456440293,-0.02006637657819288,0.048593886209525115,0.26414364892895714,0.591227347974016,0.04858125091397931
Digits,19,Gradient Boosting,Temperature scaled,Feature masking,0.3,0.7112951245533398,360,0.8222222222222222,0.8657538032649607,0.043531581042738465,0.061140510654312134,0.26315823005600114,0.6232705639256753,0.048243400719071565
Digits,19,Gradient Boosting,Raw,Feature masking,0.4,0.7112951245533398,360,0.7416666666666667,0.750120828311631,0.008454161644964264,0.08103375388322048,0.3870238382675636,0.8534057626916178,0.11323580438955677
Digits,19,Gradient Boosting,Temperature scaled,Feature masking,0.4,0.7112951245533398,360,0.7416666666666667,0.8258936930726603,0.08422702640599355,0.11857895470978234,0.39617746679848087,0.9355817755358067,0.11302014534972771
Digits,19,Gradient Boosting,Raw,Feature masking,0.5,0.7112951245533398,360,0.675,0.6718267213737606,-0.0031732786262393953,0.09620899120374696,0.4583854068660046,1.0611354770841097,0.16878815194576013
Digits,19,Gradient Boosting,Temperature scaled,Feature masking,0.5,0.7112951245533398,360,0.675,0.7688011012891337,0.09380110128913366,0.11765755695657568,0.4637346393359583,1.1387623735507286,0.1655785900122357
